PC1,PC2,risk_level
-0.5010864693741903,-0.36353627307191533,Low
-0.4893228103106483,-0.378989949988696,Low
0.16035687203893056,0.39288110463098513,Low
0.43144727543675176,0.056293603505768564,Low
0.0840930149401366,0.45929489937092927,Low
-0.6017646845214316,-0.3239401273315127,Low
-0.07206010681279329,-0.7737294932113862,Low
-0.5056892463409193,-0.3897951821041499,Low
-0.6513093939310771,-0.2685976198232132,Low
-0.5834280996517598,-0.35503622313184646,Low
0.17437520931111739,0.41309424967045316,Medium
2.1824652707940455,-0.9950172738979244,High
0.031114011041749268,0.460773957983868,Low
-0.5748861548504405,-0.26854411843657133,Low
-0.539234728595521,-0.3247848259447693,Medium
-0.6303634518315049,-0.331710563723041,Low
-0.5499723253836493,-0.34818851777796417,Low
-0.5250211927556563,-0.3786913294452361,Low
0.06240662158885646,0.4697345888273251,Low
-0.6063767360227438,-0.28345407691879954,Low
0.2576976473143092,0.3299672999852538,Medium
-0.5933260086030685,-0.33332234870957744,Low
0.29702609339732067,0.3236961083612774,High
1.7075214951834028,-0.6893106811610291,High
0.1250467132838674,0.4399112580169058,Low
-0.5282974312219908,-0.3733243779363058,Low
1.4948584806192196,-0.6224612926624371,High
0.382871466823104,0.3061737060648259,High
0.0473684215038358,0.4708714234653554,Low
-0.5434698864470746,-0.3369636429126341,Low
0.014113826279092467,0.5037409034490966,Low
-0.1443964791709863,-0.7695137348082067,Low
1.9372129027025682,-0.8249138913700698,High
-0.0852347744011111,0.5401655716519351,Low
0.398550655352122,0.3051914798335705,Medium
-0.5308989176523383,-0.3374215930172758,Low
0.2806881859424114,0.33770549380429166,High
1.7984317765179128,-0.8436044923080774,High
0.05547443880649272,0.4942301786918907,Low
0.20811651615621574,0.38284453702367693,Low
0.05327771277797855,0.4604357016020191,Low
-0.524500657676511,-0.3651499289587213,Low
-0.4953373306410896,-0.3649509606224598,Low
2.182534094724244,-0.963638225761832,High
-0.06262184700980356,0.5370814334822114,Low
0.15421281460861502,0.4392412708402994,Low
-0.5887043375988414,-0.31546940622698255,Low
0.12961308575568753,0.40337153164684636,Low
0.17077032148034865,0.40633218858295184,Low
-0.7107727135289512,-0.21168173433486848,Low
-0.5273022866349543,-0.3611361862966642,Medium
0.023708356670353425,0.4963380638621283,Low
-0.029703429979050677,0.5039915091646866,Low
0.037713885582253526,0.4657513841923263,Low
-0.5721759305432965,-0.3658440092462446,Low
0.3410239756063984,0.3100666790842283,High
-0.0599863680281868,0.5300494240409266,Low
0.01442872599071765,0.4706110252502965,Low
0.0821100590938017,0.4311867182007928,Low
-0.3022386443296367,-0.487202302675415,High
-0.4996763564624633,-0.3687974508305353,Medium
-0.4949469862670458,-0.384743989629635,Low
0.060668969088766234,0.46763450299222054,Low
1.612289602583141,-0.5213090911102778,High
-0.5479756580050957,-0.38660928554092955,Medium
-0.4501099276468228,-0.4275907523783541,Low
0.003445476111662793,0.4892458840520494,Low
0.06667768917680639,0.4145578170084029,Low
-0.5933618926828195,-0.3212821933374055,Low
-0.6387309086038935,-0.2899624616776596,Low
-0.5001329037106287,-0.395943445246115,Low
0.47155113894684,0.053494674974670586,Low
0.07037746623379226,0.4399086440602594,Medium
-0.025626835092986078,-0.8243012819764046,Low
-0.6936666227486027,-0.2143550572968884,Low
0.14764364729232138,0.42245071390344746,Low
0.08112530854737993,0.4621594315453854,Low
-0.5383591699460083,-0.3399055301316927,Low
-0.5375072610088529,-0.3535532794334304,Medium
0.08853716981110549,0.4931926673454682,Low
1.1331230047551804,-0.39252300867297235,Medium
-0.007248672212806784,0.4856282305879204,Low
0.1306907787404029,0.40104681547981613,Low
0.014564655983339336,0.491960261545373,Low
0.1448110756193498,0.4399909364452905,Low
-0.02045634666152596,0.5113142907416703,Low
0.12415835179286816,0.4422427997906234,Low
0.009664957238598948,0.4646925560173847,Low
-0.44658755495151026,-0.3817522757801343,Medium
0.32192487397780356,0.30882383727676327,High
1.7984429933383084,-0.8612668057613959,High
0.05246065024401364,0.45128353407179367,Low
0.32795634924341965,0.3400517231279534,Medium
0.26495115965656724,0.38981539901077766,Medium
1.6921827384000998,-0.6660569922851002,High
0.204110799753478,0.443827737689212,Medium
0.09605132712885167,0.4238757884851764,Low
0.2656798757313541,0.3453037999848544,High
0.024937183483293546,0.4694692233556351,Low
0.3108405515181272,0.36244658074195446,Medium
-0.5350778702395249,-0.3544951093164163,Low
0.027736483491360042,0.5052813565079077,Low
0.01658109771515509,0.49402551386784666,Low
-0.6129852739157338,-0.3247364263898498,Low
-0.5883275985012915,-0.3056406307299993,Low
0.23442392635261244,0.36981229014100137,Medium
0.43365588554545365,0.05915789267149313,Low
-0.007317976698514084,0.4857512691077147,Low
0.0961309464421728,0.4576999167776268,Low
0.05788931891105592,0.4581422005810575,Low
-0.04203594738347505,0.5371922394673921,Low
-0.5442480100558967,-0.35861496643137936,Low
0.07459770700511409,0.4423129316804778,Low
0.45374112084477547,0.016600630271604133,Low
0.6134871205878833,0.1141860222982552,High
-0.62650991050726,-0.3252743047595462,Low
-0.5429749989898109,-0.35061946570012764,Low
0.1858263319233069,0.41178268124925643,Medium
-0.5792791518268852,-0.33854494545817043,Low
0.3389385681045822,0.32617572288447627,Medium
0.3511548427787019,0.31233356427402204,Medium
-0.6395895677726499,-0.26100140323674975,Low
0.11438662283998635,0.3944480358988026,Low
1.9316241721901755,-0.8227869655726322,High
-0.6032579799708973,-0.32344750043440196,Low
0.5963103372384835,-0.012360216179624295,Low
0.01861240060015512,0.48971944440450677,Medium
0.1968377049785538,0.4165623464913667,Low
-0.5718065243555466,-0.3197789344236678,Low
-0.5878949017550131,-0.32189740244938414,Low
0.17123227226841442,0.44909056270270775,Low
-0.5974806069272408,-0.31484904367730154,Medium
-0.03549388173388279,-0.6534798672294708,High
-0.5513466062811139,-0.35735507643012293,Medium
0.00705537778909493,0.5051331948787383,Low
0.4772413608019551,0.04115678486041402,Low
-0.05151792633224872,0.5322845859474871,Low
-0.5165691415743988,-0.3679866646212897,Low
0.28922202357633964,0.3348060812394692,High
-0.01920433418281592,0.525007763142502,Low
0.22399841477568527,0.3587697619130882,Medium
0.30396574933067233,0.3304815437669298,Medium
-0.0920870215322992,0.5520277597667033,Low
-0.5414728410611958,-0.3708504614681081,Low
1.2349857274353957,-0.2959809210847237,High
0.034681337173689486,0.434402063875883,Low
0.05321832355883738,0.4738795269904291,Low
-0.04143926227515943,0.5224256631713112,Low
1.3253166336866442,-0.46123630397207344,High
0.5371745163419177,0.13737157819104467,High
0.1077771154841054,0.42873568700909037,Low
-0.5368753636500798,-0.34924605564734224,Low
-0.6126452421153397,-0.28918125282501234,Low
0.17388395543446522,0.38511702948378723,Medium
2.1505632720722385,-0.9748845016604396,High
0.00691648621597285,0.4941924582470767,Low
1.5958864999887947,-0.6679299275993874,High
-0.5965972364970148,-0.31817331602036947,Low
0.1624062252420615,0.4304317831618024,Low
0.11063660303838663,0.4156003214793408,Low
1.284826772695934,-0.35253975389526154,High
-0.5103284610197164,-0.37770336866931564,Low
-0.34411299178279553,-0.4528417900648851,Medium
-0.670346291556055,-0.25378808617555937,Low
0.04115120792218807,0.43278934474876973,Low
0.11869175975253221,0.41061645464745045,Medium
0.6739452512414006,0.03404952388896798,High
0.6956179099019011,-0.0583432314196049,Medium
0.025634808836635548,0.48870330817330887,Low
0.10716622412444887,0.4418728824024545,Low
0.16511867549422043,0.4468757930122039,Medium
0.03228007614309458,0.4851758847771085,Medium
-0.5279741976391877,-0.3380215068022422,Low
-0.6248945156640124,-0.28592718552175106,Low
-0.004433819506420467,0.479485697906181,Low
-0.41588048323342097,-0.4310225714098982,Medium
0.2471360645028342,0.3831948340818473,Medium
0.04223829853976857,0.42403217659540937,Low
0.12282716386190506,0.44484908034289006,Low
0.6968921588955033,-0.09358850510530631,Medium
0.10707209298255926,0.427373594733489,Medium
0.2338127575428104,0.4009229325893283,Medium
-0.06659134629446684,0.5297553752915398,Low
-0.5416776147194136,-0.35106511089330883,Low
-0.5417552600610915,-0.33621656143777856,Low
0.8995084650012888,0.009196961291153993,High
0.07447106744392573,0.43684481168521694,Low
-0.5646268430258752,-0.32798551792866454,Low
0.06090649113082475,0.5011233447473551,Low
-0.6857469425664027,-0.2364291191698641,Low
0.12114464164837457,0.44100984365557694,Medium
0.23562494893887498,0.3693433150646763,Medium
0.12147159734975443,0.42697921971069885,Low
-0.04000263992453357,0.5313497298091391,Low
0.12481389819234034,0.40995907742586024,Low
0.29404375136622984,0.35026976200376847,Medium
-0.5889871279812373,-0.2956139126622358,Low
1.047888203655196,-0.2886545188575778,Medium
-0.041611490898280534,0.5054100008558252,Low
0.016723037251163475,0.4970830915350958,Low
-0.5589739922757833,-0.3350469579116717,Low
-0.5379652147161192,-0.3628761118117,Low
-0.5408176685306738,-0.3710253884893244,Low
-0.493987963043947,-0.38339213780286957,Low
-0.6339207511578309,-0.27535323721406346,Low
-0.5949639362061969,-0.29958798117416663,Low
0.17735769656847644,0.37579377373827383,Medium
-0.3877609541228005,-0.43973665301061526,Medium
0.1397583938910335,0.4129507985475699,Low
0.7214376960132876,-0.10493164603975791,Medium
0.1730150938551931,0.40455740057366785,Medium
0.42732851609357225,0.2688728077325871,High
0.0056196100597678544,0.4587335765108561,Low
-0.5454609812858443,-0.3463457606538085,Low
0.04639425834972977,0.4609590071394395,Low
2.0369533217822555,-0.9941431007378235,High
-0.5003445162818432,-0.3362193695915889,Medium
0.12708536969118844,0.4156597128333491,Low
-0.577681052313933,-0.3159259495295418,Low
2.0108192658455586,-0.9010991665536199,High
0.7164641578587221,-0.09342825418367207,Medium
-0.03817280489328234,0.5419945651378988,Low
0.09910050492310896,0.41107030520758825,Low
0.015463690424665943,0.5206489260354337,Low
-0.03018033612778903,0.49829367441609196,Low
0.13056437751510575,0.40049740581624527,Medium
-0.5588638847836879,-0.3469035417303826,Low
0.18079483189236845,0.42254001066712366,Medium
-0.6094821497023702,-0.3176975976619182,Low
0.11691442920752282,0.44404226250457546,Low
-0.6582255905738239,-0.2741114046008287,Low
0.2866943796910557,0.3549419202364157,Medium
-0.6078339878387524,-0.3198154315316214,Medium
0.07946075439187061,0.45501085710401223,Medium
0.544712493658209,0.009407936150911123,Low
-0.5976569708128076,-0.34757531958582333,Low
-0.5201104337212795,-0.3212844866183048,Medium
0.19983452305719296,0.4061570550475031,Medium
1.903134555397189,-0.7848683488801943,High
-0.4996337173342573,-0.38742247029803845,Low
0.12335358643317618,0.46249858797600585,Low
0.15507360420184857,0.43620223552800663,Low
0.135836257508535,0.43096910192541027,Low
0.07388941865041876,0.4396917389413362,Low
0.18181915248224811,0.4135813696324152,Medium
-0.05766660669452417,0.5225285578721814,Low
0.012155220709036962,0.49098281832701196,Low
0.1175948953380157,0.4368931106372458,Medium
0.5728944002014811,0.020932928246349014,Low
-0.5502064687931494,-0.3340222195548972,Low
0.243251594107726,0.382518071674251,High
0.1649047373400746,0.38170434544036924,Low
0.7372834434979654,-0.06999867898341394,Medium
0.28988545174306146,0.38449116270537687,Low
2.12751485548032,-0.9681604356595971,High
-0.6135519929777219,-0.2982689650308601,Low
0.2818440512160857,0.34403674687440267,Low
-0.08826840893399868,0.5302750733959232,Low
-0.41366243523346324,-0.4262662827574127,Medium
-0.02839223261861895,0.47693952747646384,Low
0.03465690056767762,0.4939716848798271,Low
0.2327287896086091,0.3808070132824942,Medium
-0.688658860811892,-0.21718967855973337,Low
0.09793055958964375,0.491364002198009,Low
0.011977000644975533,0.5055171939682019,Low
1.663514134308149,-0.7295708788304968,High
-0.1572656150347467,-0.739002394075288,Low
-0.5907764935151459,-0.3156096664069119,Low
1.814554527103822,-0.6718511954753111,High
-0.541942161856173,-0.3511098475254838,Low
0.12579669740040744,0.4040998823576475,Low
-0.6632993174523385,-0.24988159777104224,Low
-0.5156577384310905,-0.4029329542450485,Low
-0.6339921504144357,-0.29928465963146733,Low
-0.6458083393535957,-0.2675648500850649,Low
0.08051931912186244,0.42477159799097697,Low
-0.5915407099669168,-0.3166585530723518,Low
1.72140139710679,-0.6629385998338105,High
-0.6006636258415212,-0.32242112030222525,Medium
0.09160321739621002,0.4583958162715601,Low
0.0013094060916191141,0.472287049462762,Medium
1.6090587634546927,-0.5459557241047359,High
0.3809581346262164,0.08279776216862739,Low
0.05773283375802385,0.4943355765011047,Low
0.8226957881153296,-0.13057418040551327,High
-0.02542903219424919,0.5463407973158961,Low
-0.3259450833937445,-0.4589926184856499,Medium
0.03500672247422154,0.4741741391002888,Low
-0.5476894332059932,-0.33978947841660023,Low
-0.5437004257386907,-0.32986341428315913,Medium
0.11562971876514061,0.457992313277904,Low
0.08337905439815507,0.46521280937187637,Low
0.005984633725774291,0.5064707323045675,Low
0.17331927489068322,0.39775866374212465,Low
-0.5716360729732295,-0.32509780931000815,Medium
-0.6370226423962847,-0.27103118983872526,Low
0.1751986851638394,0.3885390979975195,Low
-0.5662764184021447,-0.3260235869671083,Low
0.06469316207151621,0.4392201938823679,Low
0.1711339602474029,0.37294163248785317,Medium
0.0281657916499376,0.4877437974263352,Low
0.20199259810411907,0.4045799306523581,Medium
-0.5581609244623078,-0.37885565957380846,Low
-0.542907977451512,-0.3556561615472634,Low
-0.5813480115766132,-0.3517152763726815,Low
0.11512672479596575,0.44029777267715264,Low
0.0782043890444391,0.41048977200761916,Low
0.19675301269847423,0.4112012553516482,Medium
-0.514430758590075,-0.395439301466291,Low
-0.498682635696282,-0.35921362803959433,Low
0.18882559614847483,0.39879992813605714,Medium
0.026484400467872482,0.4465179143697887,Low
0.2840087512823869,0.3297571529073106,Medium
0.19298614801842062,0.35998518202057483,Medium
0.16045705292542933,0.3843797184464397,Low
-0.009786787499415417,0.4783722843662085,Medium
0.08321109468667309,0.41371890934307887,Low
0.04519327220037106,0.4736024321719977,Medium
-0.5519734765325521,-0.3681464228432533,Low
-0.008097031000676158,0.49312375986381607,Medium
-0.05142918396504936,0.4970018030036417,Low
0.019401321586491327,0.4573292655901118,Low
-0.06561230249265393,0.5262776128432011,Low
-0.11496085012465507,-0.7935465572994526,Medium
0.02310231348391656,0.5035135870901981,Low
-0.6045218911930026,-0.2946193410495848,Low
-0.5515027586120028,-0.36491161370748937,Low
0.19082817893868897,0.37885488505075493,Medium
0.05198329936371254,0.4301829937914332,Low
0.03446518624549011,0.44882034095739165,Low
0.2693687292258451,0.3504651824158319,High
-0.6460638445559491,-0.2701497341614366,Low
0.09531180294515706,0.43976981908155166,Medium
-0.12005848269834452,0.5536955628630076,Low
-0.5561917314484973,-0.38365922982313183,Low
-0.6036053396676271,-0.31860700182187707,Low
-0.5790230310882887,-0.3229960621705966,Low
-0.046717119704441035,0.5059866672710059,Low
-0.4607778334587985,-0.4420298787191512,Low
-0.5916959669766049,-0.3207888674966687,Low
-0.5964884825329022,-0.2947391951973828,Low
-0.5803308256307231,-0.3209882162242482,Low
0.037574796043874925,0.460394737804935,Low
2.056119789796318,-1.000738575681385,High
-0.6118211729127141,-0.29909810471940457,Low
-0.5200422217353087,-0.36627311982141786,Low
-0.024397908644218202,0.5053165863718061,Low
1.5359986401409043,-0.5910929243972425,High
-0.6009562170536508,-0.2918359360457078,Low
-0.5488417652589446,-0.3311566831486812,Low
0.10638479032519077,0.43099888854130075,Low
0.05563659566650497,0.40881390922502614,Low
0.3464218289879234,0.3004507813982547,High
0.03851407431515125,0.48054894077618204,Low
0.05663023068197709,0.4430857785564394,Low
-0.5653549304858396,-0.3355904180604742,Low
-0.5677987764724574,-0.32445453090472803,Low
-0.028440274308371816,0.5023785136381069,Low
0.02783183432698616,0.4553328772936912,Low
0.24514657073825874,0.3900621041238431,High
0.013075317301805,0.45772782239742893,Low
-0.09940155580006627,-0.7642997812609056,Low
-0.5825291908962699,-0.30916516323928345,Low
-0.5490120764504599,-0.34503373838978124,Low
-0.4625359444875329,-0.39654615716898683,Medium
0.07491386361408647,0.442987013575046,Low
1.6985552728606887,-0.5873936566225415,High
-0.6601092028013749,-0.2805348050198409,Low
0.05606005948933512,0.4553305317886627,Low
0.035760989696503986,0.4751946491023653,Low
-0.5577731085800908,-0.34019290247043926,Low
-0.4840757751628267,-0.39906966110721903,Low
0.008982003446292963,0.44864099305374705,Low
-0.52994942526531,-0.35626585178567305,Low
0.545774728760553,-0.0010704114463495062,Low
0.08381879088521565,0.44230963125471723,Low
-0.5687726875996686,-0.3395698140670791,Low
-0.01628039567066042,0.4846808029388979,Low
0.4585120935017193,0.02802931220424726,Low
-0.6106909526445603,-0.29622611130374626,Low
-0.47473511467027574,-0.35707417366873984,Medium
0.19435536460603853,0.393570486407522,Medium
-0.6071131930663689,-0.2651036646124866,Low
0.177248118415418,0.44768051094250383,Medium
1.7738282056574193,-0.8439753485699061,High
1.63622093927145,-0.6953860747601379,High
0.1999560206541725,0.3703069085977112,Low
0.8510099890227243,-0.13859596715023198,High
0.12021179220288791,0.4217518355630868,Low
0.007379602778774141,0.49060648219001834,Low
-0.46821285813900726,-0.35731268200236665,Medium
-0.3875224539624784,-0.42531876130047774,Medium
0.13781129212581034,0.4518751834761562,Medium
0.8225647123619073,-0.11626853912315088,High
0.10574812028730807,0.4258376534534888,Medium
-0.5740094874462708,-0.3168184199745886,Medium
-0.5813685370030773,-0.2843688566905316,Low
0.35553549912689664,0.3125175200849626,Medium
0.2568039322017418,0.35961338848398117,Medium
0.3208065580638728,0.30308912217962203,Medium
-0.08906246816772678,0.5662097632550828,Low
-0.021324226522774214,0.49607601493020026,Low
0.21036821047884913,0.3790385768333221,Medium
-0.5436495284131545,-0.34286739034374547,Low
0.10180605246696539,0.453228919291612,Low
-0.012104877365463729,0.46608084879060707,Low
0.2983675864100619,0.3787666732681255,Medium
-0.6408266361098733,-0.3048032449284993,Low
-0.562877286130328,-0.3545896468370081,Low
0.12881100946298019,0.4041036394132397,Low
0.054997353289926665,0.4255847073604534,Low
0.2150571488190932,0.3955008463386558,High
-0.6581462565316021,-0.2442770627182198,Low
-0.5452688817337088,-0.36003993185092964,Low
0.27074381568070083,0.35800745462583994,Medium
-0.006049500378468853,0.5117466473397381,Low
-0.1097420736754392,-0.7529722860800391,Low
-0.4637566896602661,-0.3917705545653788,Low
-0.49819110802568256,-0.3867024873984048,Low
-0.5770603309474318,-0.3610687725244326,Low
0.5899571427220283,-0.0028522071223974765,Low
-0.10975440797727465,-0.7768955676459982,Low
0.14623099863635491,0.4216970001956698,Medium
0.0784773263416636,0.42587349860271206,Medium
-0.5110398119464757,-0.3916065249093409,Low
0.3909415037330033,0.30462996728421776,Medium
2.161596592485239,-0.9747928683116196,High
-0.5754225839167221,-0.33910983228961367,Low
0.27220067237816314,0.37088372572588146,Low
-0.6217932833802149,-0.29449779308799895,Low
-0.49338984207712594,-0.3824891067302303,Low
-0.6946520992424206,-0.23484197555532793,Low
-0.6290638110230572,-0.29176304032763545,Low
0.10418286023177192,0.41193952608294837,Low
0.45718566207908706,0.05738888526009139,Low
-0.5584841997494572,-0.3602158572813515,Low
-0.07606725192478364,-0.7916478318620453,Low
-0.7092595530657324,-0.22770893169704587,Low
0.20666376015482724,0.4418864228175886,Medium
-0.580161396118826,-0.32026958332136884,Low
0.2129091972802467,0.37453711034571313,Medium
-0.6018852362620936,-0.3672604872826343,Low
1.553148978254691,-0.47341929458061144,High
0.2072219656411044,0.3666765851685688,High
-0.5178587335842495,-0.34139582045339534,Low
0.33165319951775707,0.32864782846837415,Medium
0.19171564294174936,0.36679524328589996,Medium
-0.5949997464488918,-0.31710779180253945,Low
-0.4549728626524223,-0.38539657101778163,Low
-0.6491337496908198,-0.2726647086046897,Low
0.10740033829595985,0.44203583820222037,Medium
0.20807092185192866,0.36707413605603934,Medium
-0.001092959391954973,0.5132303005655676,Low
1.8564304922269634,-0.7478527757610257,High
-0.6982282293465599,-0.23889931421482385,Low
0.011147301897014239,0.4930917656881383,Low
-0.562826816957175,-0.3364763116880461,Low
-0.630940183375082,-0.28267536213597433,Low
-0.6070731940359785,-0.3095880116206901,Low
0.041256938664274934,0.5005984731710854,Medium
1.3580889445424595,-0.5051090125513127,High
0.12856646173251396,0.4177844289519136,Medium
-0.5851872396849478,-0.3252888655460989,Low
0.3776770401400281,0.32609796073590064,Medium
-0.042865410746016186,0.49584520740803883,Low
0.16436982070984552,0.42742690498040947,Low
0.09643946426003636,0.4296105563225958,Low
0.3113474848183365,0.31620254630069006,High
0.04418261760444958,0.46729365098119036,Low
-0.44024636121526584,-0.40338563742754385,Medium
-0.4239039810128928,-0.42954887525518703,Medium
-9.87602067786808e-05,0.5304789028926459,Low
0.03443382862436717,0.48208863005168434,Low
0.09098460902876798,0.4263314773084512,Low
1.6939314952825317,-0.7010697643125058,High
-0.633073270786328,-0.28498456417156803,Low
-0.4704862168567803,-0.3745416697226653,Low
0.18704571617330668,0.38080772370202554,Medium
0.5322834910788565,-0.027960152986657494,Low
0.1364837635574766,0.397298475843901,Low
-0.54494446401108,-0.32785777412991124,Low
0.034991569386817245,0.479658763883814,Medium
-0.6140929077998682,-0.2663573856537832,Low
0.1707833554616719,0.42299277397086865,Low
-0.5378393111965667,-0.3209133831133586,Low
0.05352459585766817,0.4927045473717456,Low
-0.6671196125662072,-0.2550490442079921,Low
-0.5696613176564485,-0.3181298610457294,Low
1.7856932692166267,-0.7672152221698171,High
0.3170208616459762,0.3225365228131657,High
0.12193335299698838,0.44875158586909913,Low
-0.22341439393818807,-0.5582559885529916,High
0.310107111795342,0.3651083592811003,Medium
-0.02171071918714118,0.5091032803054805,Low
0.7927682068837874,-0.16250512120286098,Medium
0.21094523271100696,0.38631053985091823,Low
-0.643567480818213,-0.2866462494852763,Low
0.036726404098262,0.4710933204685652,Low
-0.05418600484684177,0.5296779884159727,Low
0.09550393358536802,0.47229308547027904,Low
-0.5356389265172464,-0.4043040509442738,Low
0.5244921763836075,0.021459989514972355,Low
-0.6641222517540455,-0.24774240343863066,Low
-0.5688877528980508,-0.33284566348609057,Low
0.12370705452082431,0.4374561404041286,Medium
-0.014097664176742852,0.5024641426683865,Low
-0.03666197818934014,0.5139638628732207,Low
-0.5477678047057785,-0.3239877073083339,Low
0.2136801723613928,0.3874148181809758,Medium
1.8923223851979472,-0.8750845207977294,High
0.049711535096618076,0.46157629302307546,Low
0.3202149187262857,0.3269852913613455,Medium
0.27318073587254077,0.3719585405943645,Medium
-0.023213805116661046,0.5178023495340015,Low
0.09777225545935586,0.4578814833199941,Low
0.0436731995871148,0.46841255982226726,Low
-0.5404739521996372,-0.3442056421082878,Low
2.040139214690358,-0.9065408493913977,High
0.16092778127022012,0.42737818338621614,Low
-0.4663997537845381,-0.4292730494073438,Low
-0.6540677267052666,-0.23761063202520713,Low
-0.5508236892993228,-0.3493316627482572,Low
-0.6349329877459922,-0.305612818430066,Low
-0.4439459445815088,-0.41605756575845765,Medium
-0.04381896306138566,0.5210385363866098,Low
0.027793999242487488,0.5283903790880898,Low
1.0678965260087707,-0.16331225436004548,High
0.08567275848362615,0.4568819153211058,Low
1.5836560329488842,-0.6693516142478751,High
1.8768755823091279,-0.7936251602131069,High
0.09432514159646288,0.4183393884269173,Low
0.0743536304881024,0.5006626249579251,Low
0.28360589462704455,0.35464671637914336,Medium
0.18522626490480365,0.4073451037227579,High
-0.030729993969343283,0.5106450662782243,Low
0.29312637799763375,0.3448150609820647,High
1.005077027619213,-0.29452299447449987,Medium
-0.6124507290132318,-0.2994556569206124,Low
1.8983208758840375,-0.7736833101440405,High
0.1018126244099245,0.48282422852632567,Low
-0.29038185980546233,-0.49655591587458114,Medium
-0.6192192145842652,-0.33818328694510486,Low
0.25822839048187407,0.3257630202698023,Medium
0.1641116202979458,0.3671487641895337,Low
-0.671394987926478,-0.22932732058553368,Low
0.04931632149849696,0.4919005553529009,Low
-0.6073494630436358,-0.3164386304470564,Low
-0.5846381219220276,-0.3377115212820377,Low
0.09055515029202932,0.4318885797722718,Low
-0.0156069805768565,0.5020782934085488,Low
0.05628824048609238,0.4364044409065915,Low
-0.04216911423023473,0.5131978170069582,Low
0.10744550650382223,0.42858489212582496,Low
0.06230772113590061,0.4423012359492424,Low
0.1435334128472746,0.4062555302020199,Low
-0.6108682096995837,-0.3213616091413222,Low
-0.6248999054902745,-0.3032020174289113,Low
-0.615615117683648,-0.323774434203239,Low
-0.5907001452062086,-0.33150853420707155,Low
1.400911456522506,-0.5699094791999576,High
1.4887181138384136,-0.5979906220226843,High
0.04975869987134779,-0.885943040925043,Medium
-0.5124754880715284,-0.36287922450507415,Low
0.04057427924482282,0.479341260380418,Low
0.42518857367403007,0.2519877590398556,High
0.054469866178618376,0.4806693941003761,Low
1.9153723270652578,-0.9110325615285438,High
-0.519493989088128,-0.334087828655442,Medium
1.1271214355396115,-0.3644565075448645,High
-0.006169796565990759,0.49570169228980354,Medium
-0.4313743187572272,-0.3914029256118675,Medium
0.4300239174044602,0.04775462892692445,Low
0.139212658156881,0.4126238208814391,Low
1.2181622623834867,-0.23921632779391955,High
0.11143699069363655,0.4312747186823547,Low
0.014633393920980287,0.543981534063072,Low
-0.5188484290816551,-0.3583814442720284,Low
0.1528131554267299,0.40081722446168433,Low
-0.017759117846271932,0.5177848289110792,Low
0.1246025638237771,0.40794897445701983,Low
-0.530750382282113,-0.34063179260345433,Low
-0.5946132204182489,-0.295615978762028,Low
-0.47816004211951957,-0.3799489545533421,Low
0.45326594044245594,0.03786008525306633,Low
0.16473742215858,0.3975979494085343,Low
0.00788321394197733,0.46359008432005844,Low
-0.5753270777997161,-0.33237030917982,Medium
-0.6331134553646446,-0.30822573971981926,Low
-0.4346720789391789,-0.4325010684886409,Low
-0.6305166693763005,-0.2879604731155898,Low
-0.3665561921037379,-0.45520532651370943,Medium
0.14848911074809235,0.41751893333193957,Medium
0.31080134639414814,0.3242111150707949,Medium
-0.5035103714381127,-0.37026961582361295,Low
0.07462097688570535,0.417705364007399,Low
-0.47216162065977857,-0.37633976866766594,Low
-0.4351511613662682,-0.4021915821723596,Medium
-0.6242452283504993,-0.2941277859927166,Low
0.13868015576248127,0.43290170017763885,Low
-0.5122064857250035,-0.35816020127357606,Low
0.11515326767570333,0.421299750994901,Low
-0.02433784090470137,0.5162909153139259,Low
0.14955632822470055,0.4188785823086234,Low
-0.534163233746648,-0.3587947978624999,Medium
0.12265180179602586,0.4476546824148079,Low
0.15344946761055422,-0.9079555977204492,High
0.18446274629614712,0.42065883059460185,Medium
-0.5888556179817,-0.30063076576549175,Low
-0.6495473485253563,-0.2395477313596418,Low
0.43742852084891815,0.26410876605230243,Medium
-0.6385500399483913,-0.2963251350815018,Low
0.16288011950662618,0.4099901136966031,Low
-0.5349606081843412,-0.35013072018118807,Low
-0.6235763466895625,-0.31593757273027967,Low
-0.06099474839064967,-0.8346948034438536,Low
-0.47184101965118147,-0.39446025928467765,Medium
-0.6079843957012101,-0.321396312380507,Low
0.1927037522018531,0.3589125132207418,Medium
1.438619143522465,-0.3638455962440308,High
0.17930116515885552,0.39871736748443365,Low
0.1781087284464823,0.44246355694122474,Low
0.07129386889451234,0.46162391884522047,Low
-0.04279798445297189,-0.8313112376065177,Low
0.09751338337128901,0.40588450222347017,Low
0.5610225437360508,0.006503407868303113,Low
-0.42229362493305705,-0.4188906365009092,Medium
-0.579109013915079,-0.3195162826502496,Low
-0.6208436451048513,-0.3045813574166059,Low
-0.6023849905133928,-0.31323573916157754,Low
0.1013176817151149,0.39546796647466376,Low
-0.6637339853050757,-0.24745584043410712,Low
-0.14875860019620807,-0.773962296176573,Low
1.888202394624148,-0.7735322456296992,High
0.07372286051514959,0.44198980747429495,Low
-0.5410988491894897,-0.3177378464472854,Low
0.10773033400576493,0.4616885267819528,Medium
0.0003484087710277084,0.4548420703721682,Low
2.06047239902019,-0.8386038795875002,High
-0.5906275297450496,-0.2961992860146445,Low
1.1006043780297696,-0.3803576625181329,Medium
-0.01712401457416679,0.5090122491398416,Low
0.6733401333494868,-0.06560569353788498,Medium
0.10221720120057742,0.43801270137809334,Low
0.04957319017477074,0.4965817739697588,Low
-0.555112967841522,-0.3298110754798045,Medium
0.3193113557322552,0.36550640004324897,Medium
-0.7271758203102359,-0.20597971922698827,Low
1.6795597967938598,-0.6468873126978868,High
-0.6526243158282277,-0.2896709027256709,Low
-0.4594121391520916,-0.38116185113791257,Low
-0.122803840091814,-0.7705806033418029,Low
0.11018646182152736,0.4099374425189103,Low
0.2621672053978906,0.34238748830564236,High
0.2443527866598667,0.37505601404983724,Medium
0.4817633517789971,0.011199387710647157,Low
-0.5801360847782835,-0.32274539188458007,Low
-0.5112031474043658,-0.3834907346798727,Low
0.038256207017999255,0.4616666438949425,Low
0.345614514499589,0.33475331175284406,Medium
-0.5423418771522177,-0.33301445234958194,Medium
0.3157586797859351,0.37024605890181284,Medium
0.21054881863058306,0.39613839171304044,Medium
-0.566011688119319,-0.33874290278848973,Low
0.0516398195326937,0.46773682009959716,Low
-0.6711259474149643,-0.2610622003145035,Low
-0.5644896216770389,-0.3571408279221217,Low
1.8710143597597189,-0.912346939368942,High
-0.17843813386115634,-0.7371996134704369,Low
0.020165328500046265,0.502077751777098,Medium
0.1422846904268139,0.388427940152267,Low
0.3949944688905519,0.28137653746865443,High
-0.6863779085379865,-0.22583797177213893,Low
0.26224025946365703,0.3805509004542018,Medium
-0.4471884892575644,-0.3697787642849003,Medium
-0.6530583598438864,-0.25146598304124446,Low
-0.5836163967580241,-0.343334956286037,Low
-0.37388286099356144,-0.4237016756270251,High
-0.19511624354118956,-0.7257888428632954,Low
-0.5554937829034443,-0.35404304220042815,Low
0.06406261873665853,0.4191910687050915,Low
0.300040872413603,0.3303586775233855,Medium
-0.5251670993597599,-0.3300641654231145,Medium
-0.5756918866069201,-0.3038950109935911,Medium
-0.584382080258203,-0.33891015034823696,Low
-0.5733633793983931,-0.32002350537352986,Low
0.002623027886424878,0.4563746991781136,Low
0.1613261966583418,0.4379026054141685,Low
0.023607604951795202,0.4940573072751395,Low
0.08992179915316051,0.4342994959052481,Low
1.1500490851487015,-0.22489495468126247,High
-0.6228116325851848,-0.3015892564744775,Low
-0.4829164208114919,-0.4137982804991411,Medium
-0.5561168473330824,-0.3513066397108415,Low
1.17357868207766,-0.34338971508182753,High
-0.5937206107688676,-0.35283171145943326,Low
0.02461536867987668,-0.6869326363443764,High
-0.4650608200481521,-0.45196115579602697,Medium
-0.6555989830361864,-0.2734385686522911,Low
0.0638929895466781,0.4162029049874528,Low
0.03422044908438504,0.4693822232159601,Low
0.12202674678021141,0.472489278256521,Low
-0.5855921299432439,-0.3446336907888708,Low
0.2607526508486736,0.3955341249355476,Medium
-0.6743692910398604,-0.2619457031613265,Low
0.18646414561047409,0.44812879283437024,Medium
0.0733954600496865,0.450729676128405,Low
-0.5747048785915392,-0.2932757622149563,Low
-0.030135491163985784,-0.8414853086976066,Low
-0.07929316232088518,0.5586878243669451,Low
-0.14605988968571437,-0.7767188589344026,Low
0.3364147172798312,0.3267949036803617,High
1.6141488263320591,-0.7209908240209763,High
-0.013719900086984205,0.49738453588173337,Low
-0.4798433194184665,-0.40234567648344666,Low
0.00946336528479319,0.48700936941459605,Low
1.433339463438161,-0.45987304974126403,High
-0.02498507505737535,0.4890374846672805,Low
0.1251771852308401,0.4343702206126919,Low
0.1456949075486046,0.4308775192152947,Medium
2.042163709881785,-0.9517158263151622,High
-0.5982397715249358,-0.3174401421673969,Low
0.02640943605519641,0.517218021448646,Low
0.08987544610934206,0.4658347835397486,Low
-0.3766276091645213,-0.44898047767398086,Medium
0.20898329912015368,0.436152625147497,Low
0.08004422534499722,0.43712492098506595,Low
0.291127683109097,0.36490207378367545,High
0.05208221491034437,0.46018031965528194,Low
-0.009700184395816769,-0.6638610631466089,High
0.15960642591314922,0.4107906250404857,Medium
0.3363769791810739,0.3349143093633519,Medium
-0.5238404097868319,-0.3512417726972039,Low
1.9108779512056342,-0.9150016166313095,High
-0.5111496693315454,-0.36488748387150516,Medium
0.2630452851561129,0.32421087262299547,Medium
0.09085654649994779,0.43626105041700536,Low
-0.39513182886469095,-0.4714877477784872,Low
-0.3992097033358265,-0.4263979697264651,Medium
-0.08036865594712295,-0.8313427084517302,Low
0.02740858428674353,0.44149110797141455,Low
-0.6212206282755504,-0.2727420606159269,Low
0.12113329082793511,0.44322765457009883,Medium
-0.004041262095817344,0.4911200289246299,Low
1.5894484506724649,-0.5813960168759456,High
-0.44810433254102855,-0.441421597685035,Medium
0.19246958872139497,0.45201329079928165,Low
-0.5467980525759765,-0.3658730061493694,Low
-0.0047233595456838695,0.5173981397509033,Low
0.16583956633790697,0.4516388688235925,Low
-0.6603310003796841,-0.25894481201846187,Low
-0.5766044218240866,-0.2970422358858797,Low
-0.5823528476069226,-0.29723270271363744,Low
-0.6475356023099671,-0.2672737022791226,Low
-0.5728592301886375,-0.35385069478930525,Low
0.2805765612111544,0.37813247675596895,High
-0.11714462104084605,-0.7790934712690692,Low
-0.5582076580434656,-0.33980031213083794,Low
-0.502530751286518,-0.39837490433940753,Low
1.4451549472667333,-0.4722999365901392,High
-0.051156562520017046,0.4821561089980194,Low
0.08678379230035294,0.44668592860522394,Medium
0.06948710512000644,0.4584241181563602,Low
0.00235782517771288,-0.8521442517244291,Low
0.3637325841781862,0.33631492025137566,High
-0.583565129297425,-0.3480750510349293,Low
-0.4087303368513185,-0.3838355051144735,Medium
0.2157319297563629,0.39176436036153217,Medium
0.5588996553471767,0.004547559628795883,Low
0.3103576255648419,0.3662664202512892,High
0.4888126556888678,0.02402992011014954,Low
-0.527869644074864,-0.3831131377196921,Low
-0.03504030975625816,0.5027036721159678,Low
-0.5577047958564403,-0.36395886508924963,Low
-0.5548992010293925,-0.37376594297333265,Low
0.23271684128622816,0.3575678819023237,Medium
-0.02165768130119128,0.507197747014653,Low
0.08282150583745967,0.46071782278226825,Low
-0.5897908251336555,-0.31288869587607604,Low
0.04760629465987298,0.4693016147196557,Low
1.4585744391588082,-0.562960948774748,High
-0.4317307790955788,-0.41416435679643293,Medium
2.0467178249803837,-0.901734308554811,High
-0.6097279616492377,-0.3231688008661987,Low
-0.4755068139616855,-0.3706815172276515,Low
0.16116319188157557,0.3828697507292772,Medium
1.7985693289598659,-0.6599141077348891,High
0.1900396066337342,0.3394139345334505,Low
-0.3978007041614217,-0.4519038301989254,Low
0.07633428885476906,0.45117056269747036,Low
-0.6520381089052647,-0.26660010066589146,Medium
0.08160675450346178,0.43323574575487434,Low
0.2039898888263696,0.3768523403831593,Medium
0.1938763939985353,0.40133382105987614,Low
-0.5467043063297707,-0.31799005046380835,Low
0.2662621515552206,0.38743211990123816,Medium
-0.5927806166638174,-0.3547985181120654,Low
-0.40198441978173743,-0.4006998045514739,Medium
-0.5812694138741439,-0.3289412408387369,Low
0.3202728209443486,0.337687687004669,High
-0.5472117811108901,-0.35044118720704964,Low
0.06477195634227645,0.4441418682444558,Low
0.04910780422688149,0.48448537659818647,Low
-0.4998918641275425,-0.3725838152455123,Medium
0.11837753364183257,0.44944948032851983,Medium
0.09012070590885507,0.47727173786301946,Low
-0.5952529108743515,-0.33167294074950515,Medium
0.21453418106429212,0.37473024231086816,Medium
0.12506217393838392,0.455607134740457,Low
0.08925349218764911,0.4243824528579875,Low
1.0005322768668001,-0.30608486297279164,Medium
-0.4662620455218055,-0.39323018888141387,Medium
0.1175593515728307,0.45297674809715793,Low
0.07578915637638584,0.43359472638567553,Low
-0.6180847907535436,-0.3105221585431215,Low
0.053253109831307266,0.44009924704529324,Low
-0.6736926898294899,-0.2421425263220064,Medium
0.016047133645302747,0.46886076375622177,Low
-0.5163137264633897,-0.41813367542127117,Low
0.29492941683012786,0.3708941791074465,Medium
1.488384330434909,-0.627281867874198,High
1.463839172411318,-0.31405331087279276,High
0.1162892228822402,0.386814602856827,Medium
0.7571615048681604,-0.1014489726738062,Medium
-0.6130998813950883,-0.3115690863411694,Low
-0.6055958764465329,-0.3200219835446099,Low
0.1738339557890396,0.3695898411675661,Low
-0.13727814979766034,-0.7843785529051267,Low
-0.45337237741489783,-0.361614871934941,Medium
-0.5545792862650993,-0.33729319500664173,Low
-0.5807835879453924,-0.3399458211971089,Low
-0.6275578546551838,-0.2827416003651604,Low
1.0063161748349059,-0.276948481167761,Medium
0.04285706162410685,0.4807196886898182,Low
-0.5458930742233049,-0.3953915144951149,Low
0.10682948434920991,0.4438086217810725,Low
-0.5463705409009043,-0.3511105890890547,Medium
0.9146772136904826,-0.22059144510853895,Medium
1.1427714040225074,-0.3015494591982871,High
1.6446721170331486,-0.6609747608249539,High
-0.4233362541544739,-0.3857615365341095,Medium
0.20806936537996767,0.3747317788809418,Medium
-0.5750199229385965,-0.3661708547991284,Low
0.02383749507161348,0.48200859221294323,Low
-0.5386742856018449,-0.375733933025163,Low
-0.5855314763711117,-0.31262469875860244,Low
0.3301385569658841,0.3160236817530642,Medium
-0.5929414212103812,-0.33410766214247867,Medium
0.6183083095151722,-0.051816098634030416,Low
1.984242942436402,-0.8844291185651029,High
1.9495171379081053,-0.8698010998495912,High
0.12017895914507926,0.465313865443414,Low
0.09969850917491496,0.43730076076465363,Low
0.16494842922851927,0.4560088263641483,Low
2.343261001534599,-1.0750581903267555,High
-0.4249311375253716,-0.41721477522173583,Low
-0.5147935878988881,-0.34497722141659865,Medium
-0.5725004234889638,-0.31402272074854365,Low
-0.5649640431446541,-0.35635417851361406,Low
-0.5449459382687374,-0.3260019852724003,Low
0.03612925020898761,0.4420264485316904,Low
-0.027997957633445036,0.48785857690910706,Low
0.2191971226341889,0.4254214942494935,Medium
-0.19705574443026758,-0.7218404903960361,Low
0.5171463390814823,0.05211633595445525,Low
-0.46875141924493213,-0.38979202753499953,Medium
2.012066984024721,-0.9080765559166529,High
-0.5931820653949317,-0.3191470116475055,Low
-0.40837882496770594,-0.4076995745296229,Low
-0.3939731156102275,-0.45340773289862646,Medium
1.8990663303414366,-0.9162904934469349,High
0.31080392867286677,0.35108273221645747,Medium
-0.36427023089398536,-0.42981301565396324,Medium
-0.5240921231134922,-0.3560545610377913,Low
-0.043927866876205424,0.5103918383528473,Low
0.0055291737126154095,0.48089123562255087,Low
-0.1639101397450001,-0.7847531668053555,Low
-0.6333781311440068,-0.2849182423203492,Low
-0.49766054783838054,-0.40256151432991494,Low
0.1985963877947432,0.3869832708625077,Medium
-0.5525301767121973,-0.36725962552381913,Low
0.5642609503989586,-0.020045215044863507,Medium
0.06597334581941594,0.4679785828311954,Low
-0.606570355106014,-0.30856005721637797,Low
-0.40025399931353095,-0.4332266777873705,Medium
0.03864975095949508,0.44451002233411663,Low
0.020449039193189245,-0.8640714889986822,Medium
0.31304130007490616,0.30961448418835175,High
0.2516416246109997,0.3761335178482731,Medium
0.981877721377235,-0.25033808591079837,Medium
0.041750646773765165,0.43837547313886027,Low
0.326890802260149,0.2999853514511637,High
0.0950167361811658,0.4361463913509368,Low
0.07947775070312985,0.42921699695902915,Low
0.10434648955222947,0.42256176943033985,Low
-0.5278572163094816,-0.4134354390269901,Low
0.004755267525896056,0.47223006074364526,Low
-0.024624401168380883,0.4960638919565561,Low
-0.004955294882043271,0.479692393360305,Low
-0.5601829980546413,-0.3627225848656418,Low
-0.554261990563677,-0.3244758515472078,Low
-0.016115565156558265,0.4830921281442777,Low
0.07424415417673047,0.44806446641997666,Low
1.955082940019787,-0.8293219058290635,High
-0.5045373703879064,-0.37421499699961924,Low
-0.4947905949097766,-0.3803173627415014,Low
0.14372090927764014,0.41461914160454805,Medium
1.7798493759495384,-0.8614713672813755,High
0.13100534354806348,0.4019259794752864,Low
0.1120099821974998,0.424615767087137,Low
0.03273385050423672,-0.8623519000938973,Medium
1.6266861447259349,-0.6262676961263771,High
1.6930421101557738,-0.49808373580247406,High
0.04813752545542199,0.45086930544474757,Low
0.5942723690786469,-0.012796976280536831,Medium
-0.5496691041197678,-0.3748156504997179,Low
-0.49052794969689,-0.3785959732464541,Low
0.2319211428716429,0.34352705530557226,Medium
-0.06927445756279915,0.5055497662094667,Low
-0.5985035668285728,-0.29677268594273587,Low
1.6759176238766667,-0.7379753985033056,High
-0.5555408537601156,-0.38661125864252477,Medium
2.144321158365824,-1.0272712537346056,High
-0.5794910801506951,-0.3283696724055214,Low
-0.03453526436831045,0.5131903817350227,Low
-0.5305553746456889,-0.375004551632794,Low
0.013915385998074625,0.5088807089924295,Low
0.35169314059029066,0.347731291382647,High
-0.05544372114797025,0.5043430221980918,Low
-0.12048692494111102,-0.7556873485056061,Low
-0.390700366194491,-0.4479479963080957,Medium
-0.5883685261452751,-0.31269834076300873,Low
-0.15544021593651525,-0.7486757096145173,Low
-0.018250044454770353,0.5206888677341043,Low
0.024460965367336662,0.49739021060608524,Medium
0.09005652505730444,0.4486140741866168,Low
-0.6118499978403091,-0.29495107749868765,Low
0.09266644800556711,0.49288867851087714,Medium
-0.47429643759878143,-0.4092985440205079,Medium
2.317043740407935,-1.0513704421408874,High
0.22303537907502868,0.38585446584312444,Medium
0.08117096244165012,0.47646602359311163,Low
0.06001236631589796,0.42909810621451794,Low
0.11903184115621968,0.4437419064603426,Low
-0.5066553953245984,-0.37624453955532167,Low
0.4628141934199621,0.03908572837515739,Low
-0.6374480273261333,-0.30098313951357614,Low
-0.6830376857560803,-0.23905673155746548,Low
-0.6265528157570777,-0.28389351759985015,Low
-0.597521174192112,-0.30812937626562475,Low
0.13295013720087956,0.4229612457596915,Low
-0.004948656934546158,0.4887297617560581,Low
-0.3976989789052573,-0.4126156724402658,Medium
-0.0068931337094650935,0.5117229746580839,Low
0.12216824350642375,0.39065053418533113,Low
0.3997933152479023,0.32047672017517737,High
-0.568426568801109,-0.3419370628709971,Low
-0.542703573019435,-0.3902389752478861,Low
-0.5492019554911557,-0.35560171134491686,Low
0.10950932066613506,0.4121557821953078,Low
0.07113264500623223,0.42904095491065686,Low
-0.5676795768420778,-0.3705505123119619,Low
0.36502222400545437,0.290822447752574,Medium
-0.5620568660219627,-0.3843119037525833,Low
-0.503265921841699,-0.35784257371639894,Low
-0.5999897343350531,-0.3215142807045849,Low
0.12411587889139697,0.4054516827608623,Low
-0.027702413717022756,0.5088153916924847,Low
0.535288252960177,0.016516021840997153,Low
0.0017523368420168106,0.48419829871634645,Low
-0.44753287397108016,-0.3552943840130436,Medium
-0.590233319512772,-0.31384228722917024,Medium
0.16784710150805082,0.41947403056571786,Medium
-0.46322941327523154,-0.4143126966036056,Low
0.14136103359680163,0.47038072835417244,Low
0.04376208519984598,0.45430765353171343,Medium
0.032541193378770594,0.502252418701233,Medium
1.024016106987476,-0.3013748669675423,High
0.1587151609220403,0.47043893053521746,Medium
0.0379975752651972,0.48220286801042467,Low
2.1459531785290054,-0.9837509956090399,High
0.227342167296828,0.35547116373518717,Medium
-0.2756314687977648,-0.4760867910096753,High
-0.3856830193968743,-0.41906541824134724,High
0.2843823799530356,0.3716937871647833,Medium
-0.5548344771533348,-0.3411144961470193,Low
-0.015101728487997346,0.5296926347567172,Low
2.2398927371276933,-1.037915141838384,High
-0.5684323113355431,-0.3430561227347364,Low
0.11443707395596281,0.43467476956850004,Low
1.3988219761345289,-0.42774413094761693,High
1.4917942608824244,-0.6057360187850642,High
0.04012216265188007,0.49269519343064916,Medium
0.08091477000868924,0.45709166220634445,Low
0.001945944121236498,0.4963105921043598,Low
0.3082650315423865,0.37000452574342446,High
-0.0011743199522527559,0.495218730918476,Low
0.4386497263710456,0.051632442647126575,Low
0.028562946381239684,0.46809616249120634,Low
-0.44599645816973477,-0.44645412802117385,Medium
-0.5483368117227211,-0.3567152800562913,Low
-0.5382322837270552,-0.39549210378242483,Low
1.041874859056431,-0.35587088738423706,High
-0.3801132758342296,-0.4228546012468801,High
0.03076273179234501,0.4693079175302515,Medium
2.2456888691113672,-1.0301373736316521,High
-0.07467110453939019,0.5084628409349409,Low
0.13835269804771655,0.40379768808053096,Low
0.06120083670455678,0.442040238410608,Low
0.3557844152411447,0.3190948332224979,Medium
-0.5979704789585479,-0.3324802325667946,Low
-0.27935446225698046,-0.5054472285470853,High
0.10184447552910258,0.4305740187480359,Medium
0.532557996554673,-0.005487205495676217,Low
-0.5944278643936506,-0.3202728408802993,Low
-0.06013462173918027,-0.8439248947258396,Low
0.21832261601437042,0.36689926109563986,Medium
-0.6478550138557141,-0.3097173529009126,Low
0.10330099025173312,0.4632921777214254,Low
1.5551227527880436,-0.7135345290108195,High
0.226884780339474,0.3714336194450517,Medium
1.6459739719882618,-0.6521556646964781,High
0.06652336602735637,0.45028291425417566,Low
-0.5790838908009315,-0.30893264804954823,Low
-0.03586696333972472,-0.8312741786015747,Low
0.6918658577075953,-0.06533018478414165,High
-0.5332141916211234,-0.3543990392593186,Low
0.1585829835235414,0.4193779292364309,Low
-0.33920323607006864,-0.4674107156747391,High
-0.581071885151427,-0.3417648269574539,Low
-0.5121958244185393,-0.33884910659184675,Low
-0.6212736597191849,-0.2894965311036489,Low
-0.07947315019005824,0.5617002317770473,Low
0.17969005821496975,0.395433160242476,Medium
-0.6027370081208795,-0.31166808797029605,Low
-0.040145802275924014,-0.6619554882295803,High
-0.11971805156994625,-0.8106691512347941,Low
-0.02967963403055973,0.5201018252701376,Low
-0.6758940260901215,-0.25127045845214885,Low
-0.4678933698983967,-0.3962271180670697,Low
-0.5492423665204801,-0.37003671801755367,Low
0.5095495263823508,0.015543420777324235,Low
0.12280648659163185,0.42135931708992247,Medium
0.3339457621354547,0.30689522559215177,Medium
0.021262960693128385,0.48164529786954013,Low
1.7176619522468772,-0.685401566166507,High
-0.5513872540843365,-0.34547686655871424,Medium
0.06234194581782576,0.4375494227011737,Medium
-0.6300382925566128,-0.2647104981686421,Low
-0.38905042083844876,-0.44428954136755594,Medium
0.11764918328772911,0.39465983952750794,Low
0.04252933266953651,0.47706298670063874,Low
-0.42048053808931596,-0.4488784060594693,Medium
0.29600881527590284,0.3374297964305244,High
0.05704740538558861,0.45229104375961937,Low
-0.06302410269955455,0.5225822605328957,Low
-0.5960184934812659,-0.3416557623937809,Low
0.016540255000868476,0.4884615777883835,Low
-0.5704414175703635,-0.36508393994738136,Low
0.10331160651791582,0.41800382673951486,Low
-0.6050584289785754,-0.302906336013575,Low
0.3920269734600793,0.2997753634516294,Medium
0.06795500834653762,0.49810860550186065,Low
1.8343602175496556,-0.8658920559005282,High
0.3943804929307245,0.3769435776405796,High
1.6431184690400114,-0.5049164711247023,High
-0.6512938534473957,-0.25195290699536066,Low
-0.495215471932009,-0.33300672104205664,Low
0.08748042948973817,0.4254653610818423,Low
-0.6004553573620597,-0.32361819715713736,Low
-0.5191020459680361,-0.37589130113850355,Low
-0.5761201626596782,-0.3175370935135201,Low
-0.5835419842651774,-0.33323619076208366,Low
-0.608045355792344,-0.3275145307148276,Low
-0.07406319106779358,0.5488796519701763,Low
-0.49100307142657285,-0.40081133027906085,Low
0.36434199726685235,0.35416258014494006,High
-0.7227760217770349,-0.22857722497417227,Low
0.01884925728657172,0.48368263354682195,Low
-0.16610851616949798,-0.7919278432045233,Low
-0.4266224681836103,-0.4045584362405403,Medium
1.8603905451404865,-0.9016998380549764,High
0.1126252422036833,0.4317741244119102,Medium
-0.5181397470750788,-0.3697726034674177,Low
0.6111752672203532,-0.037456869841464346,Medium
-0.41447398579656525,-0.40951450144737345,Medium
-0.5415062792847956,-0.37177234153915695,Low
-0.4347698537134214,-0.46063997757673136,Low
0.022607205686152487,0.4626575235388485,Low
0.004079595233662137,0.49223391471984157,Low
1.5580019542933792,-0.6885760052103612,High
-0.5136922783111654,-0.3511129048470013,Low
0.21922370787320333,0.3547079559975016,Medium
0.17988054423169464,0.383977601863723,Medium
-0.3766746168926192,-0.42027083879605986,High
-0.509170082005772,-0.3898815295766709,Low
0.09335875177998071,0.46186738718997555,Low
0.06202454134755897,0.4513563041467771,Low
-0.07786955870453727,0.5599313335117048,Low
0.05397696517169026,0.4433216400359432,Low
-0.5208147401756809,-0.3546579401153049,Low
-0.5022255776208592,-0.41976461335084764,Low
0.2620142220181082,0.41639570897170153,Medium
-0.11223467058200964,-0.8206312148623255,Medium
0.22848955367053803,0.40697200451063764,Medium
-0.5634015581962025,-0.36883900224102883,Low
0.014573177086376343,0.5037370725757329,Low
0.9960313619898991,-0.3123043307128783,Medium
0.08194512558833716,0.49171872483316115,Low
0.056275251296105055,0.47259078562642154,Low
1.768910256023809,-0.7218817200782571,High
0.0999119087838945,0.4397149915539642,Low
0.17282035150645403,0.39800432091755933,Medium
-0.4443469495254074,-0.44998137252048737,Low
0.3579183340126497,0.31609685361661277,High
0.8894201350146338,-0.20244066628863572,High
0.05022005755932901,0.4547264310658208,Low
0.6243594936837897,-0.033044531895760176,Low
0.15881234533481292,0.4139215693211674,Medium
0.09089683513228775,0.4505496594664907,Low
0.1144133347538322,0.41202524010791197,Low
-0.5742380494764086,-0.33300867238064646,Low
0.10707247821731025,0.39736844395532367,Low
-0.5785058852308096,-0.3347394512757107,Low
-0.6023970067902605,-0.2956086539586593,Low
0.514149828210434,0.02560006328302461,Low
0.029903188865292862,0.4950877349239714,Low
0.13960190076608814,0.44131148696482014,Low
-0.017118527592169808,0.5045369979202902,Low
-0.5973633347338594,-0.3157194357916263,Low
-0.47600878102414923,-0.40831379522816336,Low
-0.6076033647757046,-0.31082011706879403,Low
-0.5397216949687467,-0.3838896077651421,Medium
-0.14291167155423534,-0.7471680511055205,Low
-0.6008322829674442,-0.3132164064999549,Low
0.0385265022912159,0.46168077369050287,Low
0.19019156379861424,0.4047620482308306,Low
-0.5700720856409044,-0.36695849515844237,Low
-0.018191547477110603,0.5165163839393695,Low
-0.5852659933046008,-0.3640189505549024,Low
0.03913558799215594,0.4675790872194153,Low
-0.5528350673016719,-0.39115455896231055,Low
1.8201422168664243,-0.8636609011138465,High
1.4950791847016884,-0.6650059204342823,High
0.10630713861339902,0.41513775024553234,Low
-0.542323196431449,-0.3305550464604008,Low
0.02999216158054019,0.45735000425761985,Low
-0.013715723720454154,0.5069746218385842,Medium
0.32786062316490194,0.36847692343504634,High
0.5007469820713727,0.03477036930895255,Low
1.9323886896798885,-0.9003222902992153,High
0.3016459495500421,0.3831125791853198,Medium
0.25773434085028524,0.406578537350913,Medium
0.04330081182228024,0.49080292905618184,Low
2.2040389977639157,-0.9494403636916006,High
0.42886296448098693,0.05989763054387237,Low
0.4271413850618315,0.29376118739954354,Medium
0.011497536300386912,0.4931163877554635,Low
-0.029025198921083795,-0.8312263433237742,Low
-0.511362972750165,-0.3687374119322653,Low
-0.49429038371087364,-0.4163194833473994,Low
-0.09654284587680817,0.5683523561572655,Low
1.3120187044750329,-0.42570167802859465,High
-0.5612862822155524,-0.31908138549901255,Medium
-0.6081630144925347,-0.27093660689441856,Medium
0.15935803309478547,0.3886883543406222,Low
-0.09406947408508687,-0.7933143434155671,Low
-0.43728489849062474,-0.4160986465957696,Low
0.13887012303385127,0.4214468811727414,Medium
0.10172686629366251,0.4073662519026888,Low
-0.5545009860979626,-0.34061920359185693,Low
-0.5558689231697932,-0.3696915038039835,Low
-0.36428941112977564,-0.44389376029345845,High
-0.015083492137198062,0.48884743045466494,Low
0.15723520354939446,0.40536044280785777,Low
-0.5452962269529716,-0.331199614974957,Low
1.8918299803885856,-0.8721518741514931,High
0.4538421220148352,0.21921863830459548,High
-0.4402050809675303,-0.41903623683983615,Low
-0.5933078496534866,-0.2842975865401728,Low
-0.036458529094031134,0.5258852276809275,Low
0.2692016215360341,0.3512110479917956,Medium
-0.5244325710917619,-0.3851636773424444,Low
-0.5131842875768207,-0.3596221191878721,Low
0.0007853696402148058,0.49977532539944736,Low
-0.660764416218682,-0.2696962733738044,Low
-0.45243953742282617,-0.39063133280031626,Low
-0.6025056446368482,-0.28601931481001497,Low
0.09508929102826968,0.4524322348935307,Low
0.2973762147720722,0.3562071844812711,Medium
-0.457712541779267,-0.3732200333519556,Medium
-0.5888531563846815,-0.3142542999935761,Low
-0.5354153875300971,-0.3160011306444036,Low
-0.029035180809422745,0.51106119204292,Low
-0.5969221312121541,-0.32573943956041707,Low
-0.0138705752496594,0.5247812093868168,Low
-0.3089068591628562,-0.4991055845920368,High
0.057938492538568975,0.46303701663963703,Low
1.956598176095364,-0.9618260545722738,High
0.010163370555972606,0.46581088471376964,Low
0.09114459884575299,0.40502248550650166,Low
0.027449767444990947,0.4537323560772979,Medium
-0.6142840197104331,-0.29170856992917527,Low
0.009450813274661518,0.47092634824386537,Low
0.6362885797552496,0.1213257057188668,High
-0.08451956066479566,0.5206191090617388,Low
0.15038274868992496,0.41651051225708724,Low
0.16857136489159563,0.42096330634548496,Medium
-0.6494876007525103,-0.259762864018368,Low
-0.6079116373296404,-0.3254586107416382,Low
0.6175406692876315,-0.031123578932351348,Medium
-0.04069207309823675,0.5335157006654915,Low
0.34124038604200624,0.34191408307613413,Medium
2.2321934376027057,-1.0181603173849156,High
0.07039432133072765,0.448285481976303,Low
0.15706073659528852,0.4338418878103111,Low
0.33490491402156164,0.29972818474400653,Medium
-0.004256806677299385,0.5087675881998707,Low
1.5921055377064361,-0.6245157471424609,High
-0.10154922408850353,0.5487618041426549,Low
0.6693502519936976,-0.027514316660861793,Low
-0.6103028720911947,-0.2888063488861522,Low
0.07363003933406737,0.437268100156473,Low
0.0393538076407659,0.44383108024770745,Low
1.8467358256349165,-0.7551434807024241,High
-0.5418649812286578,-0.3451254920209865,Medium
0.09874465196370319,0.44200478696065437,Low
-0.5595769218200561,-0.33676520168698354,Low
-0.5008627875801287,-0.392345767415146,Low
0.17111511774473775,0.38275589970193613,Low
-0.15823281565031694,-0.7655835153646223,Low
0.021031082808440016,0.5005850027469515,Low
-0.5878845593507317,-0.31914544177072884,Low
0.032354279733682656,0.4762517236339271,Low
0.49514639362128854,0.012553913796262972,Low
-0.6043531914056623,-0.30480682766035444,Low
-0.1360984761701628,-0.7656182582679524,Low
0.4603709531578246,0.04936172516552512,Low
-0.6034768596284308,-0.29348088172801884,Low
0.13815495168515057,0.40154018588293994,Low
0.5652727339753156,0.01331037737496682,Low
0.24241959480630326,0.3851701597579591,Medium
0.0008729145682025985,0.47986730575010184,Medium
0.12281483901075518,0.44420888263461156,Low
-0.6159239822956503,-0.3069976347102098,Low
0.08979890033448312,0.46674606921917217,Low
-0.67107732953617,-0.24711561028362428,Low
-0.5481885524499155,-0.35424934507219,Low
0.0442182375739969,0.47443104246879664,Low
0.10911528233239132,0.4278330429095557,Low
-0.6814975597682731,-0.23421645510640537,Low
-0.46775253805273576,-0.3847903502511726,Low
-0.5019947799168464,-0.38852291104589176,Low
0.10698870167862218,0.4717985798140526,Medium
0.2387159204755962,0.34695805410824565,High
-0.5992532448633452,-0.31651952917294757,Low
0.043467122825792626,0.5035334727988954,Low
-0.15510778097254377,-0.7583180257428584,Low
-0.41073961579077034,-0.3967844468409045,Medium
-0.05834045659237208,0.5141805607441826,Low
0.06172653428209418,0.45507249777764347,Low
0.25408052869676967,0.3501172921198271,Medium
0.33329291753415313,0.3337495146779521,High
0.04961926627892399,0.45805703830130307,Low
-0.05568878919280551,0.5326153368470734,Low
-0.5874946631197636,-0.3135298942701912,Low
0.1159771307631029,0.4743366870923583,Low
0.22895728430457296,0.37359739655036495,Medium
0.09455190957908705,0.46669136381026666,Medium
-0.6007080113874811,-0.32515378706539366,Low
0.15203179053147797,0.3973271846768277,Low
0.08988992424618092,0.40522606592627497,Low
0.17726245823026465,0.39139642921809703,Low
-0.039711726872202036,0.5302144391698882,Low
0.07056601265550638,0.47355268726068556,Low
-0.36454418322714277,-0.45620753821146737,Medium
0.12345444054391186,0.4451187076592946,Low
-0.01889929243456051,-0.8457268542640975,Low
0.3378636792125582,0.3124592059643987,Medium
0.0027296469759116038,0.45913898787270446,Low
0.3543829702901865,0.33215416238662177,High
1.7589696325497417,-0.7954396933329585,High
1.5675655970263722,-0.6880561411094829,High
0.113342494301653,0.4242735339522622,Low
-0.5178685359504274,-0.4023236750802328,Low
-0.5890678871867354,-0.29141549296674907,Low
-0.6133731374257079,-0.3327241231483208,Low
-0.04483638891861441,0.5454152952471912,Low
-0.6110602002421427,-0.3447952181358963,Low
0.09200731866904688,0.44948723803500046,Medium
-0.5947336517687114,-0.3469037813803825,Low
-0.0010723700252392998,0.4789131377436957,Low
-0.14915780660024663,-0.8322099339362495,Low
-0.5270180312098116,-0.3470117945086858,Low
-0.5582441038340233,-0.37398503697673774,Low
-0.5778626170814337,-0.36158310226020207,Low
0.11559932939041506,0.4318838772744179,Low
0.30125236793555854,0.3387593376012574,Medium
0.0111468936205244,0.4777883022557742,Low
-0.5458472515649204,-0.3331930757673307,Low
-0.6126968668040513,-0.29769020174595506,Low
-0.6041543705079409,-0.30456399207697926,Low
0.3659814460771693,0.29144004210796454,Medium
0.007832174534373126,0.4798165347393081,Medium
-0.5238994375653899,-0.3218302863415262,Low
0.30374429525535107,0.3564580596839345,Low
1.5044053883346058,-0.6271800780081873,High
0.2982961669647676,0.35692693384741714,Medium
-0.4987528134792617,-0.35441010078234425,Low
0.1487807415793011,0.4189525919265189,Low
1.8852561627192082,-0.7318710148465889,High
-0.013857696603884972,0.4969234962957215,Medium
1.4753517390219606,-0.4077497940384844,High
-0.5093371574438584,-0.3889530847792636,Low
0.27309974106557444,0.3450846544015259,Medium
-0.5928829915840685,-0.3419438493231888,Low
-0.31476099714972,-0.42848496518924195,High
-0.4835356909254907,-0.35168722224746873,Medium
-0.5973884749721801,-0.312135664596746,Low
0.10523893616338986,0.4319037321699677,Medium
0.01341270673701589,0.47662723368032445,Low
-0.5635626532312621,-0.3306370880784433,Low
0.1462371312424331,0.4173893697735799,Low
-0.036846291700381006,0.49398782399961194,Low
0.16879842138474388,0.40509009994231016,Low
0.3912697425318613,0.31604535925326843,High
-0.012734383846679798,0.5278901816641062,Low
0.04843174073925227,0.4902085783817912,Low
-0.5449633652478193,-0.3201813727006252,Low
-0.5207271894554797,-0.34052012579372104,Low
-0.48188525800286885,-0.41261658752388586,Low
1.9273190497816144,-0.9184186623197358,High
0.0295417315808435,0.4384777927726732,Low
0.05148086503654986,0.4520626947584442,Medium
-0.547997669137201,-0.35771306682892245,Low
0.265899760777356,0.3723459009151483,Medium
0.12223355928305135,0.4655782939728743,Low
0.25494195799966635,0.38567664066327634,Medium
-0.5733886257991241,-0.3175534360041954,Low
0.1009776675447892,0.43436980151310345,Low
-0.45647830912766446,-0.40501300668375606,Medium
-0.4822378941701288,-0.3768226896526665,Low
0.27737441398906704,0.33999230864409535,High
0.20728430437485945,0.37288246748684917,Medium
0.10095845404447079,0.4234710547888557,Low
-0.3606038022277259,-0.48138836332169577,Medium
-0.652010825903534,-0.26355358480998337,Low
0.06540155450917728,0.4895748639802763,Medium
-0.6037924185508983,-0.3308130969119276,Low
-0.5901595129559772,-0.281799753345549,Low
0.20097855185942937,0.3789940843191263,Medium
0.29707386753517695,0.39029890841689086,Medium
-0.49118997013455423,-0.34835597439290034,Medium
-0.576972039873515,-0.3371839245761914,Low
-0.5532898583185579,-0.4006352889179524,Low
0.1883519164791807,0.3925126018982076,Medium
-0.15182145952812787,0.5837307852055794,Low
-0.5966493457726805,-0.3070044820529618,Low
-0.01116306680617929,0.4818917762420085,Low
-0.040456628137655326,0.5324410852833248,Low
0.06005209390143429,0.4554266664001766,Low
1.9661635644786568,-0.8148334557565119,High
-0.4663169860155319,-0.39973279206366663,Medium
0.2385630345479397,0.39521422200639955,Low
0.048212620751735935,0.4783974655125923,Low
-0.5374304679885047,-0.36379709261662285,Low
0.055565821443299024,0.4582157064748217,Low
-0.6197836509955936,-0.347787499529723,Low
0.08589914094847978,0.47698565674530835,Low
1.4766091828011112,-0.6024032162572537,High
-0.587150269885325,-0.3195833605012693,Low
-0.4346567685033527,-0.40224448115218836,Low
-0.15857759403211463,-0.7700486201293403,Low
0.23983254362407325,0.42193419393042997,Medium
0.00344936772209381,0.5235901182316652,Low
-0.3899185986015838,-0.4404980752412758,Medium
0.07502142531560219,0.4841677630152349,Low
0.28435646786774604,0.3674822640279912,High
-0.025226413581731832,0.47358953906174606,Low
0.1011690997355238,0.4556808616528877,Medium
-0.15556457277421135,-0.7643850579405541,Low
0.2872249360946053,0.33674732071005065,High
-0.5909735957797936,-0.3152415652519858,Low
0.42693712699518505,0.04791586780032592,Low
1.3205326071617713,-0.4077236679543122,High
0.014988537892330678,0.4650722398677384,Low
0.15320222221994595,0.4176352063773333,Low
0.013317191882280033,0.44963421919914714,Low
1.3024633500662046,-0.49075936202627624,High
0.19412792621362907,0.3857973973184823,Medium
0.10697592572942949,0.45897600596457977,Medium
0.31355271091590686,0.34115504987724365,Medium
-0.6430392777628304,-0.27017490157505586,Low
0.10411003278752728,-0.8667972233010237,High
0.24339877252114772,0.37347886065239855,Medium
1.5571852532869264,-0.7249404028182712,High
0.0714150906928549,0.44447836043092326,Low
-0.5942377361592344,-0.29744719048015134,Low
-0.5041222364868935,-0.35957339101629515,Low
2.053563479769032,-0.8777011058449625,High
-0.6540289320855672,-0.30119338113583904,Low
-0.517457218144658,-0.32153928590574543,Low
0.08103341422193105,0.4370459937789378,Low
0.14411850037304852,0.4206737791035199,Low
0.41951611336725947,0.2954171636499536,High
-0.5984659284656089,-0.3225267525860568,Low
-0.5623581735414191,-0.35244275467951947,Low
-0.060067119029110494,0.5256166666349138,Low
-0.04962735771387117,-0.8008993668678771,Low
1.3758447077944311,-0.39536198798020666,High
-0.5010432935960273,-0.36475182331483613,Medium
-0.4681084010137027,-0.41250146578327335,Low
0.068266888950969,0.44448478867905217,Low
1.9671245490989617,-0.8695680251250492,High
0.7955956291043564,-0.10431424628696095,Medium
0.190987024404363,0.44234327152140107,Low
0.0601076472903066,0.4246763903943418,Low
0.026322568040474892,0.48426988795875714,Low
-0.5642205547167741,-0.33641475318756764,Low
0.5666948966747809,-0.007528684479584269,Medium
0.11114918127184414,0.4262220537229632,Low
-0.4672416873245642,-0.41591670605325487,Low
1.4619828594587967,-0.6051504382967892,High
-0.5451992892032196,-0.3554895990123099,Low
-0.512732320196269,-0.3327030890001509,Low
0.2108998347085651,0.41013065247110914,Medium
-0.03336439443401762,0.5528495678726503,Low
1.7538217006827457,-0.8434615604505551,High
-0.6117182210528106,-0.2875319249732364,Medium
0.08497753653579199,0.42317006224391884,Medium
-0.6203583479450628,-0.29528367317852644,Low
-0.5312794247912295,-0.3743236485250888,Medium
0.1084467809784656,0.4038505900570266,Medium
0.14919034531052988,0.40872967577222774,Low
0.2636031349508209,0.3594286787872275,High
-0.542068290028994,-0.3266736832002032,Low
0.12403783913896493,0.4044951002478544,Low
-0.6220664645778451,-0.3176851274947202,Low
0.4707954143995451,0.05046202241342429,Low
0.04617580329650306,0.45325355797765954,Low
2.125437062471268,-1.041289649944333,High
-0.38394935682567943,-0.44050637606658594,Medium
0.16757205594856728,0.40133942905608855,Low
-0.4551944502922334,-0.4005139244541117,Medium
-0.01673212617505604,0.5281311904486191,Low
0.0543955942720496,0.45101007034972973,Low
-0.6170191409506076,-0.32335906309970885,Medium
-0.6061567059356545,-0.3182623447150064,Low
1.0641799571252768,-0.32510380649891196,Medium
0.08756828899933056,0.4307509835090193,Low
-0.5025597597506866,-0.4092222344203276,Low
0.02808275269751148,0.4524335863052984,Low
0.0016666679821132901,-0.8251529879111871,Medium
-0.5763126487795177,-0.3355799820855776,Low
0.7358466184600871,-0.08612973495255649,Medium
0.042105762313096595,0.44595116181187533,Medium
-0.08315282066183177,0.5494450132375278,Low
-0.4322675662517091,-0.408857565232675,Low
1.7560574353748655,-0.7819867055701313,High
-0.39013091819830764,-0.4446694170318934,Medium
-0.5365912886897481,-0.3376363070147742,Low
-0.6072752407708542,-0.3383069557826761,Low
-0.4901159686152048,-0.3570339137635444,Medium
-0.0008606569615062232,0.48074898926113296,Low
0.03008022967870505,0.4799634417269548,Low
-0.6271969516014804,-0.298978625644978,Low
-0.5921396865694469,-0.3155006757300493,Low
0.5205845398352835,0.03169579158023511,Low
1.8377385796670331,-0.7218879652588485,High
0.12234813404297751,0.4519253872371123,Medium
-0.4752060864733784,-0.43301189812343516,Medium
0.3606309750641973,0.2867790707075504,High
1.841337709763237,-0.6099150300509599,High
0.2521503076548527,0.38440661931958586,Low
-0.4389229612315209,-0.3862868833635148,Low
0.059616688704415666,0.5016002202107338,Low
-0.520650827464341,-0.3710071226227352,Low
-0.5671354677399769,-0.35735606761717664,Low
0.06658433998683444,0.4590766603475879,Low
-0.5898705878694599,-0.3190192131518861,Medium
0.03193673935446001,0.48253461592128655,Low
-0.5388871483003588,-0.3751198130957769,Low
-0.558443654894121,-0.30915709967467975,Low
0.3707676033308924,0.07521596967373928,Low
-0.3647558089910109,-0.447076965909553,High
-0.572310409870359,-0.3419686585064635,Medium
0.10884988827104425,0.41275526717932143,Low
0.1771741688231021,0.4415957387613654,Medium
-0.0026808975178423955,0.5318868061741443,Medium
-0.60114980084549,-0.2757997592857396,Low
0.21783629120977732,0.3603837256896424,Medium
0.29455624082988563,0.3519192239569774,High
0.7769651660340984,-0.10534801179831543,Medium
-0.015157305989213665,0.4987553993780355,Low
-0.4686110394573051,-0.3767155462284193,Low
-0.1618336194019224,-0.7525238831270588,Low
1.7870108300691172,-0.6581969238839875,High
0.7330593269963297,-0.09654531810413441,Medium
0.10021142285135831,0.4262139422827417,Low
-0.5398184787699045,-0.37399274399613114,Low
0.27236112396808776,0.3392037802143736,Medium
0.28481774577513697,0.3319199160695214,Medium
-0.6237689162396883,-0.300260456198031,Low
-0.5831189087139954,-0.32485246501929327,Low
0.32078992011027196,0.3421444902297516,Medium
-0.46817180964448907,-0.4196799558737469,Medium
-0.5323234375193151,-0.3356535150014134,Medium
0.3513449084593099,0.29609751536426787,Medium
0.08070999797500245,0.41914440645711815,Low
-0.44960415223759953,-0.4044603725683978,Low
0.26753681580694666,0.3400085760409768,Low
0.013906923602578614,0.48802637857184394,Low
0.09162241154025458,0.4453823956485833,Low
0.037618372592886584,0.4987317586864686,Low
-0.6601261350259973,-0.2528153486707856,Low
-0.6234900617020558,-0.28855468052160793,Low
-0.5492510902842375,-0.3444687911683919,Medium
0.4381901679299206,0.05599626367086746,Low
0.3627427070986836,0.3067938128872934,High
-0.4976604254853548,-0.3369385082228794,Medium
0.46467846081121045,0.0357697140512902,Low
1.5332529286028602,-0.6007204835414126,High
0.3255359564050718,0.33135699215577774,Medium
-0.39593841158964205,-0.42997017798555875,Medium
-0.4936126527846479,-0.3598513115194556,Low
-0.5856110384293044,-0.38589508819223617,Low
0.053144138182965206,0.43270891970101566,Low
0.776062732998984,-0.09980329307437663,Medium
0.6644136430485104,-0.03261772438200711,Medium
-0.502204063661031,-0.3659984385772438,Medium
-0.5780044135744156,-0.3075059951883795,Low
-0.3143188902841662,-0.49422786506834393,High
-0.048705513256411925,0.5488784584655964,Medium
-0.5006061586570573,-0.3814512615292479,Low
0.03214265292619478,0.4808978017763309,Low
2.065064550602721,-0.9429976247375959,High
-0.6757274216568107,-0.2472519380856087,Low
0.209082117714676,0.3899002342250235,Medium
0.032661259027825684,0.46565544097980993,Low
0.23480269745520221,0.4190715423502348,Medium
-0.05903354050568588,0.5619697518466937,Low
0.2610431327139009,0.36750477633402,Medium
0.692720947834027,-0.05939345265551421,High
0.4585316527431891,0.05121309193599283,Low
-0.5996265616733865,-0.2983571379514236,Low
0.25811160135013245,0.3700825415109824,High
0.13229718209452646,0.3895324337111207,Medium
-0.6003940368638986,-0.2808703567792037,Low
0.09055311863090276,0.44797073383332575,Low
-0.5586718794461772,-0.3368328393411881,Low
-0.5265651148449767,-0.3964756694117785,Low
0.13911651701277095,0.4081441003912083,Medium
-0.633857519108336,-0.30129329070042377,Low
1.0931403773016146,-0.3506573051493484,High
-0.4725559362503849,-0.37633999091309966,Medium
-0.6006903664012869,-0.29986644356050024,Low
-0.46920281270271513,-0.39306649319819165,Low
-0.4824251149944267,-0.38873167813879883,Low
-0.5987022315785628,-0.30849221555942963,Low
-0.5269081307430934,-0.3810792622210627,Low
0.2329807777403624,0.3735216857950888,High
0.061971854112753466,0.4632682059829504,Low
-0.0486568538581289,0.523981585817955,Low
-0.5082925204058,-0.35127319336236207,Medium
0.11493573087409559,0.39859701286101623,Low
-0.4403291609280421,-0.39920728842182146,Medium
0.1408971255504925,0.443590433267537,Low
-0.5888097530652392,-0.322349506157897,Low
-0.4065425951407226,-0.4029517657032276,Medium
0.1017765522323405,0.508512939486195,Low
-0.5513215475192523,-0.3298252410697911,Low
0.1429971643083091,0.4381019365587223,Low
-0.04683622442947266,0.5416188183049346,Low
-0.5731585334266892,-0.34515152708436203,Low
1.387395600240975,-0.2878762515585175,High
0.08343670616200016,0.4163988850194441,Low
0.2056497112818092,0.3999709652013155,Medium
0.9690627839867207,-0.2926873973671306,Medium
-0.5188822379418899,-0.36848803156796806,Low
0.2968751072969591,0.3533125837735548,High
-0.5430919788454383,-0.34935848891210586,Low
0.044004438413347335,0.4807825268716325,Low
0.11998872855620046,0.41904878446994587,Low
-0.6241252850378902,-0.29350571487048904,Low
0.009025086454907405,0.479720151550431,Low
-0.5067091569445982,-0.3607159338388729,Low
-0.5164359613090064,-0.3732704167443667,Low
0.13552274493627814,0.4229922837325065,Low
0.28548899372769343,0.3788746423433986,Medium
-0.56117261909912,-0.3259809565178604,Medium
-0.3441595452734334,-0.46897439149230274,Medium
0.16022587412379985,0.42462708234751456,Medium
-0.10737046397914873,0.5702754247831848,Low
1.1849386706800755,-0.45157471005279987,High
0.19898385591436896,0.3861798201015526,Medium
-0.05678216022595722,0.5379082513324558,Low
-0.5440820372896388,-0.35278273009146344,Low
0.26625716358495377,0.3659793890614027,Medium
0.5061742277992181,0.030474437764223594,Low
0.11861663255808896,0.45015520824536226,Low
-0.6169197133034113,-0.3108881076352059,Low
-0.4497788004487121,-0.37839852123460715,Medium
0.1408703004941717,0.40548393825044604,Low
-0.07056710446882564,0.5243142825851215,Low
0.010949072575382746,0.4801801724134237,Medium
0.09495139132733066,0.48171737862727027,Low
-0.6748439632028405,-0.24810018632575545,Low
0.04973974211892679,0.4803129702365635,Low
-0.1491444043955492,-0.750137956187896,Low
0.12088378801439703,0.4314582088498533,Low
1.6122819500849668,-0.6770617108180254,High
-0.6392675254058003,-0.30593031447723584,Low
-0.43746674304599203,-0.37574090535718757,Medium
-0.530447585253621,-0.3721305650009533,Low
1.7784154069772333,-0.6819066429659326,High
0.04055939834802558,0.47787221217864206,Low
0.75461836100846,-0.12654020868473365,Medium
0.01683887172930465,0.46885387815418755,Low
0.11537123173041597,0.42502158993463535,Medium
0.03578418497758884,0.49837640463449984,Low
-0.3895610095188674,-0.4441008526660919,Medium
0.06909924317788046,0.4675464517278273,Low
0.19718796839579855,0.43375917042586865,Medium
-0.4613360774521682,-0.39056726268634717,Medium
-0.5659388627115689,-0.3193110486336933,Low
-0.0537431425835565,-0.8178622824325487,Low
-0.53670260893157,-0.407213023354532,Medium
-0.5463818871194691,-0.32979881043921844,Low
0.06933127571759179,0.4141263553472705,Low
2.054043973056441,-0.9740861984296231,High
-0.54745232835686,-0.38550526181169614,Low
0.43879084978606375,0.2765166741337636,High
-0.031144519188672448,0.5134266297971889,Medium
-0.570217104932848,-0.30831173832224346,Low
0.03144863963589184,0.44610163980732176,Low
0.299508984741247,0.37770775467629203,Medium
0.29225551591348553,0.35374398535280815,High
-0.03347344430766408,0.5193031060122174,Low
0.060083853346949656,0.44154981430764206,Low
0.6364238022400222,-0.037820102630079844,Medium
-0.6769898609749201,-0.26611751454050525,Low
0.032360010182857335,0.4593417757561884,Low
-7.858312565367509e-05,0.44944629690126303,Low
0.24903935341215178,0.36718375688189153,High
-0.00954814592052644,0.4782217289417885,Low
0.05955056946187215,0.48318726290330916,Low
-0.5343220030059656,-0.37353985100156895,Low
-0.4576346887646215,-0.38609778820359,Medium
0.07746219951357275,-0.7862281591045502,High
-0.5974042350049362,-0.33201739500842886,Low
0.5909286613482401,-0.050782906176526754,Low
0.021201444107001755,0.46163820024091107,Low
-0.5949937313820286,-0.3235793563383152,Low
0.2671216063128019,0.3701640659084905,Medium
1.8496138086238656,-0.7517456548960589,High
0.008581856181431924,0.467501513415587,Low
-0.5259404225719785,-0.35396151199948034,Low
0.1425684763417665,0.402112918128132,Low
-0.42532809046735554,-0.45754349251444415,Medium
-0.625074009355802,-0.271516711084436,Low
0.6155005079947486,0.10479980760291019,Medium
0.0966235733784978,0.41912097804350645,Low
-0.037862383643689046,0.5038491799553895,Low
-0.6456966605336877,-0.2529271791791676,Low
-0.045035955608374256,0.5160470869360217,Low
-0.5289441365585621,-0.383370996173391,Low
-0.026563229734283822,0.5025171395215721,Low
0.050562848617884626,0.4523564948676374,Low
0.03895879664381663,0.488128779671525,Low
-0.4179789763764352,-0.42483978671067407,Medium
0.2774945149201028,0.32992619798004164,High
-0.6303874452731169,-0.3273971168094267,Low
-0.5766924395366926,-0.3256003204940665,Low
-0.6361137697671704,-0.27982973056591887,Low
0.3325425251580705,0.3561105008607809,High
-0.16629231657735796,-0.737558976574962,Low
-0.5691411430717561,-0.3269569730087899,Low
0.07710788053437884,0.4211856262299858,Low
-0.16098437774292915,-0.7408234225329945,Low
-0.47207541726362795,-0.39370006504193933,Low
0.08191968069078692,0.4635314045512916,Low
-0.5627261207645922,-0.3742375784875977,Low
0.028368638645102973,0.49621824475603427,Low
0.03859101257750308,0.4888180832936152,Low
0.25668488195281525,0.3968582842338785,Low
-0.6255949165442413,-0.2838070856150083,Low
0.17781774704640918,0.40347019776367066,Low
0.17555541860043633,0.4057757370548757,Medium
-0.5460533430924295,-0.35347548806886514,Low
-0.5225853661883235,-0.3493415764052832,Low
-0.0026758706829999035,0.49154075126016805,Low
0.2535055710702345,0.3439194650755095,Medium
0.23537227594539112,0.36347408421232597,High
0.35565583986211935,0.29443580091376825,High
-0.4458324625849424,-0.37755334936686585,Medium
-0.5737148601675967,-0.36231636324454386,Low
0.8179204978419439,-0.10452469899274403,Medium
2.061723913415726,-0.8984517547779228,High
-0.6249421809595306,-0.28525788001844554,Low
-0.4845616291396146,-0.36171501177678705,Low
0.04212149585065239,0.4495748649978759,Low
1.4318321539334293,-0.5603260495366263,High
0.13250116658300948,0.4510902116765194,Low
0.1436988897283289,0.4035765718165596,Low
0.007465989001613771,0.46477459988971936,Low
-0.3716821508868112,-0.43497609973046336,Medium
-0.5303581541392431,-0.33617984262516604,Low
-0.24784112836250977,-0.5119856292938822,High
1.8812488363212225,-0.82903275227171,High
1.7948382388045563,-0.7235865578889895,High
-0.46737437689774575,-0.3462691724822968,Medium
-0.40922897430369376,-0.40992552777074986,Low
0.23762255911878927,0.41495828313214067,Low
-0.047619130860884096,0.5373239103013553,Low
0.11667097917323876,0.417733506607333,Low
-0.024981862475508043,0.506041810947261,Low
0.07277528883689888,0.4599282601843775,Low
-0.5752962588059921,-0.3414689048199513,Low
0.14273567008861365,0.4171677784337492,Low
-0.5830721392422729,-0.3591711818824739,Low
0.08984928667984515,0.45838926577965855,Low
0.13229246962506858,0.3982363546505925,Medium
1.6860466613568048,-0.7290464499391893,High
0.361805888968167,0.29971097940652325,High
0.5301792740351692,0.19118283319579876,Medium
-0.0474300276571723,0.5247136783359123,Low
0.1123527545324261,0.39634288245368543,Low
-0.024109014837064402,0.5186607906260121,Low
0.07319867362794108,0.4267339797203996,Low
-0.6102332589090395,-0.30436078741778233,Low
0.4185535803860596,0.057280415306550314,Low
0.034346407821266633,0.4597466020487596,Low
1.7951697344495143,-0.6753049998325181,High
1.4655862438829879,-0.5754149264833788,High
0.06812551308089065,0.48172021731610526,Low
0.048914082136610804,0.43919911533739286,Low
0.24944783937818293,0.422415103781728,Medium
-0.5669112502330779,-0.32067374202358545,Low
-0.45837602122414967,-0.34327665336066393,Medium
-0.5057883226298888,-0.39392305893663954,Low
0.6980087195834181,-0.07204515547342416,High
0.000907927892973559,0.46621361240574044,Low
0.10732301121350984,0.44365713073810586,Low
0.2625409479062092,0.37264754851203075,Medium
0.10052785842092948,0.43358109778850873,Low
-0.6324126018344239,-0.270296639618381,Low
-0.011319539722421057,0.4765540988753796,Low
-0.5149962400490574,-0.36950673270688833,Low
-0.5453377904542844,-0.35982292587543485,Low
-0.546212735834003,-0.3392174105925938,Low
0.2235975123186731,0.3595265851366999,Medium
0.0054515878235327775,0.5196291289685161,Low
0.2589080979634599,0.3309885317940771,High
-0.04617167997067906,0.5255344546511548,Low
-0.0749998331210131,0.5521524690033562,Low
-0.5352200173292203,-0.3899627503147075,Low
-0.5349671103750631,-0.35680532731425557,Low
-0.6363359817224169,-0.2889580784468917,Low
0.24427942122167723,0.3345015684168139,Medium
-0.18429848509595595,-0.738226393557824,Low
0.41953318315194055,0.2823689434678781,Medium
-0.1250313086528274,-0.7901245746392472,Low
0.09563959996455901,0.4261363032434863,Low
-0.5729508759660503,-0.3909749463782467,Low
-0.673117839013613,-0.23042111101013063,Low
-0.5852799977274693,-0.3216862369766397,Low
-0.07872620663550967,0.5391596694944634,Low
0.5223518819732602,-0.00710045070231774,Low
0.12957401707267502,0.4231721946062047,Medium
-0.5169489723442249,-0.3730978906957561,Low
0.10778633893379574,0.4141929836134848,Low
-0.00573080121680164,0.4783010708702323,Low
1.112112339186379,-0.08086108257237545,High
-0.014017183146958212,0.49780628773492175,Low
-0.4299280905817062,-0.381884944019125,Low
-0.5720902369397932,-0.32519267559067977,Low
-0.552423934241436,-0.31420322066684125,Low
0.004440948742090445,0.4812412015967886,Low
-0.010337961800887363,0.48355406088084196,Low
-0.5463002238984185,-0.32837292230884685,Low
0.018239128098400892,0.49265377827960755,Low
-0.6752718515910662,-0.2427864897998349,Low
-0.6123133763699744,-0.3070946636651014,Low
-0.6261881062449459,-0.2553391952603349,Low
0.17289309436894928,0.3756301759658137,Medium
1.4130699264503985,-0.44578856801551486,High
-0.639686874355602,-0.27377401591579653,Low
0.06599281618427649,0.4794771107737287,Low
0.1009449419860266,0.45408442184157116,Medium
0.14638315401111457,0.43306745970265836,Low
-0.5835792794597365,-0.32641469436402804,Low
-0.5759172033094653,-0.2936120666642578,Low
-0.5717793846299264,-0.3539097097413366,Low
0.22566636202216916,0.3696420134516675,High
-0.009077038056578446,0.47841160954709994,Low
-0.4895103447250338,-0.3611516598053913,Low
-0.0036062800523523064,0.5013571603193825,Low
0.1903597320460615,0.3934934803558402,Medium
-0.5927657436295183,-0.31955516288276986,Low
-0.45887717510892323,-0.39106569848883677,Low
0.000190060937079517,0.47994943166439186,Low
0.7149937562182156,-0.031611096341612466,Low
1.7140619437408346,-0.7692496041370809,High
0.11409281961133177,0.4772205148336267,Low
0.10166874134235471,0.4759726388035034,Low
-0.5942211687186902,-0.31583875636995484,Low
-0.6621746521814224,-0.24157597643636067,Low
0.03612763428135879,0.47092815692272494,Low
0.07448737040140302,0.44745938887445047,Low
1.9166834995803577,-0.8866649320778,High
0.3650629714907164,0.3065907093443204,High
0.9217448867693692,-0.2545963693428179,Medium
-0.4202043933374312,-0.4078647883709481,Low
0.6014626863181715,-0.0077026621809176965,Low
-0.43451296724245986,-0.4513431940154429,Medium
-0.6056572527858815,-0.29168973100003515,Low
2.194446105221666,-0.9722785359464626,High
-0.7412025198909631,-0.24276688232883223,Low
2.0328067304136104,-0.8600860027134704,High
0.01038218827480586,0.4729109103836644,Low
0.035660883027486656,0.4848770323073067,Medium
-0.4761132597286134,-0.39071679478534965,Low
-0.5787007610739843,-0.33149522314094426,Low
-0.5056875651167344,-0.3541332554615919,Low
0.2106693328013326,0.39640827313986793,Medium
-0.025214074300957345,0.48848606150407037,Low
0.1532677865390477,0.4099470547051447,Low
-0.6400152238002458,-0.2935832550584683,Low
0.3687269213497507,0.28226588169062145,High
-0.5457932015508818,-0.37476400593302805,Low
-0.5590783021839769,-0.3545944279334854,Low
1.7134665223649417,-0.7725833171525794,High
0.016902607334524367,0.46459424027023566,Low
0.303237402718058,0.3068721607008145,Medium
-0.5167708949789453,-0.3609920175314349,Low
0.27128902719030235,0.3775460735257262,Medium
-0.4794016962066716,-0.4019673680630256,Medium
-0.003839311158053471,0.5130925908051095,Low
-0.5779624933685052,-0.35399661427983337,Low
-0.5572682011882377,-0.34763798061967177,Low
-0.008405748365964805,0.47784680640322696,Low
-0.060567074243401464,0.5024005575680074,Low
-0.6481411343814233,-0.2807140926046316,Low
0.2562680198746975,0.3548349503426701,Medium
-0.5974088829115343,-0.33724429629184477,Low
1.7089533644824269,-0.7707206900590481,High
-0.05726937939526189,-0.6449210695424932,High
-0.37253751815591396,-0.4454235277783605,Medium
-0.6131972879194182,-0.31308953583624577,Low
-0.5266525698637929,-0.4124535226358915,Low
0.04060844003621078,0.455194649668475,Low
-0.019433466307071545,0.4900352112157872,Low
0.47994928404387505,0.0404266833474613,Low
-0.4866249953035885,-0.34216335125703734,Medium
-0.5921360194165846,-0.3434469269468633,Low
1.120145953679556,-0.36699080220211905,Medium
-0.5010032970959581,-0.37564357542357185,Medium
0.2681407426341349,0.3213081541233816,Medium
-0.6157213964795244,-0.29416439386836346,Low
-0.4817250067960028,-0.40412897281228677,Low
0.3332421961997052,0.3502585716293023,Medium
0.050272266344416505,0.47358622979670173,Low
-0.5453835724888214,-0.3547037381141387,Low
0.08899294891044768,0.425734338842362,Low
0.8987444843653425,-0.22236398835166155,Medium
-0.5168233181312447,-0.39207248338762396,Low
0.06484803384796423,0.503035787680063,Low
0.3808533472318174,0.2928295522077157,Medium
-0.5261217158040866,-0.3998193247344759,Low
-0.5460291277205096,-0.32630324934407384,Low
-0.5735403779183363,-0.34120055797985416,Low
0.06248771419855481,0.46818343829518827,Medium
0.060492380117704414,0.455523721312572,Low
-0.6159322065465798,-0.28892923688894545,Low
-0.4551559018378283,-0.41295405548993125,Low
-0.461293403479309,-0.4219841794467008,Low
0.16866934889739482,0.36758825609873724,Medium
0.07375555719631571,0.4560054285945354,Low
0.08291338965809131,0.4619165269714248,Low
0.23048609832250466,0.43643587735657874,Medium
-0.014378604959316754,0.5041626609243633,Low
0.3667195084852156,0.3137019449808417,Medium
-0.12976175537397883,-0.7974383559941519,Medium
-0.6514053117507023,-0.2588780272332675,Low
-0.09145668253653583,-0.6330703494611581,High
-0.6226908086272772,-0.3102108116937573,Low
-0.43577118293402706,-0.430406308340281,Medium
0.18288809846144582,0.4205588892983282,Medium
0.2214378515286035,0.35996772008655775,High
0.013312388120535756,0.48356529425403794,Low
0.09266629326872955,0.4479197309839059,Low
0.006788689671535564,0.46442742798863235,Low
0.1939653279672665,0.4144083635946093,Low
-0.625423793635623,-0.30635997550908367,Low
-0.0015377117182626687,0.4962998559912788,Medium
-0.5907278711634689,-0.31440950883461216,Low
0.3877968471728026,0.32284530907627634,High
-0.5681759196632923,-0.32925571488406835,Low
0.6162347777037838,0.013842967119503113,Low
-0.5614039301501186,-0.3503482871985448,Low
-0.025043641612974787,0.5012232759242653,Low
-0.44038199706022313,-0.4112050346684948,Low
0.09484199058676085,0.4576389727688642,Low
-0.5266926309774403,-0.376230582679421,Low
-0.5135228515318636,-0.38346316638043176,Medium
-0.6071442592260685,-0.30299036308505656,Low
0.039148608930232254,0.45046791584394985,Low
0.11424563653924247,0.4520514328942776,Medium
-0.6506448980544559,-0.26563282250727777,Low
-0.5527177020593054,-0.31652508293305737,Low
0.1969609821137902,0.39042529703725526,Medium
2.081424167395128,-0.937406677453855,High
-0.048662824694647555,-0.8032492273839836,Low
0.0733408260346502,0.4369082793363509,Low
0.09609342912932417,0.419559603604276,Low
0.23968114124233808,0.42050545358600433,Medium
-0.5856722239307922,-0.30614962787012423,Low
-0.5056774905024071,-0.3565596150030154,Low
-0.5250392180198314,-0.3555561373933731,Low
-0.5837121736465676,-0.3169594029413414,Low
-0.43882923844532407,-0.3961560090299109,Medium
0.1470918228984821,0.44324182513085386,Medium
0.17744194211857678,0.3511147101530724,Low
1.3655079068768285,-0.24594995483085613,High
0.0728125240415533,0.4506757592411438,Low
0.0035251490792205242,-0.8170246362944046,Low
0.039731411275320316,0.498352675756247,Low
0.008994504871951747,0.5165583218507726,Low
-0.014078344813657495,0.49851081599816605,Low
0.002694164507589858,0.45950343618016887,Low
0.5276882387422966,0.017760196506491355,Low
-0.6886561762308379,-0.2532675821246885,Low
0.31009420894988604,0.32309934637265453,Medium
-0.03652265291379836,-0.7084985352439225,High
-0.5853586923946611,-0.3095318939752008,Medium
0.7589344619412433,-0.12063219321857815,Medium
0.029091779120941297,0.5018615975974257,Low
0.1449621108681466,0.4111912653270132,Low
-0.515492403431428,-0.3608275689157525,Low
0.1723295190422618,0.387735383914272,Medium
1.6775497035232811,-0.6676042481029255,High
-0.5665790338032812,-0.36840540432855173,Low
-0.5363316935892419,-0.3430180719137289,Low
-0.5853856425752332,-0.3323393909998802,Low
-0.30754768833642065,-0.45617203753669605,High
0.08388759587725825,0.42358975722003656,Low
0.05451895645658855,0.4545999724536769,Low
0.023780941230950425,0.46126896878425794,Low
0.07060084765888602,0.46274911092035076,Low
-0.5385473851250553,-0.35073065564747985,Low
0.26239902308449015,0.37061013112214414,Medium
0.08862029396188753,0.48551004780219487,Low
-0.5077868602129512,-0.40920860006633186,Low
-0.5538628476658278,-0.32910114206648616,Low
-0.5753065751154737,-0.3216041951538541,Low
-0.5174950995314658,-0.34597427724710694,Low
0.019223483259259044,0.4403096990730748,Low
-0.6928306718628086,-0.2133409920540829,Low
0.6181227974045389,-0.06797353583546434,Low
-0.5621806687283621,-0.33664979101123815,Low
-0.508518619791138,-0.35683197377385956,Low
-0.5985110165029908,-0.3506092989128481,Low
1.819578075591645,-0.7864711568827942,High
0.18610434084874317,0.36340713826197224,Medium
0.13496152009352247,0.4004194654217711,Low
0.3308087780932377,0.3321740859807495,Medium
0.0022435787059220114,0.4781231100393739,Low
-0.5832434613660908,-0.3239742937250576,Low
0.008934706269014658,0.48789895351937107,Low
-0.03847135825080944,0.5071539201398104,Low
0.045727141631160984,0.4420157559741563,Low
0.04226649301411811,0.455634198270232,Low
-0.6993348828147574,-0.23810149991486496,Low
-0.44256227461667236,-0.4032438392716286,Low
-0.04478986656559569,0.5014276872526108,Low
0.35039600469596155,0.32136362773669697,High
0.3065109025649406,0.3586242072197522,Medium
1.7785208189805728,-0.658613380013582,High
1.5808743833486536,-0.6824257419693326,High
-0.5243342609287032,-0.34652897420738027,Low
-0.5300773377297808,-0.36921627691684855,Low
-0.6174046326434703,-0.293175791091111,Low
0.3236303357539063,0.37640621983287703,Medium
-0.5698747087181666,-0.3580437632279599,Low
0.03594999540365024,0.4695477801540019,Low
0.1018515462324841,0.42109622741138364,Low
-0.35358347024356684,-0.4623079753213598,Medium
0.0731506976375999,0.45896962344023984,Low
-0.6022757044452752,-0.31450258212554316,Low
-0.013376296080904293,0.5035839309168298,Low
-0.5764771959855173,-0.34059436927958286,Low
0.008810417059032127,0.47125318533471405,Low
-0.5752521305544054,-0.3628578819419117,Low
0.14941052884508288,0.38821687320904774,Low
0.25008076851704475,0.3461048029192094,Medium
0.5316125096595286,0.11374494286584591,Medium
-0.49921543643219246,-0.3862188203424556,Low
1.290522242426914,-0.3406165329284207,High
1.8246862556939807,-0.8333928184717632,High
-0.4955119028119209,-0.37562586198136827,Low
-0.4378491254248351,-0.36687512346127943,Low
-0.6028382606160306,-0.3217807934050696,Low
0.11295881839773236,0.41622698437734207,Low
1.298403106316451,-0.4637010872087543,High
-0.6363794579935509,-0.278720244908167,Low
0.2380433299080177,0.41342921277679634,Medium
0.09785228896830878,0.4579095706955091,Low
-0.519988644400982,-0.349600466303841,Low
-0.03642808849468537,0.5392219146398481,Low
0.1172417322616287,0.42684691767823446,Low
-0.36508059707602303,-0.45275273758088597,Medium
-0.660374723666959,-0.266306117828863,Low
-0.5910415209011415,-0.3021279012106611,Low
0.026233177276913044,0.505390849846835,Low
0.01843334439707961,0.49969203195078804,Low
1.6096508714081879,-0.6170354722716629,High
0.19807809617386785,0.41940184856345275,Medium
0.07676978328791939,0.44077848467200653,Low
-0.6598786330590363,-0.23321067159712305,Low
-0.5333864716296162,-0.3705078764290565,Low
1.151407679450782,-1.6810775041229422,High
-0.6448169646748073,-0.300539893824472,Low
-0.4656120299923685,-0.446592476665409,Low
-0.5026655855555684,-0.46986932476929383,Low
0.3368580421193591,0.36823391443833764,High
-0.7118408827071161,-0.23824134431850136,Low
-0.5639899386942906,-0.3237044205593693,Low
-0.1257977991737657,-0.746105141186574,Low
0.12313419330011877,0.40077822726126355,Low
-0.5836621117194085,-0.352058036444337,Low
-0.4795273610983681,-0.3854782078673125,Medium
-0.5849786553977299,-0.32955983693204904,Low
-0.5839355263678332,-0.33686115769267083,Low
-0.025572000072560663,0.4744435178344054,Low
-0.5407741788201347,-0.36866900610733266,Low
0.3473014078875588,0.31639597431757877,Medium
-0.13013815283514396,-0.7747655143735956,Medium
0.36732131522080813,0.32705610192623963,Medium
-0.5347398010478664,-0.36230057442803565,Low
0.06985589563718803,0.4505181475680372,Low
-0.0983099646024076,0.5746442479274704,Low
-0.497327019741874,-0.37516576780689664,Medium
-0.6515242185067285,-0.26287443700183666,Low
-0.016947420232793775,0.4984818059380244,Low
0.2348564060459125,0.3725235475122025,Medium
0.29080147477230767,0.37782224019837385,Medium
0.15586417157277355,0.40638567097166156,Low
-0.5114386315243284,-0.36176478583068683,Medium
-0.5746858029835056,-0.31700858359548584,Low
0.23249444017009202,0.37941824718808814,Medium
0.22614374068750576,0.35935153607373893,Medium
0.36317327612440686,0.32618980813853404,Medium
0.17399901458260403,0.42541756950622767,Medium
-0.4934797597906101,-0.34035030321845494,Medium
-0.5939585633470175,-0.29233907316612995,Low
-0.5737866941616803,-0.34218267269337743,Low
-0.027645045010661617,0.5371676443522349,Low
-0.635389590051997,-0.295841892321114,Low
-0.588614706685616,-0.315745699105704,Low
0.02287400019373559,0.45113625025831283,Medium
-0.6006201328719353,-0.3211390395572241,Low
-0.5280489700576325,-0.37938638752976384,Low
0.9958047143022519,-0.2862366292707504,Medium
-0.5052382508171196,-0.3926557957735387,Low
0.0619271855477212,0.4468763560298249,Low
0.34545538441952683,0.3228947135008582,Medium
0.15169633536118676,0.4229684887229709,Medium
-0.5283679105264578,-0.351289068965585,Low
0.10833585514401678,0.4268250225114213,Low
0.09293490159977436,0.403757067494681,Low
-0.5000650030567549,-0.3854740237388218,Low
0.3203645273778858,0.3212439399956786,Medium
0.08657245950698372,0.4120567381643958,Low
0.23590345233587673,0.3611515274736702,Medium
0.3500032834723663,0.3378803142158098,Medium
-0.5061409873620362,-0.3793166066823665,Low
0.21545936103410535,0.38520093333478245,Medium
-0.596372529314981,-0.33348829639619815,Low
1.4500874442319682,-0.4654724592094452,High
0.0014038190426538533,0.4928906454602938,Low
0.19707096370878563,0.4113706787641801,Low
1.8658646270114907,-0.8843103104952934,High
-0.5464272911655824,-0.3684680943136519,Low
0.14765526170222876,0.4578204914001154,Medium
-0.6722678174481364,-0.24323539997357108,Low
-0.5788069678538456,-0.2979696404648178,Low
1.9030260201572753,-0.7635199311534385,High
0.002587317022614055,0.4939528285024991,Low
0.26918816990845396,0.36563992245225563,Medium
-0.5988034626547489,-0.2906684334844749,Low
-0.3808489197679248,-0.4765962607755444,Low
-0.005728155113618183,-0.7090577245388315,High
-0.017821059079910828,0.4782077163281011,Low
0.060885479869362547,0.44600498554339396,Low
0.050915153426169646,0.5037718122858807,Low
0.01721738021588709,0.45551353350230506,Low
0.26706669877116995,0.35487456851525667,High
0.06733082718523886,0.4203660096509183,Medium
-0.6406495901582193,-0.254720990168629,Low
0.013052052196095565,0.5021420888508537,Low
0.02657231288061207,0.4499513725248697,Low
0.33852476294437195,0.32375724908790254,High
0.0329984276704266,0.4799605618002455,Low
-0.6048372543436359,-0.3185513257776611,Low
-0.5050418184243506,-0.3982140070017373,Low
-0.6256478048084653,-0.29409626060704597,Low
-0.18442836493378234,-0.7449645715061622,Low
1.7763991238813468,-0.5692925542907219,High
0.2506031593220833,0.35277281210781786,Medium
-0.5283674804693007,-0.331604527863958,Low
-0.48008039202292707,-0.37527667615025384,Low
0.08861473016079402,0.45151695855310026,Low
0.026825183678757858,0.4746361917050551,Low
1.226730051929888,-0.2670067584895097,High
0.24876075035525835,0.40045929491014387,Medium
0.19986573833956978,0.39104510948449134,Low
0.1231234551726289,0.47093599271289677,Low
0.29973104125881944,0.34931164650643576,Medium
2.1742753627672347,-0.9997042063283873,High
-0.05533875149654982,0.5558941993880083,Low
-0.5074496839291013,-0.36652448509123703,Low
0.6193434945631668,-0.026315692019410253,Low
-0.5491897489287361,-0.36544039633273157,Low
0.27101116423713,0.34441269834482213,High
-0.5390716887986275,-0.3879904049847622,Low
0.1419105204396346,0.41602601700294906,Medium
0.15933076690646963,0.37392200842810286,Medium
0.0005090291731253416,0.5023421432601286,Low
0.031095386292781413,0.43612174469278686,Low
-0.535789363023586,-0.37650211564964253,Low
-0.48133864308307894,-0.3758227747179902,Low
0.23082748611617965,0.3644250004354742,Medium
0.7432764951401742,0.0804132417593103,Medium
1.6952233311265725,-0.6046644374312715,High
-0.5868018298646719,-0.3463957053663733,Low
1.9407421138412329,-0.9237039269033848,High
0.08344678850169573,0.43875395542251094,Medium
-0.5465490221033714,-0.34306993581699896,Low
-0.10511405750789188,-0.784488796547545,Low
0.23754011197902458,0.3938351472724293,High
-0.6469779271386573,-0.28351867336298575,Low
0.23746082659122436,0.4107123411457557,Low
2.17062166179172,-0.9585673499913798,High
-0.4705909779746904,-0.3914976347288459,Medium
-0.517398418918348,-0.363855855433903,Low
-0.5826627711813087,-0.31392288518895484,Low
-0.4587790172022994,-0.4331807307486816,Low
-0.6357014862325423,-0.25314520678760244,Low
-0.05467587614733005,0.5095877866396393,Low
0.021235854322787184,0.48232837220542213,Low
-0.42996839696230826,-0.3624768900886356,High
-0.6187507134429532,-0.33541810143277406,Low
0.60049876301236,-0.025933865086345154,Medium
1.3922113632945783,-0.4045810589448184,High
-0.559578977807303,-0.3414074957707207,Low
1.6878906833630738,-0.704845098367798,High
-0.5847344113966143,-0.34740129971135725,Low
0.22172822674364123,0.38478760013916924,Low
0.23744827359970033,0.3647868974223405,High
1.855422519652502,-0.7117996964837058,High
0.1104048702381879,0.3969827255064914,Low
0.044307604017009616,0.4927108422638441,Low
1.8543164903719782,-0.8763566807139803,High
-0.0002509486969943797,0.48392826080724005,Low
0.20926743944521775,0.3599197867859889,Low
0.8224947573462631,-0.12247208628258233,High
-0.6430487811666928,-0.27154102617228837,Low
0.11131239381907143,0.43521078493519183,Medium
-0.08220435422059447,0.5456967181856768,Low
0.6757881533968888,0.08619806822838161,Medium
0.08736932374875406,0.4556951591675623,Low
-0.5318703672634141,-0.39386913166413706,Low
-0.022294819243929564,0.5009888667602455,Low
-0.5603242548506235,-0.39916788930432134,Low
-0.2616508133174767,-0.49686493910562757,High
-0.6706068844335253,-0.30304652762999534,Low
0.041877240085728795,-0.8688326028334029,Medium
0.12001238971675054,0.4484179911314786,Medium
0.036726334920934356,0.45412691398699356,Low
0.5104407497735164,0.02766260743108112,Low
-0.5677870230990663,-0.34610698141541474,Low
-0.48881839634150315,-0.361712648120355,Low
-0.6498269201325828,-0.28466349931393586,Low
-0.5613698413848567,-0.3385221415961651,Low
-0.5200135399301694,-0.3823813598085882,Low
2.0150043144798007,-0.9019568911699394,High
-0.19776775676906513,-0.7455183239560949,Low
0.10023194129618213,0.460871011514013,Low
-0.5916806664984096,-0.3139048017307502,Low
0.2705534069022012,0.3583834332893746,High
0.110766716122635,0.4063579064917905,Medium
0.06043351802027647,0.5150124859207234,Low
-0.5261110799017407,-0.38762706791383944,Medium
-0.08443051546939168,-0.7950126028972845,Low
0.6558682637744482,0.13223684076781722,High
0.10355025413953312,0.42549445000918973,Low
-0.4648479758348214,-0.40853234583061226,Low
-0.5242326393610538,-0.34485066109710205,Low
-0.5882436107621365,-0.31569849471204253,Low
0.04658002793694782,0.4642770415122043,Low
0.3065574457111424,0.3447558166151551,Medium
0.4645434902240493,0.03058707563523938,Medium
-0.5425895776177778,-0.34418427690690717,Low
0.1674073520219389,0.37198988322078985,Medium
-0.508344108628458,-0.338638386519599,Medium
-0.6185380193828895,-0.32474208872452537,Low
0.07299536738031742,0.44398858049427503,Low
0.34367649341458406,0.2928839846351367,Medium
-0.5576748447090678,-0.3553215786251596,Low
0.05177691090651676,0.47435464175662345,Low
-0.5904705036134422,-0.31751303992841357,Low
0.28711711019901653,0.3957252253471263,Medium
0.08451605867261824,0.4212374610726767,Low
-0.5399245816981197,-0.37005864567214003,Low
-0.011924229795179597,0.49575817511712605,Low
-0.6319679669275714,-0.3266638525218557,Low
0.10581443149564596,0.4515606696578597,Low
0.3002701676950277,0.34420621035344123,High
0.26193013434691204,0.3717038680658463,Medium
1.6431881169176588,-0.6358195971879033,High
-0.03027120540610362,0.5119473437769171,Low
0.06987017582183375,0.4477166093622217,Medium
0.10277512471412786,0.4583103120149481,Medium
0.20765528092392505,0.35277878635397963,Medium
-0.5540826739693436,-0.32766122061088676,Low
0.20754180282100498,0.4122654691246742,Medium
0.3068938921954394,0.2959866071221705,High
0.31927898554464296,0.31521570107309305,Medium
-0.36899702050585137,-0.4152771263277273,High
2.086988966684123,-0.9441451205040438,High
0.36827102074548557,0.3064630613492864,Medium
-0.5273225634269252,-0.3248051270500578,Medium
0.3513400640603995,0.3136028306746525,Medium
1.7425807479294917,-0.6345411606009748,High
-0.5397164635320633,-0.4118234780117303,Low
-0.34338587008070687,-0.4575423889515329,Medium
1.7782034451431465,-0.546094007355495,High
-0.5371039481075901,-0.39757807798188405,Low
1.4850201975064918,-0.41582576068990845,High
-0.6289297997671256,-0.31229998627763655,Low
0.22231364124334185,0.3639571459382226,Low
1.8076944583470158,-0.7780540769023877,High
0.23713490017740146,0.3384881590328891,High
-0.016065187424849803,-0.8143712077329125,Low
0.3291030257338188,0.38478706598188495,Medium
0.38367635224063656,0.06335284202495212,Low
-0.5141529016978469,-0.34355711176250164,Low
0.2629417904046414,0.3782456048276407,High
0.06668642568622335,0.500423144968042,Low
0.004963618045843554,0.4798794309822362,Low
2.1524948080542448,-0.9711464719343644,High
-0.3711275324320506,-0.4331178488840757,High
-0.010910117433446664,-0.804570489935356,Low
-0.5757580230196966,-0.2837662217013669,Low
0.2635624975022035,0.33445355743502075,High
-0.09578145717026781,0.5485396292175065,Low
0.2882604285769865,0.35006033257973124,Medium
0.24744251955701135,0.35511648499411397,Medium
-0.616939666628923,-0.30702016748202793,Low
0.07972712685087313,0.5090356872220617,Low
-0.020110944245966933,0.4754674145342237,Low
1.9070016348998255,-0.80913298964218,High
-0.6137633131635304,-0.3767882569888329,Low
-0.3974240550641779,-0.44733575061008024,Low
0.1857061086623334,0.4301300746553919,Medium
1.6738662097470802,-0.6905089019477989,High
0.14231193600623526,0.42606224225378475,Low
0.04218692073092195,0.5125430027109662,Low
-0.5085249406475024,-0.37029016375151924,Low
-0.5401108137765294,-0.31720173499375864,Low
-0.5787952507480223,-0.3261749929952068,Low
-0.5749052354552853,-0.32117599405508596,Low
1.7265027064572982,-0.7853934894360382,High
-0.6752235212570319,-0.2514018822325603,Low
0.1786139151205659,0.40659742426275347,Low
-0.04722903853390098,0.5255752546534042,Low
0.044701395066874094,0.5026181571585547,Low
1.3666944325945793,-0.4579961231941793,High
1.0842896675090536,-0.3629055641522338,Medium
0.14809291221762566,0.39635049310601445,Low
-0.5231562891724729,-0.36624169466692835,Low
-0.649706675674889,-0.2463593218697454,Low
0.048294466338110076,0.46305200275506886,Low
0.1250573922645638,0.40713161679125587,Low
0.01884797667343563,0.4895976729136502,Low
-0.5204338375788409,-0.34058722761653737,Low
-0.584161898068453,-0.33111998097321815,Low
-0.5358619575043182,-0.3497952734278674,Low
-0.6487158260497201,-0.2891710595904926,Low
0.31660055373631446,0.35314976817563826,High
-0.4934245624762431,-0.403616588797262,Low
0.6843877988974707,-0.049996237858627446,Medium
-0.6066104875705478,-0.34316952282807967,Low
-0.5595895168649724,-0.32873145700468565,Low
0.11502593218715651,0.46946213039133944,Low
1.996730246622681,-0.8554673953644896,High
-0.5384485087575664,-0.36170260340628824,Low
-0.4538072029027732,-0.4010419924012416,Low
0.3098484880702843,0.3066792492101491,Medium
-0.558641689189517,-0.3489978045773048,Medium
-0.5958902137221347,-0.2869727284180562,Low
-0.3502726123130119,-0.4714376103379254,Medium
-0.5821399008203557,-0.29504380135339714,Low
0.37786001959077486,0.315199887288595,Medium
-0.6209244031875457,-0.32188562362343087,Low
0.1371731565905161,-0.9096472716720946,Medium
0.6681121997695296,-0.09220090601153741,Medium
0.32516670213552934,0.3021319566075679,High
0.035936617489233325,0.46334060516672626,Low
-0.4132427175810561,-0.44059533041598503,Low
1.9831248990993624,-0.8767072611622182,High
0.13602415133935675,0.3895591541798974,Medium
0.49934286082756596,0.022903494164193072,Low
0.224158192266534,0.3935135373872738,Low
0.00121901072601871,0.4570403446460304,Low
0.1429112796945271,0.41254306236299076,Low
-0.45775677963717265,-0.38581064199870996,Low
-0.5693851098438026,-0.3586903450064782,Low
-0.5118987242613459,-0.35590512426816046,Medium
-0.6073470468406965,-0.3003886825873211,Low
-0.5915459224558792,-0.31742455816793963,Low
-0.5462091447537498,-0.3397600296516441,Low
0.039814400037092246,0.44744796110128415,Low
-0.5798363459886913,-0.32393118452433406,Low
-0.15976246478005876,-0.7538913764969774,Medium
-0.5811491764594996,-0.31555851424587156,Low
-0.0018987379552170003,0.4564090942704194,Low
-0.5920879174663825,-0.31556223687195895,Low
-0.5490844345790757,-0.33348982338149485,Low
0.09837161162030889,0.4354669532179595,Low
-0.48860788563899465,-0.39383980303412996,Medium
-0.5498491836124734,-0.3459663628431533,Low
0.030753291469183763,0.4801486526233826,Low
0.19059116742707383,0.44593025752027504,Low
0.22894004184060257,0.3846667850300185,Medium
0.02941454661656223,0.4513182687997922,Low
-0.5768087625038865,-0.3406213490820471,Low
0.12465962181437551,0.41875081825380356,Low
-0.600137976903004,-0.31750790235366433,Low
1.4679649676244562,-0.5718898699660786,High
-0.6474285808994822,-0.27711858512772514,Low
0.0880743911634419,0.42573927349656826,Low
-0.5205178070896407,-0.4034143777435245,Low
0.1950904173273592,0.4087180431862486,Low
-0.09781080104183959,0.5255934315980229,Low
0.02638507107615251,0.5386942421544033,Low
0.06869572807477287,0.4304105841090572,Low
0.26338327706498454,0.3956794373836586,Medium
-0.5762330018058366,-0.3660367963608312,Low
0.10082212841570914,0.42823182352277134,Low
-0.005809600252995872,0.4839415395051062,Low
0.013594123823038262,0.44826789178856485,Low
0.2578715807699945,0.35637819037723584,Medium
-0.6158638785203333,-0.3329455347478445,Low
2.0167606507290845,-0.8958775251487726,High
-0.3134046168898702,-0.5035233286113976,High
0.11113394810614086,0.4492698930235759,Low
-0.5880622823929107,-0.3384773573615729,Low
-0.5306097064853001,-0.36360905988871106,Low
1.500216909885429,-0.4833592098517598,High
-0.4091992591736114,-0.4397270326701292,Medium
-0.5499354604055923,-0.3047089669181644,Low
0.05952980353798071,0.496748209278146,Low
-0.06477465714003744,0.5374088651157586,Low
0.14731905873759754,0.38900473801487667,Low
0.2048963627547964,0.3965449145267661,Medium
-0.19494469230091435,-0.7376591155088127,Low
1.1502415012497826,-0.37444849865519253,Medium
1.8523238688955288,-0.7338578888341053,High
0.060180823617896506,0.4741869867598558,Low
0.10946941897900264,0.4274245309970214,Low
0.2067401739408803,0.3756549988233564,Medium
-0.6095734564084028,-0.28947637657745245,Low
0.2697138974228841,0.3429093729531706,Medium
-0.5731259364371004,-0.3307721490195094,Low
-0.54109839666878,-0.3557162383114406,Medium
-0.4662627773058437,-0.41049927681524895,Low
-0.4453094081281113,-0.44353214741348734,Medium
-0.6231561569415216,-0.27512647989203737,Low
-0.6439083251025098,-0.3013519726795213,Low
-0.5016358197971778,-0.37722687853327186,Low
-0.5904234075074966,-0.3367493344751573,Low
-0.5159469460650581,-0.34558437386190977,Medium
0.06803593041587297,0.4455506843991418,Low
0.2539511789944716,0.3609263080043462,Medium
-0.36002404968298285,-0.4312818668386443,Medium
-0.544029121797575,-0.3331913250028469,Low
0.039028545265132386,0.47710385577714776,Low
0.9413323843835617,-0.0212741370720968,High
-0.03713962167309387,-0.67255394424846,High
0.23954579042906776,0.34874138423926937,Medium
-0.5275771276027734,-0.31212366287190474,Medium
-0.6135529828105096,-0.2873768852065556,Low
-0.6234221666144538,-0.2682820716036752,Low
-0.6542163536789867,-0.27360439964668226,Low
-0.5870861500799005,-0.3551095120978795,Low
0.24661772294562279,0.40840112431092046,Medium
-0.599533414717423,-0.30566137969403756,Low
1.9755829180549382,-0.8456293371683186,High
-0.04394777460743504,0.4918994004564269,Low
0.24356636259260978,0.4090774304093806,Low
-0.5882817949884585,-0.31200674248594606,Low
0.028860310227917796,0.46273619015972145,Low
1.3153440918542187,-0.45096232982707557,High
-0.6142297920332946,-0.28774541025619715,Low
0.5286717735259012,0.002742153954280069,Low
0.27294364382455394,0.3494875674936443,Medium
-0.5497785585554767,-0.3051486798856796,Low
-0.4932151495716573,-0.38581306968472917,Low
0.29695703022806774,0.3287955304916936,Medium
-0.4568821090812695,-0.36380164487180455,Medium
-0.5187885744659408,-0.3544443806990061,Low
-0.05165762891960046,-0.807237392194814,Low
0.2751889727364909,0.39264615854064566,Medium
-0.48755875681964156,-0.373719614321896,Medium
0.09760824035418891,0.4215338980223923,Low
0.2336977005474815,0.35689464350091515,Medium
0.01432566613758357,0.46325825247569896,Medium
0.17064058876803423,0.392393055879364,Low
-0.008061238121424119,0.4673187881008485,Medium
-0.06097517696211546,0.5501433702757971,Low
0.12064307246726491,0.4144308624552382,Low
-0.5683398855172901,-0.35255225324979866,Low
0.16251666430854794,0.46425034327677206,Low
0.06196599472720982,0.4522022094412004,Low
0.1057907251724286,0.49073750212899747,Low
-0.6035635205798999,-0.3083297206894711,Low
0.2541452629718003,0.3885882609401532,Low
1.4131311501405512,-0.4090545702261024,High
-0.3349718056818078,-0.474805619095607,Medium
0.11332910925407058,0.46504788015504916,Low
-0.5401744881921657,-0.3566297472413946,Medium
-0.5022695925761101,-0.3385227373637938,Low
-0.5628693413498481,-0.3504138156457616,Low
0.10753153973224461,0.4518651656041278,Low
0.11139530933231323,0.4428137946717078,Low
-0.4850635949123624,-0.39258571644704354,Low
0.01591787095914643,0.4887858310786525,Low
1.4203940754683788,-0.46784015175627597,High
-0.6495255951112153,-0.27841268164218413,Low
1.526876129705269,-0.48536529540880796,High
0.3575978980717398,0.0881747383283798,Low
-0.28953814220946894,-0.4959458994706259,Medium
0.02015938095247294,0.5153713251144707,Low
0.06911576573175526,0.42394997728452566,Low
0.22287943221714657,0.3986528690270891,Medium
0.09408466527358567,0.4335057270775241,Low
-0.551398161916256,-0.35451513235381604,Low
-0.5059704658593904,-0.3851135148612133,Low
-0.6114833643364644,-0.28995233922642166,Low
-0.5713375784615639,-0.3207763553182724,Low
-0.6111675289886234,-0.28950628860796346,Low
-0.013727504717042427,0.5098671348374826,Low
0.2547520038722082,0.35868597950239034,High
0.07434159898029968,0.48053055603913386,Low
0.12097819336547866,0.42196494529236606,Low
0.06354639415300145,0.4208472055096443,Low
0.03836085391401012,0.49033497004105187,Low
0.31853882459017313,0.3405192173688033,Medium
-0.0027866915657686064,0.48283430270835037,Low
-0.5341671409913439,-0.36863849763558754,Low
-0.46448556808920255,-0.4086266775349673,Low
0.032591711156885084,0.4417738141551075,Low
-0.5729305152826268,-0.34138414103193415,Low
0.03668625740908249,0.488390441149546,Low
0.46617746962289175,0.25514101882431817,High
0.05559283086585831,0.450622427063618,Medium
1.8352922826160707,-0.709347190128666,High
-0.6158668050380949,-0.29691963410538824,Low
1.5369015855255659,-0.44192189395237763,High
0.023388597366275632,0.46285581589586033,Low
0.13594890908512536,0.4148739369936011,Low
-0.09551098528311852,-0.7858107632615664,Low
0.29857212874490147,0.37702275698855126,Medium
-0.6525573329746184,-0.2822741546343832,Low
0.04944820461622762,0.45779010634601025,Low
-0.5572611044020249,-0.3917102979187991,Low
0.0666413467938044,0.449384237863955,Low
0.058015874491434916,0.4083199563968938,Low
-0.06561134392250434,0.5469029275315739,Low
0.05589387525705075,0.43714073306291346,Low
-0.09947982445494608,-0.6255303322104291,High
0.39730908443922575,0.06331606780975979,Low
-0.10687404903002151,-0.7894806974162049,Medium
-0.6296514071953866,-0.287315782905003,Low
-0.3798746397632757,-0.4114342026463458,High
-0.5806887749247605,-0.33128148410980013,Low
-0.5213371782803344,-0.3689973867850069,Low
1.7158673251982741,-0.7749267118604504,High
-0.6651372456009648,-0.279699831881338,Low
0.3862211753285172,0.33854509689506507,High
0.06323201004359691,0.46121587554928356,Low
-0.5209132723096398,-0.38521941707549195,Low
0.22529067386498625,0.3856406095762276,Medium
-0.46362587195153543,-0.4207717702559424,Low
-0.07394575675718162,0.5412913852104358,Medium
0.16500919185049412,0.41492870800944703,Low
0.047484151612317005,0.4605711350066276,Low
-0.594922277902844,-0.2894754689539854,Low
0.2542579181279043,0.34673141268589724,Medium
0.21704269893039163,0.373128484638267,Medium
-0.005680151681495271,0.477082687810645,Low
-0.4593790814299478,-0.411529177196283,Low
-0.6550610283639476,-0.27348314878622215,Low
-0.6153788034323654,-0.28754368520364804,Low
0.057032437595926466,0.47449512837080643,Low
-0.04546864157622488,0.5204124739632342,Low
-0.10173937245870246,-0.7883006823593585,Low
-0.5609121668767062,-0.34248389471440743,Low
-0.68022932242169,-0.24858500411538276,Low
-0.03468783280188953,0.5225720357624611,Low
-0.514144021328826,-0.3707359234417318,Medium
-0.5128147625695455,-0.3663969173442136,Low
0.07864917097042673,0.4301567678928133,Low
0.08911196604513477,0.46552109117698537,Low
0.04138775347580981,0.4689984010204614,Low
-0.588948791225578,-0.34778503116084514,Low
0.24759113430587087,0.3945374078787247,Medium
-0.7226090930137975,-0.24496012888855767,Low
0.08357135494151285,0.4804816299273692,Low
-0.0697405100071603,0.5411888379425632,Low
0.007916231428574783,0.48062166969440157,Low
1.625323755274841,-0.7431079414154834,High
-0.5926117359781807,-0.31383619568271404,Low
0.09960321310787557,0.42757930244383335,Low
0.31118198953584464,0.3139922950340864,High
-0.4593590728413508,-0.3915312637227859,Medium
0.02228130001107631,0.466791260824048,Low
0.0038899832481123497,0.46399391361640063,Low
0.5255678774558245,0.002277065198563022,Low
-0.3945674604079871,-0.40376710454274656,High
-0.5146188571274156,-0.3720065448471837,Low
0.015246716348303824,0.4993131039490549,Low
0.0010510962426875659,0.469478458900641,Low
0.007686414756938098,0.5053638392801306,Low
-0.6329306488857477,-0.27920373544943805,Low
-0.5708288831081841,-0.33415199250180383,Medium
-0.5187806911952277,-0.36390227780531637,Low
0.17428615078372156,0.4141659080270741,Low
-0.665168983154036,-0.2674621194364827,Low
0.11872286006660315,0.43637517533258197,Low
-0.024164466387792016,0.5121266151982502,Low
0.20331492340703827,0.4264324584049535,Medium
0.10626103340890347,0.42170610212571147,Medium
0.3148113468341628,0.36334922364811795,High
0.5047978746004558,0.004217361933430752,Low
0.17061664932847487,0.40188702436686674,Medium
-0.023933564253652395,0.5106226091515594,Low
-0.5188320674570881,-0.35381621532488344,Low
-0.5618651424984494,-0.3516520547795473,Low
-0.1682947163879775,-0.7343867049013867,Low
-0.6542167615643026,-0.281453353207889,Medium
-0.6538063141155448,-0.27197107203594156,Low
2.1624420929453,-1.002074931052518,High
0.12083464144877443,0.42076940257879647,Low
-0.560482619986273,-0.32066064116403675,Low
0.08605778060267916,0.4206043427827739,Medium
0.004091202191389809,0.5115225913688707,Low
0.081262434545193,0.4452370999508747,Low
0.23988573042240857,0.369194866931843,Medium
0.9427691586649831,-0.2543303857928381,Medium
-0.5000431077942122,-0.3298957595284622,Medium
0.057076269897375465,0.44283597684502507,Low
-0.5635981557234879,-0.30625900433890596,Low
-0.5571669214064633,-0.34472668044972254,Low
-0.061540329336298105,0.5318064137767109,Low
0.0466073122941828,0.4673615540400874,Low
0.049741279654026804,0.511288242807115,Low
-0.49549084523483733,-0.38245548311002253,Low
-0.501349969608348,-0.3591857368426056,Low
0.05620539964370058,0.44894688423122653,Low
2.068288438366854,-0.9410706868900114,High
0.14166075715340976,0.4301923485799345,Medium
-0.5083814067689136,-0.33920706959114794,Low
0.14358883559058488,0.42418075671689637,Medium
-0.13637202569052143,-0.7751600802876629,Low
1.8912151817713447,-0.8882166243014384,High
0.3203602071919188,0.29596418308150096,Medium
-0.4701484046798805,-0.4043218167010688,Low
0.11938696235037993,0.4258206155679026,Low
-0.12571280228888465,-0.7611743895229693,Low
1.7574399873703788,-0.7083959294018182,High
-0.5094818885568468,-0.3746814525835579,Medium
-0.36820392404017854,-0.43113906689794523,Medium
0.30089457653793195,0.32855436654964093,Medium
0.21437034117034925,0.36388460555975877,Low
1.852009406127887,-0.7648113660301078,High
0.16706755045162947,0.4166747559059425,Medium
-0.498677906983581,-0.3577682424741509,Low
0.2880231042193242,0.3917197042236592,Medium
0.1128784257376727,0.4166327516657896,Medium
-0.46039230346837023,-0.38764319963873717,Low
-0.6008223309565088,-0.2955575542992419,Low
0.13766213523868442,0.39792657947411414,Low
-0.6258096133723894,-0.32507049032852303,Low
-0.42915164206015266,-0.4117480226938954,Low
-0.6499276809361872,-0.24963069592298068,Low
-0.01730308107281886,0.4919603314419746,Low
0.07167110423223966,0.4364354506091528,Low
1.5398997038359965,-0.5426737787607292,High
-0.6572613710852382,-0.2691616976686657,Low
-0.5847313313346065,-0.2658655613806108,Low
-0.47339765244474075,-0.3754588563896285,Medium
-0.058179221039525275,0.5262958368266093,Low
0.0757220882650883,0.4799566849774286,Low
-0.5350143379801049,-0.3653054994451014,Low
-0.5461515522688026,-0.34108539565477186,Low
1.4100629131955749,-0.4398585650634796,High
0.5004579483031021,0.1558371808229786,Medium
-0.4619042190104453,-0.41843562330520356,Low
-0.34158692358685144,-0.5060664636619259,Medium
1.864300569138628,-0.770056018897593,High
-0.5673741139476491,-0.3598443023088848,Low
-0.5077075955252112,-0.3507301260419785,Low
0.020734059362665314,0.47618024423459826,Low
-0.5990529408378531,-0.3287282362496645,Low
0.1150571429393965,0.42899085675206927,Low
-0.004701642861455524,0.494219220851857,Low
-0.5306050221682679,-0.34953221689035935,Low
-0.4901403760667671,-0.37015020606299376,Low
1.62681060643394,-0.6182295436195091,High
0.12316876567540058,0.431169466374705,Low
0.11859419825703799,0.3989932178028738,Low
-0.4884645113874003,-0.3696550455419633,Low
-0.5159175243995029,-0.39147995078663533,Low
-0.3827120922384367,-0.44337493455323845,Medium
2.0598941498185805,-0.9442931891757131,High
0.43522856159711,0.26338075796823535,Medium
0.35412378189955884,0.32004371413100435,Medium
-0.005140148948059919,0.4926844323641838,Low
-0.4729428930784186,-0.3762674861670751,Low
-0.5977379237917546,-0.31678096692545055,Low
0.08830508273839699,0.41866999726857723,Low
0.003548524356866034,0.4842751340272714,Low
-0.5024999843134614,-0.38526932945844483,Low
-0.11924750262117495,-0.7629112418318461,Low
-0.513895085091811,-0.4222791442515704,Low
-0.5355808214964173,-0.3509555506789562,Low
-0.4748239791157299,-0.40498319710830244,Low
0.11407050981890621,0.46022278127838423,Low
-0.5590118951943579,-0.3448816591909831,Low
0.44021360061414283,0.056429941035109954,Low
-0.4905218241134762,-0.37659769637248697,Low
-0.613622803457825,-0.2877746680507739,Low
-0.5245537442947276,-0.3562335978952529,Low
-0.04373599366515646,-0.6911990944744909,High
1.8379541447160477,-0.7655595015105044,High
-0.6300513116418818,-0.3144812407684706,Low
-0.3672745022623285,-0.42194996957594844,Medium
1.8763090060796543,-0.903246996711023,High
-0.5520826814643356,-0.3647515177148154,Medium
0.2577055225253013,0.37856479999641535,Medium
-0.18971868509100304,-0.7422145824434672,Low
1.8069942232908474,-0.6772829667268255,High
-0.546729163264374,-0.40545693732119703,Low
0.0646614100991939,0.4846015481042937,Low
0.05291852688374521,0.42697506278127517,Low
0.2734021630169453,0.406594252465977,Medium
0.15651273458441162,0.41206348570896867,Low
0.22378878766435228,0.381488465574923,Medium
0.9517944701193686,-0.29304924571762764,Medium
-0.06505890479443821,0.5305659267351915,Medium
-0.5609185909274482,-0.3540406086321053,Low
1.471756013468877,-0.3996481294117135,High
0.1807699837290071,0.45629187291294804,Low
1.0972795237275539,-0.32144568904930165,Medium
-0.616824218931489,-0.2574455502152383,Low
-0.46952325612978185,-0.4173178267988755,Low
0.2131072538507094,0.3945592208900218,High
0.37077732502947136,0.31207119899743907,Medium
0.3737486322625143,0.31019444939062435,High
-0.5258005581709377,-0.3303599260498269,Low
-0.43743360511980794,-0.3941881626678243,Low
1.5208831938059648,-0.6390364988145143,High
-0.6574075380422157,-0.2892390592341066,Low
-0.41087971230942727,-0.42635717884368773,Medium
1.6466169035143519,-0.7057729671177043,High
-0.6110867539767352,-0.316712641652123,Low
0.13483709997270577,0.4584665950907164,Low
2.0552282720571062,-0.8743643730043863,High
1.83144578621593,-0.7640399242038031,High
0.19154463980052694,0.3781579411885987,Low
0.12644231302714593,0.43221969651032555,Medium
0.1283543785778143,0.43478771496631685,Medium
0.3973906067605669,0.2864630450678441,High
1.0245928926806231,-0.3285756571789224,Medium
1.6112970734240195,-0.6705504850023133,High
-0.33654992337990186,-0.45523792940217284,Medium
0.3371744707773512,0.364622953316886,High
0.021313864127671556,-0.7360654100453207,High
0.16119552680262672,0.4460339726992134,Low
0.10686747193125345,0.46925187835635973,Low
-0.5284008234347028,-0.36257398324675133,Low
0.14574377367871716,0.40787893916508977,Medium
0.05273906811929252,0.454761034275481,Low
0.06768015828254459,0.46487226611591026,Low
-0.5267315445574916,-0.3668830493024715,Low
-0.5332589205075868,-0.369543953075403,Low
-0.6298910224152199,-0.30490780351390834,Medium
-0.5182655872316576,-0.36946822408290386,Low
0.21047543801510316,0.34360435266582856,Medium
-0.5371976056286893,-0.3522379946725106,Low
-0.49970699556263154,-0.3990661898133921,Low
-0.1413292853723217,-0.7636584475273932,Low
-0.522972028974949,-0.3766304541231753,Low
-0.52067859226627,-0.36159784972618836,Low
0.14779285389416996,0.3857821476645339,Medium
0.1002870269103378,0.44145320619786466,Low
0.14895091406140215,0.41605628642523973,Low
-0.38316948429683356,-0.41999278181885963,Medium
0.8180564984421561,-0.11939112451058254,High
-0.5287045626832079,-0.35006095550686767,Low
-0.16638333959771157,-0.7322019783374303,Low
-0.5038175593923951,-0.39091128950235177,Low
-0.04740639439624672,0.5196817075961887,Low
-0.5438173403895314,-0.35638282364893636,Low
0.014441400853036801,0.5233699015946219,Low
0.07629549508990008,0.41428358529075504,Low
0.2595481140408946,0.36693278861960066,Medium
-0.4966767926236998,-0.3404320486864231,Medium
-0.5142137655452969,-0.37594499140006304,Medium
0.02023567490410333,-0.8264824947199584,Medium
-0.5504231498179577,-0.33962375398046163,Low
-0.6418399136170245,-0.26810332923015423,Low
0.3483780013074491,0.3082533080709,Medium
1.8002179235960096,-0.7912782326509034,High
-0.5489432635928583,-0.35800886158392536,Low
-0.4331640498884626,-0.418882167513542,Medium
0.23067629149602453,0.33754817823694006,Medium
0.14272665812174523,0.43673293359370247,Low
-0.6224011313022072,-0.28717128745510695,Low
0.21432916689809411,0.35469347826838216,Low
0.3664529901175946,0.08753622239943998,Low
0.23763667133423516,0.37415853007879396,Medium
1.9192740144674694,-0.9470268648268841,High
0.4972719697780996,0.010034170715943647,Low
0.26446898476935177,0.3700358403967886,Medium
0.0034737269209191846,0.48566566268214395,Low
0.11349256409232811,0.41713717034768905,Low
-0.17544313514551088,-0.720327399831756,Low
0.28671536828099986,0.346620678761155,Medium
0.008185745414325818,0.4618097241102491,Low
-0.4375974520335842,-0.43823517121742517,Low
0.11704035693235548,0.44915123092671894,Low
-0.5045797505389331,-0.37512628915538815,Low
0.9656527215816813,-0.23043431919980056,High
-0.5464658259082034,-0.35827271593119325,Low
0.04552232761652225,0.44484729497840036,Low
0.23754778803580878,0.40372122640129304,Medium
0.030409936557855843,0.45257102521753634,Low
0.3557285768639954,0.3485095992910008,Medium
-0.08329675581762525,-0.8514050316487284,Low
0.6074902986133286,0.019281069965176922,Low
0.1206396252028028,0.4295739979129092,Medium
-0.5219800609137202,-0.37876880370117116,Low
0.16924044103508595,0.42812501722202956,Low
-0.591828887685553,-0.2950556097529021,Low
0.02411130567352837,0.4732904134134812,Low
-0.01247356821267831,0.5019823369743946,Low
0.07000192529789395,0.46004893751715537,Low
0.21483760625927495,0.3686135021250191,Medium
-0.5895217895172871,-0.3441284695222593,Low
-0.5614443745748975,-0.34122409919885144,Low
-0.5365837408431827,-0.3709091435875338,Low
-0.0679934000757616,0.5193620366448881,Low
-0.5869602464976056,-0.32561018347733095,Low
-0.4837053542322243,-0.3939559921075716,Low
-0.5061515398876213,-0.3724720813145109,Medium
-0.5907840151667441,-0.32883551354403656,Low
-0.5768577313252208,-0.3450109827241426,Low
0.001984321690035873,0.4881836137175932,Low
-0.567533039376568,-0.35086533011286836,Low
0.2752150888915089,0.38745241526044694,Medium
-0.0399555569576604,0.5068269436412814,Low
-0.46928752324330536,-0.3336837731200857,Medium
-0.40224500042444494,-0.4006891383832849,Medium
-0.013104306842212199,0.4916017448203661,Low
-0.023729276330021087,0.4943659744812128,Medium
2.00636311076979,-0.928928751119589,High
0.14653433309428798,0.4149839061133598,Medium
0.09196858785356149,0.4224738729861801,Low
0.038357308129094714,0.4517415613418383,Low
0.25124862965554384,0.3865950110586879,Medium
-0.6089864514409966,-0.30345311143028547,Low
-0.05955677858141173,0.5291016578245632,Low
-0.47317331202519897,-0.41871060710975144,Low
-0.5564868012416073,-0.31982264460980403,Low
-0.6458983680512608,-0.2936317898496601,Low
-0.09326401799905115,0.5507603789161333,Low
0.20919535884644636,0.3854612498819344,High
-0.5199939982154701,-0.35131420511952416,Low
2.0010572820092927,-0.9381864667671312,High
-0.0863483891078281,0.529775486910191,Low
-0.5148032169957094,-0.34657556126437705,Low
-0.5141027582849889,-0.3380106078330942,Medium
-0.0409446530414499,0.4940497012669488,Low
-0.0668009563851617,0.524938528146499,Low
0.04550366626199975,0.4567974375521886,Low
0.18666360701444584,0.4096897290203886,High
0.16602390661300737,0.413216012610889,Medium
-0.5448083502560779,-0.3366444605813472,Low
-0.5487881409452688,-0.3343712337939695,Low
-0.1117390829163108,-0.7957724880919271,Low
-0.5239433401914351,-0.3471102264925788,Low
-0.5753294988879938,-0.3005575968764027,Low
0.3160017878140511,0.35905620141209005,Medium
1.7313541486054433,-0.7134979587450984,High
0.041946107019759316,0.4617484267398385,Low
-0.4396933066867709,-0.37462118135275746,Medium
-0.012146672013804982,0.46454219205321057,Low
0.04530664137918888,0.46814063205944667,Low
-0.47388870509128134,-0.3743219347340595,Low
-0.6180702106956114,-0.27967578750080174,Low
0.5586112435719559,0.004238929761277099,Low
-0.6571600614808168,-0.26914238606235447,Low
1.002392850139722,-0.28548772616199464,Medium
1.5992097748254614,-0.6238552990397151,High
0.154211137260702,0.38973723370123736,Low
-0.47092834814291057,-0.4436035343806687,Low
0.09338781538732344,0.43817424220887624,Low
-0.5128412977146195,-0.3528774577577372,Medium
0.1839447750283374,0.3835131276507725,Medium
-0.5983781664946526,-0.31709348155248546,Low
0.019255108441460056,0.46797185605071034,Low
-0.6831306431336537,-0.24211494323730678,Low
0.08307297294427107,0.4653307345145189,Low
-0.10322227004441104,-0.7662446329370951,Low
0.0008445408549446753,0.4706997301984054,Low
0.09173144623137724,0.4622431484641648,Low
-0.477653709946289,-0.4165202746349338,Low
0.14926927207392882,0.45880857140018605,Low
0.19811139346297568,0.3994170127381652,High
-0.5878535126520616,-0.3035401341010717,Low
0.6972527242250279,-0.05512681413373477,Medium
-0.5502623286121089,-0.3665069295080112,Low
0.9726256369595705,-0.2821528581578891,Medium
0.037280201740341856,0.46979326809557553,Low
0.6661469661522135,-0.046406359946762565,Low
0.45551550670329655,0.06003188190101355,Low
0.7119235240678676,-0.09300450222854323,Medium
0.2986773712668681,0.365002244636756,Medium
-0.5271247551617539,-0.38064554115411164,Low
0.04866895360307,0.5118060015396947,Low
-0.269046100805559,-0.5137878205422122,High
-0.0012440870835886964,0.5458343448430107,Low
-0.49864934072849537,-0.3744934297853284,Low
-0.4623213430449582,-0.3985013972291272,Medium
0.0761393413827629,0.4830128773774637,Low
2.257218779279733,-1.066242152083949,High
-0.6383396485679633,-0.28649215671659306,Low
-0.5280206509695944,-0.33957215127231655,Medium
0.0632052127125437,0.4692715370157986,Medium
0.11407007866955987,0.41432268350813317,Low
0.10411582247959805,0.4619601265073551,Low
-0.5534816749981829,-0.38354657228958755,Low
0.44115411405077254,0.27204548712568477,High
-0.5554814853309935,-0.35629179846822545,Low
-0.523432093200033,-0.32711670227261586,Low
1.519361919088572,-0.6366041456357789,High
-0.6006214296871119,-0.33810752871800653,Low
-0.39889964403453876,-0.4410607346002388,Low
-0.06588676752726441,0.5156663548689308,Low
0.09456897558703731,0.4273751864362709,Low
-0.10464255666626998,0.5507755173050171,Low
0.060578852436759034,0.44290036800813437,Low
-0.006343829858196259,0.48323268646231854,Low
-0.534255296596549,-0.3677415525438726,Low
-0.6100862976339277,-0.2879383236486217,Low
-0.627457028729976,-0.3047025959606453,Low
-0.5935684870749706,-0.33963942038293027,Low
-0.5373770952163974,-0.3675179699896044,Low
-0.6238254344766665,-0.3303387837241634,Low
1.4188756109105036,-0.3304036350791538,High
-0.08707836014613696,0.5640504506289344,Low
0.11384503383355171,0.441776096589067,Medium
0.13886818748310625,0.4356980241446413,Low
-0.515873276801535,-0.32956736792283337,Low
-0.6473712874112594,-0.2572779124829567,Low
-0.6042750960193233,-0.3380990570342365,Low
-0.5560247286301999,-0.35315314229417616,Medium
-0.01944112893105099,0.49295172986251523,Low
-0.48764775014107303,-0.337004373642815,Medium
0.023842825675855273,0.5314766337021499,Low
-0.6670201187543827,-0.2558666064667017,Low
-0.5523750166350153,-0.3195299654796985,Low
0.24786321914192466,0.4187939583325607,Medium
-0.013331353667564272,0.49010544032801473,Low
0.24138170206742537,0.3836567102471846,High
0.09358774023856692,0.41503155785168533,Low
-0.5873085157602878,-0.3171649775832944,Low
-0.5313650619387469,-0.37589870574440365,Low
-0.5320654084007306,-0.35674120426423306,Low
0.1174294968532742,0.4558984991023102,Medium
0.07662038609502236,0.42881461038299984,Low
0.005343027334613226,0.4860079238406402,Low
0.06478928520354882,0.4287444610137585,Low
1.4520193537492416,-0.6015661432215198,High
0.09067008435745416,0.48118815626617883,Medium
2.2091536185644616,-0.9968031465726632,High
-0.6503193459456107,-0.28657912603543517,Low
0.27598665395471067,0.35340777967312986,Medium
0.008106968798510583,0.4784502129051277,Low
-0.5401018820691252,-0.34562291970385844,Low
-0.49640134869183566,-0.367611493612568,Low
0.15424997021968134,0.41615145769471473,Medium
-0.6450454752060476,-0.26615925497262233,Low
-0.5084838915143266,-0.36996820448131107,Low
-0.055271150785680956,0.533082116093479,Low
-0.5580585548778801,-0.31273520859928405,Low
0.06398998083149315,0.4812687854413594,Low
0.11023200714083992,0.41145103836549246,Low
-0.1012891234643637,-0.6201358533133505,High
0.3023675433472581,0.3259509671011595,Medium
-0.5807909228825517,-0.3071684741379685,Low
0.047093532271102134,0.4390331337080886,Low
-0.597992231574307,-0.3230086780423817,Low
0.8714798607392866,-0.13834866554553804,High
-0.5493464522181081,-0.3484956148110936,Low
-0.5033112959892232,-0.3645936986587126,Low
-0.030722469551915987,0.4993389508837416,Low
0.049470404386131095,0.4336842673015229,Low
0.16257844175388325,0.42453948849289413,Medium
0.154797162701247,0.3903097534235348,Medium
-0.02885713662101591,0.510282838621534,Low
1.2894837799829573,-0.3724234390992662,High
0.14191272452212988,0.42179243257070886,Low
-0.4823001727924691,-0.3911673831776725,Low
-0.013910846248939679,0.4949962812815063,Low
0.008628753539005163,0.4640795914273912,Low
1.637769494899845,-0.6168734513335878,High
0.06994459588236301,0.4422748298077045,Low
0.4250220231485873,0.2635337256728811,High
0.029293283471168663,0.49424762483836227,Low
-0.03401179412293209,0.5148735320223662,Low
0.18350487702784013,0.37948763881100167,Low
1.298076135070546,-0.28961834301501277,High
0.057597906331338045,0.42170357429690075,Low
0.37516071324719424,0.3538648610745737,Medium
0.1588691105772957,0.3988859540469307,Medium
-0.6271025820940345,-0.26939804401826106,Low
-0.596564584837312,-0.33700296046981587,Low
0.015637678237264585,0.4535724828655914,Low
0.026955791543447682,0.4776579910104517,Low
0.1629141729561936,0.37695560434679554,Medium
0.3235458875714735,0.34573585507591853,Medium
0.07162553235647379,0.4490399324495683,Low
-0.043105916259567445,0.5310013868058538,Low
0.07958396559397735,0.4295040199864727,Low
0.28607107592869774,0.41714736138392017,Medium
-0.03687712446581337,0.49498069970335923,Low
-0.03371394929262994,0.5537351717652447,Low
2.2832840025678216,-1.0703029908941124,High
-0.05557024943487421,0.49229745672785974,Low
0.03919956711154571,0.45943854590152955,Low
0.7434512742257608,-0.09195198812186023,High
-0.6612534897978859,-0.27008497645259744,Low
0.6750520822762607,-0.07525294761420082,Medium
-0.5547103380759899,-0.3822128714046582,Low
0.30117809872546153,0.3515985573662178,High
-0.5799633067702835,-0.36307401471644707,Low
0.18046252529006268,0.4273497272159845,Medium
0.04121438080297679,0.5083301851679882,Low
0.09778188858254433,0.44750281037691564,Low
0.11608831153304489,0.476628641427846,Low
-0.5057346463574458,-0.34911478144632146,Medium
0.08046523520967341,0.41686109735652266,Low
-0.5638126566563577,-0.35192631735111773,Low
0.050052911543701506,0.43688800429063934,Low
-0.6605113177209718,-0.26223545584620367,Low
-0.10605560838928879,0.5663263009237532,Low
0.058261966769393825,0.45586415692345794,Low
-0.12320782230675953,0.5871792146477428,Low
1.7771850118237864,-0.8102513841911599,High
-0.5960436177485242,-0.2805629238164745,Low
0.5468702590705511,-0.006766868348287491,Low
0.03256510068815299,0.44272763851297403,Low
-0.5230172167858947,-0.4217158149330952,Low
0.07476349159135043,0.4226048919096025,Low
-0.5782335565151835,-0.3115321535135007,Low
-0.004666733346079699,0.46227725883335913,Medium
0.21255756212598687,0.365664718991605,Medium
0.36006470748020214,0.31486247197912587,High
0.0565336478774055,0.4288797874503475,Low
-0.5316394184354505,-0.4065114016168625,Low
0.03935189352104773,0.469438628041997,Low
-0.03706200233701873,0.5154896441046131,Low
-0.4764941070333064,-0.3661870281622409,Medium
0.21233427207523559,0.3885789302752308,Medium
-0.4615250294044273,-0.40498423226365965,Low
0.15397858272758247,0.4318914038378656,Medium
0.7294247434990206,-0.10451608269156593,Medium
-0.20931609927514178,-0.7210464164545268,Low
0.3034809794366915,0.3282318713896745,Medium
0.07460743262666936,0.4469407928779441,Low
0.031461992061086796,0.4691459421248868,Low
-0.033100866657234884,0.5037324306208002,Low
-0.5636364359103995,-0.34070844506633613,Low
0.3082500520313146,0.3390588352327636,Medium
2.3435765695766984,-1.1050559370669704,High
-0.6084100276166777,-0.31425006372131237,Low
0.34318775042184524,0.34153521382269847,Medium
0.03454971044944588,0.48772648329314017,Medium
-0.4780231166278238,-0.34659241457965384,Medium
-0.4812486995778409,-0.3578835685681704,Medium
2.1972988464247907,-0.9762582563152432,High
-0.62175320171389,-0.33165751322424253,Low
-0.48741962984296805,-0.3471809789031532,Medium
0.2775251974091344,0.32339093485061826,Medium
-0.06734802089857811,0.5465743629855142,Low
-0.4688229715425202,-0.3996970294594557,Low
-0.5956262347023612,-0.3145350019048896,Low
-0.5717117326923777,-0.3541004777612988,Low
1.6533729797325944,-0.65291666440493,High
-0.03361237723264365,0.5038437614241489,Medium
0.15297475408922045,0.4301595278854169,Medium
-0.5174841116451497,-0.37297305886608223,Low
0.22450176210303985,0.38538399739543616,Low
0.2571096998876309,0.3803428370349192,High
-0.6698689127030002,-0.25968367743448456,Low
0.9899419249586481,-1.514354994477177,High
0.25855583278277594,0.36152589954211245,High
-0.43193991018398487,-0.45416770796758993,Low
0.15784877462665192,0.4378240828931943,Low
-0.6270558295973515,-0.3136308907263683,Low
0.13316687401372684,0.42204640113732483,Low
-0.04776509146673008,0.5597669706790213,Low
-0.49725768488453564,-0.3527328201908593,Medium
0.02722911694876029,0.48477698063725105,Medium
0.3263086918226188,0.3441524431946281,Medium
0.2370774465975879,0.38202419706974367,Medium
0.03707118012878624,0.46171218154862925,Low
-0.6413162427862842,-0.28353840544685804,Low
1.6481918107200422,-0.5495591662939843,High
-0.6010361197903746,-0.3413736131258077,Low
0.2718308366282668,0.4119351212611774,Low
-0.5870064545811275,-0.3296437408880667,Low
0.24718394404599087,0.3634377963295319,Medium
-0.04123763269437847,0.5053774172199171,Low
-0.47585990830227576,-0.4160022301876537,Low
-0.07025923006488188,0.5458625928150914,Low
0.33049719021780677,0.341171080241776,Medium
-0.5719419473139763,-0.34479853411758343,Low
0.09295968337819299,0.461587401392588,Low
-0.6260593018071736,-0.28130503961541764,Low
-0.43203949746804277,-0.42722753825797455,Medium
0.9520345864273407,-0.2695972316441417,Medium
0.2595001815050375,0.42224302115324586,Medium
0.09668074419805761,0.40229433468439224,Low
-0.5317499958813455,-0.3510197066741858,Low
0.09857642253034432,0.44067034596182775,Low
0.30734330145370337,0.31432962933007236,Medium
-0.6770420813333005,-0.2909797839762197,Low
-0.634338953651369,-0.27644046362538877,Low
-0.05777220649598375,0.5117811135517977,Low
0.26866826889241835,0.3906370881032428,Medium
0.642908516655633,-0.050778150071626726,Medium
1.7693332126353412,-0.7263637131959747,High
-0.34578906782850505,-0.4282728384778157,High
0.3741049406521617,0.3310669730204531,Medium
-0.6446024810702344,-0.3014267344619687,Low
0.1661676408686632,0.4413337805823305,Low
0.1845912621253165,0.4212348758665282,Low
-0.6442285968795379,-0.3051858294881671,Low
-0.48314462482093645,-0.3555958578855006,Low
-0.314677869287108,-0.4571667318680153,High
-0.6724945138521248,-0.24766868689944893,Low
0.016759640528437203,0.46271542200370064,Low
0.6271490027966484,-0.041534805817081966,Medium
1.3062606552481795,-0.3074635637825368,High
0.1315121361702558,0.402211241595399,Low
0.39402583567862914,0.3082112890623161,Medium
1.1634936868513226,-0.23616818412341378,High
0.6269872861493291,-0.03958612869142375,Low
-0.5440875934771288,-0.37554402852004676,Low
-0.14977455995656236,-0.7383010172969132,Low
0.07077613086701834,0.4605897248370986,Low
-0.12258233943975883,-0.7707879635447282,Low
-0.26011129048483284,-0.5235323774243965,High
-0.5981760625766214,-0.34014479868516523,Low
0.09582049432771234,0.42845099643107,Low
0.08803735878453034,0.44803873978285924,Low
-0.49546918436652476,-0.4145649855340548,Low
1.7348361354050612,-0.7722946911654671,High
-0.6695862085145543,-0.2501199187359269,Low
0.027102522350671343,0.4889353016533503,Medium
-0.4786393616731258,-0.3943006439939381,Low
1.4886875641741255,-0.5482987057764955,High
0.1549047481744209,0.39689276470959844,Medium
-0.41170689080430295,-0.4211717900264583,Medium
-0.621519047493417,-0.2737789553104934,Low
-0.494279414436531,-0.40189406314367365,Medium
-0.6635936970317012,-0.24285313684505916,Low
0.3846388443461941,0.2919486984994797,Medium
-0.6019631632379161,-0.32171975913666295,Low
0.3278891653622662,0.33332624086592116,Medium
0.2076518603073454,0.3986459144887602,High
0.15871599820472626,0.3998848765296261,Low
0.986621167803629,-0.22523534260002293,High
-0.5001326176779921,-0.38646193864107525,Low
0.2770741514381364,0.3581789570333582,Medium
0.31416754997665075,0.31367407123522767,High
-0.5999879552860564,-0.30000677011473453,Low
-0.5085415722012913,-0.3638819831494491,Low
-0.20135965612538254,-0.7038211666244572,Low
-0.4186907985489578,-0.46310087674837935,Low
-0.5952843349803958,-0.32785850017770773,Low
0.027284037910167647,0.4560697966756003,Medium
-0.05760658810117342,-0.656672603037662,High
-0.5323146894186224,-0.3811935497512875,Low
-0.41592256540071154,-0.4221354014578231,Medium
0.19486934272077805,0.42414922918489173,Medium
-0.6005422949097573,-0.29363459046239193,Low
0.11510178571018292,0.45417035420300744,Low
0.06759166171187114,0.4812715041101471,Low
-0.6589530194687159,-0.26489437709447183,Low
0.19865197192202422,0.3925550303099842,Medium
0.05982535950025136,0.4668339706195973,Low
0.1779070252076198,0.4279111485560988,Low
-0.04728653143000705,0.5248231229304302,Low
-0.0006328186578401507,-0.6955955733386276,High
1.4767407685449097,-0.4951059661005461,High
-0.5327129994732303,-0.35407816135240133,Low
2.148936547807639,-0.9682002156815007,High
-0.5055741220332921,-0.36727307354350014,Low
0.28709531178098635,0.3624378181930451,Medium
-0.5843462257319901,-0.31998891233516347,Low
0.08863966492908809,0.4303886944052002,Low
-0.70609314148308,-0.21969168190120295,Low
1.3392582364481778,-0.5194283282469683,High
-0.4428908039537933,-0.3773734862673117,Medium
1.4440152460280633,-0.34180965227356136,High
0.24124392121962213,0.36917405439398887,Medium
0.06422751524064035,0.4778961662194954,Low
-0.6356592384742964,-0.24679894347617476,Low
0.06780823713118672,0.4190155691990938,Low
0.08956131108186333,0.43712837948672023,Low
0.3668917120834182,0.3111459054103371,High
0.08335156522141246,0.4247876798353707,Low
1.2474466863024973,-0.36497043391586165,High
0.37440925503927525,0.3101959383507588,High
1.8504866570023564,-0.7414321321045084,High
0.08884072254574726,0.4117203494080911,Low
0.23946653147117325,0.4103734177953604,High
1.6268613759331656,-0.6303005777497355,High
-0.6136304266582553,-0.30639708254110126,Low
-0.5112882457421757,-0.3562080185908276,Low
-0.5529480124868155,-0.3589153185795101,Low
-0.5564897623375226,-0.3131281702841969,Low
0.03186990142885393,0.48193258282022244,Low
0.00888552817442112,0.47715375349113665,Low
-0.6273460414546177,-0.2957614513127105,Low
0.9290807241624219,0.006872510635114515,High
0.0037910824386397923,0.49617831470458207,Low
1.6307117800039534,-0.6677866840796466,High
-0.5847436540403325,-0.3117999775370894,Low
1.5388933107292904,-0.519513612403915,High
1.004215905412573,-0.2699932723724295,Medium
0.05466441604767747,0.4833471736249779,Low
0.40934399457438864,0.3013928360567374,Medium
-0.5735037088379114,-0.354839178549066,Low
0.00918779460906849,0.4822674367169423,Low
-0.48940120548109756,-0.3728180850285734,Medium
0.02939233595245394,0.4625134663671211,Low
-0.5848446832685603,-0.3443315781799985,Low
-0.5524670539417778,-0.35869310659931586,Low
0.07638019666591744,0.4695064803351411,Low
0.09674563246052564,0.4736442488046949,Medium
-0.5731572548702389,-0.33424307558217337,Low
-0.5786853358450932,-0.3083719197819003,Low
-0.6315774128943791,-0.29650286472302456,Low
0.024368918685533703,0.48354627657766813,Low
-0.030406232717076653,0.5063339651501451,Low
0.041578793447775375,0.4446071527095087,Low
0.26904385430910105,0.3790586019678621,High
0.1539847720573515,0.3995586807716066,Low
0.006170930725354684,0.49372229034512216,Medium
0.056214578253992675,0.4881761182847021,Low
-0.09209022222843039,0.5623582533988687,Low
0.19567690187439768,0.395354981972201,Medium
-0.546653730174027,-0.35089279699277737,Low
-0.549444379100841,-0.34669074016935797,Low
-0.5377754550053002,-0.3729411403884806,Low
0.07162794874704215,0.4609013827043744,Low
-0.6429132915385355,-0.29230560728103056,Low
2.2230036435934304,-1.0201877167527353,High
0.024045303526770256,0.47676321611290307,Low
0.4005708037693322,0.28267018601694377,Medium
0.054224487758817164,0.47635263606658484,Low
-0.5022998026418898,-0.37657486368309234,Low
-0.50588304441969,-0.3786585354936207,Low
0.4436678473445179,0.05625657509268994,Low
0.3123322216170342,0.35531790135745267,Medium
0.03150917850053103,0.4380504430942441,Low
-0.11594817825974174,-0.7796723695887394,Low
2.231211553774327,-1.0315932994496357,High
-0.026746029701457008,0.5116812851298304,Low
0.06660632832049446,0.5041697425012032,Low
0.027568992430643924,0.46975418571302574,Low
0.07936787485892671,0.5056577444830573,Low
0.07417547095594224,0.44982143525973006,Low
-0.5986081677102367,-0.3442478750588038,Low
-0.5742934986480873,-0.33269263388682857,Low
-0.4977464811394037,-0.40134136646706053,Low
0.24907314218309506,0.34619839695888743,High
0.20067544611632737,0.38773578325034486,Low
-0.6089319882116768,-0.2842575889122761,Low
-0.4829246200969985,-0.3958239118519522,Low
0.0780639451025153,0.45972461919101637,Low
-0.4550085510223422,-0.4048011107683976,Medium
0.3602392546020564,0.30869384450527115,Medium
-0.5777079203062491,-0.32473798859044567,Low
0.05853211721400914,0.43074956173369894,Low
0.1207191102297549,0.47302450035346943,Low
0.7480684944356799,-0.09551729409439419,Medium
0.45319542089789633,0.07605393006639788,Low
0.2579349869072015,0.3606605194881578,Medium
1.013255614297835,-0.3121243695253182,High
-0.3645427923469374,-0.39909237495455496,High
0.08894075635365495,0.452693811867833,Low
-0.5801461205852823,-0.3277799246107698,Low
0.04232537451369234,0.44711217285829463,Low
-0.6034125346128815,-0.2866420850435626,Low
1.1159537224814324,-0.37125170217693154,Medium
0.24517763284852223,0.3357794373768294,High
0.12711747973374687,0.40286928908002395,Low
-0.5518074482994477,-0.34945953668222085,Low
0.21739855758393134,0.39780524958437224,Medium
-0.4951715701993906,-0.38899398360274173,Medium
0.11615482780572128,0.421303112394368,Low
-0.472993044864166,-0.3972621683123861,Low
-0.5394939536726671,-0.3701536454132395,Low
0.03227484584065021,0.4842637552094001,Low
-0.6941482588215182,-0.23795093383855875,Low
0.0872458086728734,0.47113269287325144,Low
-0.14524925737025263,-0.8079463596052967,Medium
0.2617241219209395,0.41427502599728405,Medium
0.20449724517556744,0.3798932415715549,Medium
0.09040319798045637,0.44220431295947504,Low
0.0006858493540436439,0.5247728026463546,Low
-0.4863481330356403,-0.3815251215204063,Low
-0.4852669362949651,-0.41677905442790475,Low
-0.5656009009669123,-0.35264805765703944,Medium
-0.13960848006790094,-0.7683376919382467,Low
-0.588616072134782,-0.2810317218579156,Medium
0.18718522354371714,0.3523772239869324,Low
-0.6228972405724822,-0.28950282501962066,Low
-0.48704626669209194,-0.3799242996114368,Low
-0.4674599540874748,-0.3819903692210096,Medium
-0.02607385338784518,0.5138179856511149,Low
0.36506831712363874,0.31918357923459345,Medium
-0.5809688792064359,-0.27371587981653395,Low
-0.5189557457866558,-0.3495759285477479,Medium
0.050979078374213116,0.45141257533070644,Low
0.22300742963429498,0.3437036983877093,Medium
-0.5428301788244188,-0.36486021367578503,Low
-0.4703176702431137,-0.3886247063861056,Low
-0.5748285325100218,-0.36888338109011953,Low
-0.5807765674159617,-0.3274932197433006,Low
0.044454463337323225,0.47773692810421764,Low
0.6492517079666587,0.04890040440961768,High
0.1166689758836209,0.42580262349012765,Low
0.18942615937517804,0.41452062438444814,Low
0.2696877969236149,0.36853768522824315,Medium
-0.08661628088878087,-0.6497105871577544,High
0.0349134786387747,0.4574528582476105,Low
-0.5636271672004668,-0.36824666772414594,Low
-0.15938088178019136,-0.7673945100878161,Low
1.9583756453081527,-0.9165815182356488,High
-0.5536362727609674,-0.3539712651543294,Low
0.2907077143979536,0.33935113125172933,High
-0.594613263208192,-0.33049938698154857,Low
-0.4947325856466328,-0.4265453346444832,Low
-0.5759359141016631,-0.34014322160267213,Low
0.06538547495365093,0.4170359663192841,Low
-0.5295216907578894,-0.3927707286035462,Low
0.13190778009403115,0.4646532715693644,Low
-0.3984817586619436,-0.45164649592857614,Medium
-0.5449434706781837,-0.3463573177756739,Low
-0.45089685581803474,-0.397685845074039,Medium
0.08309054234414076,0.4373483895197503,Low
-0.44949878709588353,-0.4007665107033396,Medium
-0.5854006651004349,-0.3106395594357044,Low
0.1887920482452109,0.4212682076528729,Medium
-0.142944266151041,0.5902035461319688,Low
0.2179796900387344,0.36922212713264313,Low
-0.696644035523204,-0.22942786658708753,Low
-0.16374721825258254,-0.7612327403239032,Low
0.011786011445977351,0.4918441465372334,Low
0.26839069647070135,0.35001476204337945,High
1.4319759392963187,-0.5122451555989371,High
0.07054617287005016,0.4697628395430279,Low
0.15002744094910303,0.38047293181174535,Low
0.03012466387107593,0.5063123926755654,Low
0.44940841465951564,0.25847383307441146,Medium
-0.5031879348471011,-0.3609489878134936,Low
2.1913626874118837,-1.0289472787162328,High
-0.6755236869989139,-0.2901093686565155,Low
0.02377856607882578,-0.8255009353619317,Low
-0.07364240580566866,0.5348730347675433,Low
0.27085428766258324,0.3878622794230083,Medium
0.13991125872253263,0.395673844891554,Low
0.13195279274203153,0.43248088587431277,Low
0.14324684442575986,0.4237663004236062,Medium
-0.5358766542464355,-0.3660010661417998,Low
0.0100836966890121,0.5072207306861111,Low
-0.5613700592801127,-0.3557378786546287,Low
0.12269154751233036,0.40380561943968807,Low
0.004789955687831804,0.4573978543036086,Low
-0.531553620392671,-0.3816108772585086,Medium
0.7533807618074875,-0.08832758372618421,Medium
-0.01886049975681925,0.500566739076191,Low
0.17542971001201002,0.42758554686219885,Medium
-0.600472322902103,-0.32771336778016624,Low
0.7269476413602429,-0.08391461813567758,Medium
-0.5971615263183288,-0.311352839898662,Low
0.28945869992822715,0.31969451336065946,Medium
0.07558760262721048,0.4542077564921422,Medium
-0.5851874561630863,-0.3197658233420059,Low
-0.648373007069696,-0.25914773767266175,Low
-0.5619079351898946,-0.3506908751651876,Low
0.5412741054720348,0.012083951645715463,Low
0.03901731712746748,0.4557028192808176,Low
0.012052907594712614,0.5047242389526423,Low
-0.6558865397808438,-0.25574904976099067,Low
-0.5450565559905278,-0.33958697313684433,Low
0.03059965117693364,0.4349621130392287,Low
-0.5651688565449249,-0.3541369375244099,Low
0.4003028808425909,0.3130416875382549,Medium
-0.6292347811619681,-0.2875337447903511,Low
-0.594474162071271,-0.2948319171230306,Low
0.04676422180043033,0.4450566690927652,Medium
0.042097575174961266,0.45150071339360487,Low
-0.5293864090932694,-0.33469100817998154,Low
0.7357644470712061,-0.09342302307848394,High
0.21586830814637858,0.36240738445469256,Medium
-0.5184926607855288,-0.4166873729940193,Low
-0.47869071692259946,-0.3480109355713792,Medium
-0.09927871215889905,0.5355611651909912,Low
0.07397314563272284,0.4653837718688675,Low
-0.6147569805119418,-0.3004187968590359,Low
0.8256814891096942,-0.10726822292573274,Medium
0.2887309832794739,0.3273455423420612,Medium
-0.5750856851897087,-0.3312904175486202,Low
-0.5099723325907687,-0.33649075766218717,Low
-0.49352420131648966,-0.389122755883361,Low
0.5710065672781226,0.131776253279207,High
0.5137708046123738,0.027033613138858492,Medium
0.11910577552260004,0.4328319679010548,Low
0.44194428252455276,0.052761064059285434,Low
-0.5784106979225181,-0.34222469907958836,Low
0.2854593900635204,0.3773999702228499,Medium
-0.633274026661268,-0.30873373656765957,Low
-0.49223852906084054,-0.3460949216490512,Low
1.6221827079275235,-0.6184006602896642,High
0.1100857215463602,0.42494087019838245,Low
0.09800426573033139,0.45770931248429114,Low
-0.6062154368156031,-0.29889182597736197,Low
-0.026414047867472257,0.5005747683773109,Low
-0.05886804139281798,0.5635768301446488,Low
-0.5086736615025405,-0.3856020771273301,Low
-0.5971360922435114,-0.2801315062790211,Low
0.12059967739665245,0.43310762754353893,Medium
-0.10072643162832434,0.5768403319949048,Low
-0.018088811552783524,0.5398420217331378,Low
-0.02219794368034872,0.5172790929166552,Medium
0.06653095702030876,0.499497541984657,Low
1.6425885083690097,-0.5727812481449418,High
-0.058640171216354675,0.5309092024102183,Medium
0.4444181513507661,0.3067560034916258,Medium
-0.5871344039560562,-0.3282668152899412,Low
0.007567729740846407,0.4826723357021293,Low
0.04950726829499169,0.4719782833743017,Low
-0.5820454254093717,-0.3269655284062565,Low
0.13250223792411664,0.41648041562156524,Low
0.586255207465596,0.009670905080557846,Low
-0.6652772388536812,-0.2516504809631491,Low
0.06857845084834985,0.4899889255281077,Low
-0.41562052387110293,-0.4282967396183212,Medium
-0.667180901042045,-0.24576177711853703,Low
-0.01885321850586008,-0.6893223111261922,High
1.2659917968330838,-0.24032570240499362,High
0.6120938431856524,-0.04362688440073287,Low
0.12769327520221485,0.40312024485088993,Low
0.036384528866785726,0.46648313702518074,Low
-0.5637661763455541,-0.3736436431733541,Low
0.13276890328903002,0.4018090747050509,Low
1.7750340865539476,-0.7041564454595878,High
-0.6837752680887268,-0.271157570064801,Low
0.38070896773288165,0.3063311165118214,High
-0.5227697999205013,-0.37258237023814944,Medium
0.3909465091080635,0.3013363800280011,High
-0.09963370508510372,0.5504045792923601,Low
-0.007747994087419607,0.5055537882584595,Low
-0.02045511268973854,0.5052499980872684,Low
0.2532533516679776,0.36213528672935125,High
0.48084004268867475,0.045280601282275346,Low
-0.6523886491481212,-0.2660213817254348,Low
0.08445624765174986,0.44272460748879494,Low
0.1536259037844886,0.3862769338481421,Low
0.6756763722887278,-0.08372337823932519,Medium
0.1419503091503762,0.41884938547981243,Medium
-0.5324321405738341,-0.36078563605414005,Medium
0.4367473966948999,0.285083941514575,High
0.6498730527148515,0.09903653921471461,High
-0.567882376952817,-0.3369878781368054,Low
0.31888965480258624,0.310336728141922,High
-0.684952602171848,-0.22572297592768803,Low
-0.3939701180245033,-0.47964306951404795,Medium
-0.5933749848736363,-0.32919575002337964,Low
-0.5404858680680084,-0.3407738107067071,Low
0.7283576178309785,-0.08766581529601764,Medium
0.022007091687851366,0.5022115364699272,Low
-0.5039959047491334,-0.37298014277305835,Low
0.4270232096185931,0.060038035942166,Low
-0.06633095244727971,0.528285333047306,Low
0.1951511953690761,0.398475538205296,Medium
-0.6011877544079937,-0.3086325859505558,Low
1.5446300617740125,-0.6404051013532507,High
0.22732536961782135,0.3604056059419426,High
-0.04400834518639729,0.5302500517312795,Low
-0.5580681944990009,-0.33431338051216986,Low
0.1477878989270448,0.41943406879570755,Medium
0.18600871016158904,0.3956763875409919,Medium
0.04884454362434121,0.43972079187572544,Low
0.03329062012613021,0.4715621093968364,Low
-0.6685764235033491,-0.26646565106682363,Low
1.9432996827078,-0.8775563584834799,High
-0.019675991513188273,0.47425660457325847,Low
0.36941909043950294,0.2832116577839252,Medium
0.1698107702901165,0.39273519942792345,Medium
-0.39247766805351947,-0.436057948151522,Medium
0.017251777745351582,0.4640218765570714,Low
0.08771111363277634,0.4167514772150438,Low
-0.4958054876746892,-0.4332961308034536,Medium
0.5789059351091452,0.13257716415278425,Medium
-0.16259517614351293,-0.7650463492227472,Low
-0.4853962247842571,-0.37401787019109767,Low
0.13829871189608933,0.40324315942070077,Low
-0.046750751542874336,0.526818281325759,Low
0.0409724134584728,0.506252649834248,Low
-0.38686545850230797,-0.4706477191355293,Medium
0.03118178231011559,0.4688323421268018,Low
0.05266109849759171,0.45245194500515573,Low
0.26866472526843643,0.36636655690511366,Medium
0.4945645861571474,0.023475712068941335,Low
-0.3493225341379067,-0.47213717204241257,Medium
-0.548332981673541,-0.3282362562058468,Low
0.11664761164802373,0.4482876059122337,Low
2.061128954867864,-0.8902854735617391,High
-0.631164801973879,-0.2920083007128277,Low
-0.5329415214859394,-0.31104319639322386,Low
-0.5999354267218658,-0.2971394904658865,Low
1.6549382691250336,-0.6043137304329149,High
-0.010520449421836275,0.4902319136477723,Low
2.1575450029052767,-0.9512663659443845,High
-0.5681297340679874,-0.33202638581993127,Medium
0.8499470868689958,-0.12482142637782434,Medium
0.010456687002480536,0.45404114050146727,Low
-0.4250072121039791,-0.38246999273659976,Medium
0.08919823606764682,0.45020209329582694,Low
-0.6774919198922991,-0.24554915679792713,Low
0.5305144661148741,0.024611416200986114,Low
0.47992508286861035,0.045319374648356725,Low
0.3243290632192568,0.3277309678390619,High
0.19450364004365872,0.37937453915435326,Low
0.3942563274894014,0.3114964028286377,High
-0.6154178580594277,-0.27821452786710255,Medium
-0.5658230116418159,-0.3303132951922394,Low
-0.6017694391828803,-0.32127252816566376,Low
0.0010012852419988283,0.48554187116169933,Low
-0.0180292009774512,0.4859428617796112,Low
0.3480866848320763,0.33596248610224255,Medium
0.18965007774422182,0.4319032303078173,Low
0.3130748244990761,0.37872878920524167,Low
1.681433965940416,-0.7053167126156746,High
0.0375534426615482,0.5040321598430113,Low
-0.0037082070249781496,0.5084168737402953,Low
-0.47322704604654586,-0.38052873187102687,Low
-0.7351831897162655,-0.18942855741145,Low
-0.5299407295750387,-0.4145167163284341,Low
0.23976286824985515,0.34428166261808046,Medium
-0.5011835539043039,-0.36052742883170985,Medium
-0.6676733193654129,-0.26075683127075977,Medium
-0.5645053734447545,-0.32710859764863653,Low
0.029508851724101337,0.47653836529390625,Low
-0.481495895799948,-0.35550824570418105,Medium
-0.5863766154415594,-0.2982084013668119,Low
0.5674624644513631,0.0014316719542188383,Low
-0.43261390360916147,-0.4269238412505813,Medium
-0.00961686793999611,0.4976408127482478,Low
0.05360467311992034,0.4969206891274126,Low
0.07665123669929247,0.45896598280883394,Low
-0.5556623686041,-0.32485246639740184,Low
-0.5576285439807132,-0.3522052296037739,Low
-0.5801724255901037,-0.31310949416260236,Low
-0.5311265452627576,-0.36429868993054204,Low
0.5092802351506855,0.022675754502951506,Low
0.31757408950264376,0.33746376070447054,Medium
-0.0009713681271028562,0.4724920616461734,Low
0.06270916537464699,0.4578113598934509,Low
-0.029389399474479327,0.4936782554152376,Low
0.04834997958017773,0.4431194170374749,Low
0.2990835457575931,0.36244220137371996,High
0.002122483471559078,0.4919264591455723,Low
0.12985666776752325,0.43729003232650165,Low
0.05427923216783703,0.4751551166035156,Low
-0.6106008716298876,-0.28780051598929324,Low
-0.5989924591463595,-0.3141038170456468,Low
1.5237486958449702,-0.5930810646793652,High
0.399341229237666,0.29080694152855646,High
-0.06486400295453365,0.5230440826542275,Low
0.09753748224834052,0.4171565232881941,Low
0.27432864175772753,0.38681941308846224,High
0.4982534470758848,0.03340360639869416,Low
-0.44210356060326594,-0.34032273576157557,High
0.1585067495001663,0.41066511753303747,Low
0.05806596252846141,0.44116841541754204,Low
0.18315286008206422,0.42636173731304083,Medium
-0.5675463595378555,-0.3482922641406123,Low
-0.5093177480056345,-0.3779848515908447,Low
-0.5490063121194185,-0.3070659618638952,Medium
0.14457932575441346,0.40774413181556357,Low
-0.06269357828596683,0.5430460801676642,Low
-0.44493455645269725,-0.3687857484063295,Medium
-0.11316356475291012,-0.7796009430988412,Low
0.043807476799829104,0.48948867327501266,Low
-0.04387151642175524,0.5260771070558388,Low
-0.5434780737007012,-0.34856541434915356,Low
0.052156630606644494,-0.8873335132323373,Medium
-0.7364213329684076,-0.19837569068954317,Low
0.019341029341957305,0.4933908278911756,Low
0.1652154250038128,0.3873937252892822,Low
-0.1883037414448691,-0.7129058223423086,Low
-0.576452045291433,-0.3209095313984253,Low
0.05498591658355373,0.46503890932163483,Low
0.5022737740980101,0.02837847268358723,Low
-0.10839772465977215,-0.7847684925889978,Low
0.3653519380758803,0.3087507293969403,Medium
-0.5546558529116241,-0.33331681019244963,Low
0.2756974396607743,0.3678320359526842,Medium
-0.5208896185034103,-0.3770905556064307,Low
0.05909816528962619,0.46371420791787943,Low
-0.5376311205869693,-0.3988895104729857,Low
-0.42816645083343235,-0.41812562161354017,Medium
0.032895467820426794,0.5045605837310392,Low
-0.38063847947691076,-0.4533231589845927,Medium
-0.61288518270931,-0.3293718682644831,Low
0.08654089364959322,0.43317053819548124,Low
-0.34581882680694864,-0.5092819396157119,Medium
0.5046475671378357,0.21814494602507128,Medium
-0.3609463225122088,-0.4755577364129329,Medium
-0.5870803779589744,-0.29619242283400077,Low
-0.0689452073411494,0.5365930519123955,Low
-0.4851940664743653,-0.4151968155241228,Low
0.8679822065501994,-0.13846433003369712,High
-0.011838152902389654,0.5019034712503087,Low
-0.5557269751565291,-0.334113394085094,Low
0.04097333549613086,0.46234680403406836,Low
-0.5156714460679607,-0.35179945367944315,Low
-0.6529322675591165,-0.29275095074459745,Low
-0.0879243508578984,0.5456333722376,Low
0.19292068856764433,0.3857553019593727,Medium
0.07190201882116853,0.47659271887256904,Low
0.2067467012426233,0.41784174064136304,High
0.4223284358636884,0.28049333509757385,Medium
0.16108718946054712,0.41020016310473395,Low
0.707440864824566,0.07060538723720561,High
-0.5527893112430642,-0.3599817676595034,Low
0.17293454123108665,0.375028589639955,Low
-0.6378966366890773,-0.2867765823622949,Low
1.5941084250372073,-0.655123224538873,High
-0.04165879858296273,0.5100515358252082,Low
0.16751254890586842,0.3758944749635388,Low
-0.03065110596623577,0.4922774927359257,Low
0.1279525236498842,0.437322246141044,Low
-0.6674217027162939,-0.26936009521714943,Low
0.03225733030495592,0.4567376663634507,Low
-0.6039327213631751,-0.28852116008670775,Low
-0.6152247571572764,-0.30586633008849745,Low
-0.44137364068665796,-0.38558528668996656,Medium
-0.0783987891001055,0.5418848468858696,Low
1.903074501482829,-0.7997892291695118,High
0.28217379683734856,0.32514679117813433,Medium
-0.07291590159847472,-0.7762142301735009,Low
-0.6173381672166377,-0.29508230510293465,Low
-0.43706120062773,-0.412006313524834,Medium
-0.5521940807111811,-0.3223183866873328,Low
-0.6398878338959522,-0.30677830260616584,Low
0.24199142713803545,0.40729162733804236,Medium
-0.5263188680261242,-0.36790698303682245,Low
-0.5825622292134895,-0.3141814342710426,Medium
0.17757453588808125,0.3651070006594156,Medium
-0.5084215322054999,-0.3716708630204767,Low
0.6361377636867835,-0.06039657936820786,Medium
0.1434049906350655,0.434351640678322,High
0.07387529547025085,0.42407721972401424,Low
0.30348891081486107,0.3369285352763828,Medium
-0.023328231483320527,0.5208571262206274,Low
-0.5082457697742444,-0.3884302561111016,Low
-0.5190810410494033,-0.36535200860238237,Low
0.17074002422106538,0.39237058827818927,Medium
0.21682959504588706,0.41295844712517615,Medium
1.932574056588339,-0.8482619459911163,High
0.4656017156750357,0.026640487581807537,Low
1.8450563653993413,-0.8582717818639228,High
-0.5356101258120919,-0.4041612565943933,Low
0.12287122230542957,0.45062267359720665,Low
-0.6475193083496609,-0.27148992806503514,Low
-0.5387839334630636,-0.36924831116784446,Medium
0.20932832364036835,0.4148169047708601,Medium
-0.584180644917459,-0.35589120756553183,Low
2.1157145904781416,-0.9270017707291806,High
1.6039611274511134,-0.7335282673077019,High
0.08656285129181396,0.4634527307376638,Low
-0.4502806950756183,-0.3931017203943309,Low
0.25888076048369435,0.3961119681362908,Low
1.8480928424532947,-0.7446626627050604,High
0.11396914539885206,0.4461127814829495,Medium
0.11849364627604608,0.45741018103627884,Low
0.17831942472039253,0.38641026642265386,Low
-0.5167876878248395,-0.38867284832425436,Low
-0.6332500370686418,-0.28855238193465965,Low
0.10468893815266489,0.4370457266795734,Low
-0.6978743443526088,-0.2601930038324554,Low
-0.587621665815646,-0.3131113476199301,Low
-0.1782887148045661,-0.7538656153521098,Low
-0.02936006637908506,0.520631899747751,Medium
-0.6071148574736625,-0.3294665442219439,Low
0.09741048837773936,0.41839136234535024,Low
-0.11044157903896895,0.5660339411093918,Low
-0.05121034131261132,-0.652453072351654,High
-0.00899815854708641,0.4831306560083716,Low
0.04389105925945652,0.4960223246365355,Low
-0.6371446109753297,-0.28238680411518047,Low
0.07552256303049948,0.43642589385096975,Low
0.0904802066565985,0.4364516178325569,Low
-0.4005078767307443,-0.4467835627948536,Medium
-0.5909634598825573,-0.36028642056744703,Medium
0.06839806280294514,0.44881823494947404,Low
-0.47075469336035114,-0.3789954204724393,Medium
0.11463601451368699,0.41856678674436876,Low
-0.5987667692441084,-0.35506934679587165,Low
-0.4787752504135868,-0.36597320879821554,Medium
-0.5925060968469358,-0.3186331658060181,Low
1.56204261607535,-0.6343244344478118,High
-0.6822166032506071,-0.246687911037974,Low
0.36179326121042477,0.34926229650343044,High
-0.4959780199865041,-0.40731704331818736,Medium
0.3184013866538956,0.3506380133894227,Medium
0.019311087451113984,0.46096643949830396,Low
0.02471826644927999,0.4822139350695851,Medium
0.15176214293036305,0.39138600958440495,Low
-0.5960246814422205,-0.3403252103871995,Low
1.1011751466508561,-0.35926339992566064,Medium
-0.5520512376678467,-0.3741716787822512,Low
0.18194402475479377,0.3870470691573785,Low
0.20880190637440965,0.369544172407539,Medium
1.6031527537991204,-0.6071432526330205,High
-0.07764627238328503,0.5526485092025215,Low
-0.4902082837072979,-0.38057937713093787,Low
0.7908355081266392,-0.10999871721201315,Medium
0.12782919196740228,0.41985075440965425,Medium
-0.029225149313142684,0.5113624320131515,Low
0.02997708849040881,0.46297980106208925,Low
0.10881135354103033,0.41920552328231,Medium
0.17372681035962445,0.3984358448391835,Low
1.6200524823794795,-0.5443736883672818,High
-0.480452962370338,-0.3799872397797438,Low
-0.41371804455482103,-0.4519900291999864,Low
-0.016220982807745754,0.49516304672668954,Low
0.013018251191862285,0.4586677567354489,Low
-0.5385640607266095,-0.3633805052739597,Low
0.2649436541168443,0.3346769877301338,High
-0.03931972024113306,0.5268214702266152,Low
-0.517331182591514,-0.3629539862609676,Low
0.08479969161249062,0.44719975219935837,Low
0.14865265096735636,0.4281725868399603,Low
-0.03540803402572279,0.5075066835031661,Low
-0.5726981282575778,-0.3238456667573428,Low
-0.541928614586768,-0.36411202834444667,Low
1.0111819711142964,-0.2650437269630093,High
0.08962185261867306,0.4470903193478739,Medium
0.34746036410817005,0.33480956260444794,Medium
0.07122576741039233,0.4477453854246449,Low
0.2322254465050907,0.34808993347652795,Medium
0.02812053049749541,0.4576776320869015,Low
-0.01988144652084367,0.5131093423504794,Low
0.7949280675361965,-0.13135236322109206,High
0.04120566772461187,0.4681291578241731,Low
-0.47688474590048596,-0.40888665906531685,Low
0.1623494537108252,0.420224828829333,Medium
0.05360777422427532,0.4545498040455497,Low
-0.5662529129195764,-0.3402969095035211,Low
-0.4544481599398284,-0.4131377117316888,Medium
1.7080470397461613,-0.6413750861442087,High
-0.41731506860962897,-0.44796841721061276,Medium
-0.3878869962662037,-0.4107973511006312,Medium
-0.5824100186801968,-0.3507237097563016,Low
-0.5985574901976837,-0.32398085192729636,Low
-0.5204676922025003,-0.4090334166934481,Low
2.0272070417987313,-0.953056619419207,High
-0.5688490554555694,-0.3854157470689057,Low
-0.49087420933881803,-0.40751636300838184,Low
0.29854273325425473,0.38261634365735664,Medium
0.010283657171611449,0.4829935273136814,Low
0.09467211426252092,0.44483662553167835,Low
-0.34173445058419516,-0.44464958148985073,High
-0.00037199297255785524,0.5149477183129444,Low
1.7829809479802814,-0.7768249619347734,High
-0.6102292559754289,-0.33162055582144734,Low
-0.34507809464386213,-0.43982298754432847,Medium
0.06936024694829401,0.5083690708957754,Low
0.2029091391432697,0.41352167004112983,Medium
-0.4266083507069072,-0.44438204086446176,Medium
-0.707645412124353,-0.22561343075570794,Low
0.22990165152655673,0.33770758353596664,Medium
0.04534341165785116,0.48255509410990804,Low
0.5705167788369724,-0.026129454908652983,Low
-0.12666282733110756,-0.7611332451282199,Low
-0.5620602418189458,-0.3684672719248059,Low
-0.5062482778533828,-0.40043274783118765,Low
0.09261857837603976,0.4377001639693977,Low
2.207955429808215,-1.0034203924919085,High
-0.046806952828466586,0.5474081732271737,Low
-0.6069391461690454,-0.2548594182849276,Low
0.06889172720404568,0.4827626300352972,Low
1.7736087907074578,-0.783826802350693,High
0.020551433614501124,0.4773845107943997,Low
-0.40344842456968716,-0.43302444053433725,Low
0.02734159884956855,0.49534439997637203,Low
-0.044527895616587876,0.5307341389710496,Low
-0.5259176597307228,-0.3665877391394001,Low
-0.6409715688592016,-0.3020758330743746,Low
-0.6642310349670626,-0.2920806914836225,Medium
-0.5331361533385421,-0.3566920641526681,Low
-0.018676008639508468,0.46979798016163854,Low
-0.5905937731863993,-0.3407540599178448,Low
1.0744883839500472,-0.36073726702739867,High
-0.5529086230459285,-0.34955401731458613,Low
0.11111846485283516,0.4486944958864839,Low
-0.5143048658327742,-0.3539038069724447,Medium
0.26100552719814907,0.3954275876918514,Medium
0.04155114481910205,0.45675091860967765,Low
0.16943493674513666,0.4031033575766425,Low
-0.5586749193545885,-0.3353828030770922,Low
0.14161386171224988,0.4676425806559751,Low
1.7621232270523814,-0.6943584839634966,High
0.15330415619593285,0.4759226185326434,Medium
0.16419638417655602,0.40891250777405974,Low
1.614421087861677,-0.5056467554534141,High
0.1575343407743146,0.44646800480111515,Medium
-0.524086123146841,-0.3482477329086804,Low
0.23792330506020298,0.3965398310673771,Low
-0.49141805685293577,-0.3895566486162968,Low
0.01373584591269117,0.5022886392103894,Low
-0.4682466624818793,-0.4122889828790724,Medium
-0.6957066773830836,-0.2100609915510328,Low
0.1266793055806531,0.4429669950218512,Low
0.7336736531207464,-0.08650642699455835,Medium
0.33369851044286003,0.32700141736116134,High
-0.5740762630332676,-0.3421715011813024,Low
-0.3005207629728011,-0.47266246679032503,High
-0.5876226173281794,-0.34925156979423166,Low
-0.4976210709757879,-0.3447666723074728,Low
-0.5519739760551313,-0.3686412217467022,Low
-0.5632394847235488,-0.32752595198489054,Medium
0.12852765266006116,0.4178683734077757,Medium
0.17151040264732975,0.4294996182861748,Medium
0.18457100595453946,0.37843222264084764,Low
0.11895098333460419,0.40575998949262126,Medium
0.09260551419471436,0.4529939064826254,Low
0.3220517936801389,0.30828361600423365,Medium
-0.014295660982002967,0.516421937997673,Low
0.29985458741658855,0.3712797535273008,Medium
-0.5698199720805156,-0.30142377051327074,Low
-0.5190480060774509,-0.3365996941397472,Medium
0.024080234478448426,0.46373808900966074,Low
1.7882260710507836,-0.7607226212182184,High
-0.028949337511540607,0.5361041959957795,Low
0.04763836111634295,0.5074760511739735,Low
-0.5904647208864424,-0.31271650182068245,Low
0.31126435674919484,0.35949728603307574,Medium
-0.5492269331043185,-0.32321281864985074,Low
-0.576477804000588,-0.33307406927311245,Low
0.0895747015903886,0.48505454736790155,Low
-0.4261770466979652,-0.46679080804291956,Medium
-0.6144958866485447,-0.30167092251404737,Low
-0.002763891432884358,0.46998326225050346,Low
-0.648919588484596,-0.2736116596036724,Low
0.07525862967834668,0.4428015844400085,Low
-0.49240350531446486,-0.39303595638461863,Low
-0.5384571978917265,-0.393826791778636,Low
2.224674057177893,-1.0304162384164224,High
-0.021926077095581975,0.47060446985284143,Low
0.4584034116699345,0.2934501433038453,High
0.03734196579357091,0.4594691017120257,Low
0.17656306118406517,0.40209775083803967,Medium
0.02384818012893536,0.48413702537147274,Low
2.020214767470277,-0.9242113442298234,High
-0.600793748318782,-0.28465774968587,Low
0.3130265914551402,0.3504638807157995,High
0.09465138559890213,0.4971618154620613,Low
-0.0026559485503871993,0.506962046376164,Low
-0.08286285379270619,0.5483105178891112,Low
-0.605549269440895,-0.3470476203907147,Low
1.600380345941715,-0.5649606838662572,High
-0.4806572468913942,-0.40485258753563347,Medium
0.06966826930549852,0.4590560022086868,Low
1.6916660126736296,-0.685100489754212,High
0.025559571243262247,0.46715921560887674,Low
-0.46176831982005584,-0.3989119975841371,Low
-0.6035953072592504,-0.2993869081585022,Low
-0.5770002509508857,-0.3420967165628803,Low
-0.6128783586939214,-0.33675620092298675,Low
0.046307160698049965,0.45335258160802216,Low
0.1123905411622701,0.4450262802346472,Medium
-0.6845692417367868,-0.2536238568074911,Low
0.19435648512859627,0.3932147353176535,Medium
-0.5543400306528862,-0.37201244151182566,Low
-0.021845362945839164,0.4993655468210615,Low
-0.6077975596161764,-0.2810888419108966,Low
0.0693663775648421,0.44013213352156055,Low
0.16724941203930266,0.41138080298908386,Low
-0.5475984682841747,-0.34965283167227035,Low
-0.5775303201034339,-0.3269944441197167,Medium
-0.04855674573523694,0.5119033356104372,Low
-0.5171759223794905,-0.4204690862818502,Low
2.2948246728116954,-1.0835201431154187,High
0.06412318017813312,0.4570985147129436,Low
0.46013794273641917,0.2681023635453419,Medium
1.3055090293448208,-0.41969937525923523,High
-0.413624876066443,-0.40707492674922685,Medium
0.1264438582172024,0.4229541890674291,Low
-0.5713305763382206,-0.34427828476869404,Low
0.3212539685534872,0.37277542457099777,High
0.005278497793022863,0.4839098440268771,Low
0.07856859752890522,0.4681752251357443,Low
0.30628054602899213,0.3101356791203638,Medium
-0.4268594891688766,-0.41682939368275124,Medium
1.8712360455197181,-0.7149285571240888,High
-0.6364379560076339,-0.30686482600564735,Low
0.3678075887903387,0.3532684629528925,Medium
0.20486059794251055,0.4142368832066349,Medium
0.40065677203480465,0.2839659650807943,High
0.21781397016941428,0.4108652131112859,High
0.4794733243082864,0.03971125231242284,Low
0.1327369208528344,0.4338440257703964,Low
0.18289628299556948,0.38607049767061574,Low
-0.01917335359610961,0.5068050955336733,Low
0.08854200206713542,0.4727393689492365,Low
-0.6810152268490028,-0.27204480201780884,Low
-0.009611428285273615,0.500656410782973,Low
-0.5301190770391732,-0.3661473568704903,Low
-0.5371991389382231,-0.37178461635503324,Medium
-0.6461506566957476,-0.25530595944565854,Low
-0.576476616578424,-0.4102413104370151,Low
-0.5183844520452313,-0.4117186303132536,Low
-0.6329992931682272,-0.3029824427251489,Low
0.14173318201585006,0.3993501764967745,Low
-0.40522440715738545,-0.4273196150765451,High
0.23653783371496218,0.385561205824389,Medium
-0.6301654956139733,-0.31759291299863424,Low
0.1733600693392905,0.4594781101952393,Low
0.37867647806480875,0.30732310403032015,High
0.28015147105641935,0.3764122217832112,Medium
0.27103017286301145,0.3757298583170555,Medium
0.0657925439448534,0.49051790827543973,Low
-0.5754707388227216,-0.31632043602324034,Low
0.6155698574429318,-0.032426129152852645,Medium
-0.6392180848952517,-0.28548546477906844,Low
0.11602627694136625,0.4056256035532022,Low
-0.6332473830660986,-0.28240347518290276,Low
-0.5380563508659619,-0.3639073886944766,Low
-0.08289565955772066,0.5435812786544632,Low
-0.48120847737564854,-0.3889558642994268,Low
1.7345459787518334,-0.7230184304254909,High
0.07417043985696964,0.4184401744187235,Low
-0.48035869593689035,-0.4091024020102373,Low
-0.5266496919867765,-0.3819657797441408,Medium
-0.002451697008207687,0.5100874071449742,Low
0.2792481349306568,0.35350961223447197,Medium
-0.5447596666177494,-0.37692885059619496,Low
0.13137513072578544,0.4120573246983915,Low
-0.6666745610414275,-0.2353995364512348,Low
0.04118665807393501,0.4664252497022717,Low
-0.5915733194906564,-0.3291662830157698,Low
-0.5183548701487544,-0.4074763213637197,Low
1.5269141913823023,-0.3939027385609219,High
-0.609684061690752,-0.37259582107014616,Low
0.37627394277337856,0.31423264982991594,High
0.19525797538492695,0.3360673814500604,Low
1.9058867403729345,-0.7476327401864286,High
0.11532218247851633,0.4115256738284553,Low
-0.5257652283702424,-0.3264220669997661,Low
0.07865067151046462,0.4727081675380328,Low
0.25876932681853027,0.3740411457138145,Medium
0.22640911275058706,0.3783761995378371,Low
0.38244295371080206,0.2959112399096754,Medium
-0.48180482326392404,-0.3830136749395472,Low
0.09710245234207315,0.45172581259841127,Low
0.3522977090579741,0.29918781526856153,High
-0.07841851769329955,-0.6330805439432587,High
1.4295248495254669,-0.47888967359778795,High
0.4739645031995293,0.044562990309844064,Low
-0.5876958348250694,-0.2890069840990753,Low
0.8387394920272337,-0.12255619207056206,High
0.29542247361857676,0.3729650702836588,Medium
0.18520293928667864,0.37925169041104767,Low
-0.49913615269054046,-0.32050691339065646,Medium
0.1745841643029793,0.4032103394505333,Low
-0.07127151872981224,0.5308104283811617,Low
0.053313071808277435,0.496447109991793,Low
0.14474747853987524,0.413069393754942,Low
0.07265954216181386,0.44038794006401616,Low
0.10477992125165492,0.45653527777437897,Medium
0.2527341437559161,0.4104459235669039,Medium
1.7844609084711183,-0.7381177072333825,High
0.23030637893519257,0.3889370097315902,Medium
-0.47968999342710744,-0.3869829925744524,Low
-0.5189839985298275,-0.3546637199636829,Low
-0.49752889004459344,-0.3887744129354924,Low
0.5510257954886089,-0.014092019809548717,Low
-0.5384282806194741,-0.3943149532761651,Low
0.12402657548966156,0.4410017645747645,Low
0.17907454893864883,0.4224851601746744,Medium
0.15814578710908422,0.4299283816474926,Medium
0.01408437488407105,0.5044783100411745,Low
0.28562249423132846,0.33449182541409783,Medium
-0.5382220822674275,-0.33671088337840605,Low
-0.48268335140278684,-0.35205277781467315,Medium
-0.5006234220564194,-0.3555193685131386,Medium
0.21175090547657205,0.3829597323182239,Medium
0.42478575175686906,0.06021872769690456,Low
-0.2695376853590752,-0.5081382741112535,High
0.004440525759586478,0.46122731415033136,Low
0.1578729005842242,0.4045947994756208,Low
0.24908699094422893,0.3667576125459525,Medium
0.03979261191022715,0.43922607390071045,Low
0.1182922415421297,0.45917627350618984,Medium
0.07685271775186786,0.4387542120966087,Medium
-0.4494534149586238,-0.3765307422445489,Medium
0.00016933363600135642,0.4694003167721127,Low
-0.47687998995551606,-0.3893728657948594,Low
-0.5795173754139926,-0.3138296852500932,Medium
-0.0426598431421884,0.5612761448016083,Low
2.040811781567136,-0.952003707655405,High
0.02816775889452161,0.46827786503477165,Low
0.4550557202957577,0.2755582938508715,Medium
0.33793697540263024,0.3158215412425574,Medium
-0.6129996880703179,-0.2858467504401053,Low
-0.6392254661118568,-0.253482027203419,Low
-0.5698682338412637,-0.37135728422794556,Low
-0.044107909036127046,0.5200187795924945,Low
-0.1083588218329658,-0.8040462359826144,Low
-0.4621960974657162,-0.3832221357034438,Medium
1.2392387159269898,-0.20182966250851847,High
0.11846226532916582,0.450394231133485,Low
0.27002532038330296,0.3846115706957062,Medium
0.1955977008162434,0.4364428838805732,Low
0.07008833852030816,0.4170846899852223,Low
1.8758559605869836,-0.8165983736957483,High
-0.5854133473725205,-0.343633429317862,Medium
-0.053631884840987576,-0.7994207251860718,Low
1.0039358125133344,-0.32090037814165745,Medium
-0.572629787466695,-0.3495109846947926,Low
-0.28934230137577754,-0.5208967574159828,High
-0.5976184571286618,-0.3067672033367841,Low
-0.47949153220665874,-0.4003008252469328,Low
-0.1186104890752781,0.5802872970797369,Low
-0.16353154217248458,-0.7673371162432284,Low
-0.47087086713971893,-0.40517173034518716,Low
0.031464985383140465,0.4671282044090552,Low
-0.469471527495728,-0.37789764020425165,Medium
-0.4656183497676195,-0.3949484855927162,Low
-0.5178235821254679,-0.3655381549630873,Low
0.07307474556571919,0.42852947023105326,Low
-0.4246145103485739,-0.4318877641670578,Medium
0.12289542397244468,0.42340576050095324,Low
-0.48215585401717237,-0.39870156558882053,Medium
-0.5322611138799893,-0.3502392094060871,Low
-0.5406144786722759,-0.3446228921788831,Low
0.08426999831591131,0.42688583888838316,Low
-0.1443158559679381,-0.7491477967337103,Medium
0.5096284839977271,-0.006692650369445052,Low
-0.5688535139876034,-0.3071525864065342,Low
-0.5815814856743043,-0.3305398790749723,Low
0.20417831021768773,0.439971102165589,Medium
-0.5109376376056177,-0.39594782790160876,Low
-0.49659237909027376,-0.34543368685760983,Low
0.47619979550780867,0.03262116366780349,Low
0.11860260245011711,0.42479076418412565,Low
1.7129335322385322,-0.7677682787685254,High
-0.29460987987116016,-0.4630225904928671,High
0.14817233151112374,0.4447954215607569,Medium
0.08357420385851083,0.4291481157794651,Low
-0.4955335721200007,-0.32865661822069536,Medium
-0.5746632099975975,-0.33838510408293265,Medium
-0.6986007309475794,-0.21428584159491687,Low
0.17418375508283857,0.39716078450333714,Medium
-0.15195770611596415,-0.7541186095888203,Low
0.10980658253790232,0.42448429069005467,Low
0.11949724249606397,0.4340558677153016,Low
-0.5342104979722644,-0.3780171366154664,Low
-0.06421422856643477,-0.6470811853328,High
0.13228769853426514,0.4087746837322156,Low
-0.5690266258709799,-0.30292741743103,Low
-0.5479725187271025,-0.3443794550885959,Low
1.7559107199573163,-0.7383553091819953,High
-0.6678012959052062,-0.26502150884352516,Low
0.08819835848083873,0.46118919361444943,Low
-0.5155291064938804,-0.3779007120234913,Low
-0.05519773057361277,0.5112082548444855,Low
0.013528692159295752,0.5197943091929677,Low
-0.02849955897200468,0.5074190128530437,Low
1.7087199186849393,-0.7172560144459014,High
0.21952824596018694,0.4243999986461299,Low
0.14364599821988622,0.4162927114483739,Medium
0.3011220104535185,0.3815730651408661,Medium
0.2523358679063411,0.3543686866461685,Medium
-0.40674709800410913,-0.40704035289102314,Medium
-0.5503612561092348,-0.3180604484803965,Low
0.43323432091432645,0.0492409811650068,Low
-0.04294788207945188,0.5435370798031385,Low
0.07944506376081345,0.48528441152917245,Low
-0.4892119901122379,-0.3934181140521925,Low
-0.649324729099553,-0.26856114048472485,Low
1.7750928557097116,-0.6488267140703559,High
0.0855344664003006,0.4799666590803877,Low
-0.49608464566183413,-0.34636194899341444,Low
0.44982461125639417,0.07157453614749382,Low
-0.3116251907463552,-0.47186005756652105,High
0.11413733421497074,0.43036304258439095,Low
-0.6459173316976938,-0.2536554181591101,Low
-0.07812782951193492,0.5410762882332274,Low
2.2345383919985586,-1.0149208342285636,High
-0.433386956148831,-0.4144429890770225,Medium
0.12179177139493358,0.4118755061316005,Medium
0.2603531179249845,0.33516104596673335,Medium
-0.5577504460649398,-0.3297945952133143,Low
0.05822609567392201,0.4408171646338811,Medium
-0.6304846918275158,-0.2869288035245622,Low
0.2493770059102678,0.36251295520976945,Medium
0.06380888540677598,0.42119348448635274,Low
1.0083473769294942,-0.2986617872856226,Medium
0.03340170101656831,0.45418249293837465,Low
-0.46096335121014426,-0.4354052077010125,Medium
0.08555676554876607,0.46989809726597653,Low
0.3115560941299964,0.30440052763705217,High
0.6422802801691676,-0.034487677274863016,Low
0.2592831333486867,0.3613884245910294,Medium
-0.5327487068382374,-0.36414203100929743,Low
-0.5458831961375772,-0.31896325285343796,Low
0.1043239670018975,0.4257466458886454,Low
0.24947186927054177,0.38128534068802433,Low
0.044463297285704306,0.47223023891269766,Low
-0.5946442588820711,-0.3123203437914052,Low
0.8748810281631714,-0.21931017822354676,Medium
-0.033631497633746954,0.4655848984565445,Low
-0.4407747282406444,-0.3994767566648637,Low
0.04715607246023584,0.45486631635517083,Low
-0.4782834139702459,-0.39602986314672295,Low
0.3391882791805946,0.30988217067116774,Medium
-0.5296322915966808,-0.35996279425446664,Low
0.3135394333185979,0.3629134143602587,High
0.16033327715666645,0.3804337321273247,Medium
-0.6180849005094036,-0.3001587734553417,Low
0.03527428139307054,0.4899129710203165,Low
-0.5995383645961344,-0.32571060126088375,Low
0.05322632326878002,0.4670494471687441,Low
-0.015403425836622908,0.5203846723142654,Low
0.274417986794382,0.3149196497870375,High
-0.5702844684093241,-0.34372389468351505,Low
0.17159283180930163,0.4049195834598146,Medium
-0.6858310992194374,-0.24834719326171453,Medium
-0.5891290317646127,-0.3325132879864182,Low
0.14727581443444493,0.4221363377668137,Medium
0.14206701673635092,0.42232697237077643,Low
-0.036807707339005624,0.5093249922672928,Low
-0.6484524014988009,-0.265960264319039,Low
0.16203683022145077,0.4102446266686597,Medium
-0.5513641924053401,-0.3463047275404532,Low
0.011202210883002217,0.46604288818814565,Low
-0.6438226229528645,-0.3098196104930211,Low
-0.10980926791119389,-0.8173462828725538,Medium
-0.5935362987201726,-0.29949063643919227,Medium
0.26922963640826825,0.3172068503505448,Medium
0.11445950345488942,0.4681905542504815,Low
-0.484231104190881,-0.3806010106273511,Low
2.1898248090055956,-0.9530221082944215,High
-0.5741089109077528,-0.36158291751349947,Low
0.1262756257334744,0.44145730490536395,Low
0.03887559865879264,0.4967726538645475,Low
0.031947360335700115,-0.7470956479232038,High
-0.5721953903826873,-0.362186682907533,Low
0.09828790020023498,0.4248966068563237,Low
-0.5612195600212242,-0.37325363838750414,Low
-0.6369849789891306,-0.3283629653466922,Low
0.25294594656549485,0.3291914272565353,Medium
-0.07411241102027377,0.5202946798874374,Low
-0.4914488847907981,-0.3747092987037705,Medium
0.02271173854832248,0.47236578363867676,Low
-0.6611719169659303,-0.2811023808565807,Low
-0.05407798455366253,0.528818475589208,Low
0.05434768681679247,0.417176549065166,Low
0.1963458067873638,0.390296073447039,Low
0.282452875998074,0.3417915274735741,High
0.2692083157718045,0.37124964896263235,Medium
-0.5335781846150931,-0.3339409797035011,Low
0.16126860121889774,0.40682707315368183,Low
-0.5240717626523407,-0.36437915723831027,Low
0.057411768369860616,0.4597208401962891,Low
-0.463937383700765,-0.4471210335611586,Low
-0.6065067247673255,-0.3138618210339913,Low
-0.14890415448920227,-0.7593055581954915,Low
-0.02054703804076352,0.5426420620052209,Low
0.559225194330457,-0.013532324040051724,Low
0.01272604395463367,0.5015972382274587,Low
0.028833305650911356,0.47529873490456076,Low
-0.5712907349819591,-0.32314813825613997,Low
-0.006197451418589739,0.49149446158035903,Medium
1.674688647802255,-0.7387095871272288,High
0.052131240684769264,0.49168229161395616,Low
0.3426699292865255,0.30263701014149047,High
-0.5322407902708662,-0.360899079481235,Low
-0.5400086994089578,-0.3384131499053562,Low
-0.41995878402678555,-0.4085264194784382,Medium
-0.6645224494699724,-0.2599957013409643,Low
0.09525435053236542,0.4737312553663737,Low
0.601643585656882,-0.01739732168005842,Low
0.09148053959375341,0.4438223915488243,Medium
1.5064320125150232,-0.6196451682972826,High
1.1266383084696183,-0.3670602158813157,High
1.7378808005240407,-0.8043626951861836,High
0.34901067447416045,0.3181207012466135,Medium
1.8810941895024411,-0.7853494495041432,High
0.14452959604367865,0.4080074119427801,Medium
-0.44975401208676874,-0.36322236074991254,Low
-0.4619370897556096,-0.39402305028158946,Medium
0.024641393299749847,0.46702930270861287,Low
0.0309660733606697,0.4464788195527153,Medium
0.13622203890806706,0.4287979558894446,Low
-0.5757582427137781,-0.3343221708986007,Low
-0.16744974273239116,-0.7399247198125138,Low
-0.5642623279140555,-0.3553065738093818,Low
0.08446841572155378,0.4428600131277989,Low
0.01265693728778261,0.49418924259337127,Low
-0.6677180649294112,-0.2605395652312558,Low
-0.5310764979317961,-0.3428914539536781,Low
-0.573368915352299,-0.31547456728467316,Low
-0.5624046672039283,-0.30999834356878564,Low
-0.5474377094762617,-0.34064707523477566,Low
-0.5974406700779158,-0.3036443550171999,Low
0.031242573980958865,0.44700790925276457,Low
-0.593263312227845,-0.3262168902080419,Low
0.01801797425516183,0.5025167726792873,Low
0.40557768452785525,0.27291938757655493,High
0.24676981333794323,0.3930209903153892,Medium
-0.5421000360453346,-0.3505929219738526,Low
0.3214017407383808,0.36753987690228407,Medium
0.00044487472198517786,0.48567050388546595,Medium
-0.4284068820127998,-0.4167798696006525,Medium
-0.589877151436499,-0.3250092400984425,Low
0.039264574938645935,0.44349430427648884,Low
-0.6358068085153739,-0.3241837410865074,Low
-0.57057374212879,-0.3029752881527593,Low
0.2862392466792407,0.3802132495895191,Medium
0.1955303351156612,0.4025007788945877,Low
-0.5540050378728197,-0.3109932890443541,Low
0.1552179084482247,0.4122788541424155,Medium
-0.47902423787276344,-0.3976093299127712,Low
-0.5894898573580704,-0.32946189512034535,Low
0.017398394385500504,0.5054641573701872,Low
0.18948916677312544,0.3737943322431204,High
0.043349959234994295,0.4668452738450879,Low
-0.5692675260116398,-0.309453501967481,Medium
-0.34617364048444527,-0.44637016918022093,High
-0.5202328669135251,-0.3977982653063519,Medium
-0.5644697055231027,-0.36967686640473485,Low
-0.47164262489580133,-0.42344515345584743,Low
0.7441619941540043,-0.08724289365037524,Medium
-0.06804904063497047,0.5171908217164741,Low
-0.4915624946534425,-0.3664949368428206,Low
-0.4600308607625204,-0.37905565683881054,Medium
0.2693362894325043,0.37750145135213864,High
1.770140558570928,-0.8097795019061653,High
-0.03703036040377772,0.5170811460636087,Low
-0.4006917040348692,-0.43598552836211457,Medium
0.7416749677588481,-0.10991055089443202,High
-0.5952005924897201,-0.301545784948072,Low
-0.019584948591286233,0.48887753062671047,Low
0.21632323302026246,0.38534909853757204,Medium
1.5879317347908521,-0.6904121771246904,High
0.07424354641869513,0.4476135344043404,Low
0.16059063447627264,0.3763654773819186,Low
1.1634734134084683,-0.24924595543229933,High
-0.11676637672296658,0.569286593621625,Low
-0.5444855273244525,-0.33631245179717023,Low
-0.5318527491599967,-0.3787296735935991,Low
-0.007199592944416688,0.5325035832110295,Low
-0.627054104876084,-0.3050454819833768,Low
0.335891111794116,0.3235389531519288,High
1.2596205281710977,-0.18944093738359868,High
-0.024801223796856342,0.5108713104960311,Low
0.1509003591984187,0.4655056356599713,Low
0.17522995409833353,0.4343150893016151,Medium
-0.5515353953731009,-0.36863474573811883,Low
0.20455554938875153,0.4035543298331047,Medium
-0.5815095331356323,-0.3408192486059719,Low
-0.07219834383350521,0.5528642819634698,Medium
0.25810740056156134,0.38727093800553325,Medium
-0.6773203550249993,-0.24746689937899058,Low
0.22754005000998023,0.4103424065303263,Low
-0.6326924864627427,-0.30965156527055593,Low
0.023016012588469636,0.4607775558327971,Low
-0.12451745321110552,0.5838996645557538,Low
-0.34762381431099304,-0.44996120793057254,High
0.15570812294587366,0.4063764383420131,Medium
0.4386590277897977,0.047392051479811015,Low
-0.009163996864809676,0.4939715126784402,Low
-0.5385889100879612,-0.3627605764088374,Low
-0.1211468695735462,0.5773754322232368,Low
-0.011302596763839212,0.5354591964947272,Low
-0.6155231435704273,-0.31249364688404113,Low
0.0024699410297690516,0.48792770416492237,Low
0.1227260251322847,0.4220251430186358,Low
-0.6126099353413414,-0.27281322598629043,Low
0.01579099723317623,0.4692725240917285,Low
-0.12558264943307706,-0.7555693830062142,Low
0.11908230897154448,0.42317625202901843,Low
0.10648207266212295,0.43696664811258534,Low
-0.5546288779809554,-0.3547905854313371,Low
-0.6703569313914433,-0.2544859457060401,Low
0.021084425300730625,0.42822355857526506,Low
-0.6248912320305008,-0.2888889704441517,Low
-0.4594194714435086,-0.40901620681447604,Low
-0.04888516608614074,0.5282883639768332,Low
-0.008492195660088186,0.5215201131212036,Low
-0.4716348906642998,-0.40172520276410084,Low
-0.5716693600818399,-0.32601018637797596,Low
-0.5412513366713232,-0.37663989231562195,Low
1.7226538035817451,-0.8174605898363024,High
-0.6062707016267146,-0.2828317441522627,Low
0.08934452627968797,0.41147058705162165,Low
-0.5652481499226407,-0.33526949057274386,Low
2.1994538558100176,-1.0560162373875541,High
0.28616950017157716,0.34386720080628674,High
1.9799873023865044,-0.9479107400912813,High
-0.478510545222367,-0.42130735868907954,Low
-0.04408273741637109,-0.8154846796703149,Low
-0.5002138662629966,-0.39724536560384804,Low
0.04695727705063907,0.4592913935534654,Low
0.0691780528817732,0.4151949233164779,Low
0.020412646449047167,0.4590436139591715,Low
0.1247483861623555,0.4125007196422924,Low
0.10402806087923466,0.4496902318449817,Medium
0.09156076509278799,0.4190892101503606,Low
-0.5575039486679045,-0.3581576414530946,Low
0.1908621752296843,0.4211295500561827,Medium
-0.26477148048874233,-0.5126632928617709,High
0.2783744228309515,0.3744121489304565,Medium
-0.028809476509984555,0.5048662523451811,Low
-0.5190537375142948,-0.3678952773696311,Low
-0.4755810402290276,-0.3646822551835581,Medium
-0.5767995813509097,-0.34668755875135193,Low
-0.6169282433742797,-0.31248845299599753,Low
0.30015943621490315,0.341337140478741,Medium
-0.6221947751990432,-0.34305170743817404,Low
0.17539869504262673,0.386326827038211,Medium
-0.08600075022299475,0.5560530124302434,Low
-0.00811199596826584,0.49794330019348676,Low
-0.46651529332666164,-0.41299494631289735,Low
-0.0515544236380755,0.5102473699186741,Medium
0.03330487432517637,0.46190884811681665,Low
0.23355861290456625,0.4305740245849564,Medium
0.033582094144613384,0.5034193125202989,Low
-0.6991843899166832,-0.2083356681673892,Low
0.07950906529034818,0.4454760774889528,Low
-0.04880528422056496,0.5186251200760889,Low
0.04878550916822738,0.48450391090487643,Medium
1.9051876583677745,-0.7953135529349612,High
0.2351779201527302,0.35396404199445064,High
-0.11272617628685888,-0.7607326264843718,Low
2.0777100373594672,-0.9451308989155229,High
0.14200541831265356,0.40075720428801986,Low
0.17256258876007036,0.3990324464374707,Low
-0.5413548523990427,-0.3372411655018085,Low
-0.41441725276526276,-0.4233988276821312,Low
0.14533486326717981,0.43009950916665285,Low
0.30993627765573073,0.3384878875539301,Medium
0.3617996989496637,0.0916454790859818,Low
-0.3398895783927533,-0.4577459110364562,Medium
0.25047206828953394,0.3396780783643081,Medium
0.11992763289758268,0.4439176951127287,Low
-0.06280304627137834,0.5392069400616594,Low
0.10240007728830669,0.43394803609073074,Low
0.14792546357918324,0.38299721506544127,Low
0.13277334150181708,0.4547089396396804,Medium
-0.5961224409542328,-0.33423287909787014,Low
0.2025695356835674,0.4095841314330092,Low
0.09989001031897704,0.4533742056023563,Medium
0.22439647224848014,0.41856151812538434,Medium
0.22182067534444028,0.3821965698407267,Medium
0.2777097829826052,0.4032487795539975,High
-0.5758228955573513,-0.31749711704577277,Low
0.2317721306414916,0.3592681754431134,Medium
0.19698395736002472,0.4336186875370073,Medium
0.06299696467935956,0.5058353572556437,Low
0.09415437690796857,0.4800810922379085,Low
1.5035249644277535,-0.5334299895332513,High
0.12015105849364094,0.4364525039769839,Medium
0.3479306311922131,0.3446566537427621,Medium
1.9493916674140837,-0.8330329815201409,High
-0.1015020604801628,0.563176930836815,Medium
1.8169831473609304,-0.7330391741211614,High
0.006241321013084278,0.4858674128754178,Low
-0.4779518435455499,-0.3571627474688473,Low
-0.4039578445612033,-0.4806854142216888,Medium
0.0374003175399692,0.48772615105574235,Low
0.3754497470035991,0.27892675472958195,Medium
1.2987191939648488,-0.25416240348446345,High
0.09991221469790507,0.45866809751537063,Low
0.27738116548900027,0.35138719436011623,Medium
0.05975165222993767,0.4533731229967509,Low
-0.3748196979069877,-0.47112089476610763,Medium
-0.5680698924030189,-0.3374323278718583,Low
-0.039514854016831524,0.5077613718553462,Low
-0.5776627975968833,-0.36874532840395774,Low
0.35610065500142085,0.3533212916520997,High
0.04672556445303433,0.444897645212747,Low
0.6803246972712764,-0.04614273827544613,Medium
0.1870201639447071,0.4028870897140392,Medium
0.0001326735075953822,0.45908525597955274,Low
-0.6187565459524589,-0.2970495926382025,Low
-0.4769999155895819,-0.41609437039275676,Low
0.2924333215570466,0.324151021401867,High
-0.5647318063191453,-0.3667063249156164,Medium
0.0510297792917882,0.4883314626108547,Low
-0.04378338326645881,0.5299894355871668,Low
-0.5759498000364616,-0.32362284330839663,Low
-0.6909620584671018,-0.21822518793604723,Low
0.011072463360689788,0.4926270780930724,Low
-0.3839141222403904,-0.48152612067371586,Medium
0.1517425030326529,0.4392882709006606,Low
-0.13406366174098933,-0.7650654807998176,Medium
-0.5823652053934733,-0.3191635988958787,Low
0.11139671579146204,0.46233184760848767,Low
-0.5158484723904498,-0.3862708224536473,Low
0.018544455103853552,0.4922703212401016,Low
0.19996872877572747,0.40939886225435607,Medium
-0.6588078342055333,-0.2601820983567053,Low
1.9456151203518643,-0.8906296544042367,High
-0.07442923770400567,0.5723051890533322,Low
-0.47553707501908005,-0.4063140904395457,Low
0.3115125011407439,0.37363612017108216,Medium
0.0045048789955311475,0.5167914211883434,Low
0.30933333723659473,0.3190430746583971,High
0.027006569664086766,0.4564156184700444,Low
-0.3998404260134934,-0.41528039386390353,Medium
0.32367589197725033,0.35545719108495977,Medium
0.13143207088268438,0.3864350720263675,Low
0.06336637818008506,0.4555763290553584,Low
-0.5296517158709597,-0.35502492669981034,Low
-0.6587663621528896,-0.2627600415634782,Low
-0.5466675225415675,-0.34595264498646516,Low
-0.5613821327889402,-0.3760511768218221,Low
-0.6071816874713691,-0.34806067321110185,Low
1.6831400949137925,-0.6454380787113151,High
0.1810264579677392,0.3949251998297263,High
0.07194638656620012,-0.7208312913795453,High
-0.034627727087396476,0.513359573369595,Low
0.2333487213368287,0.40074075806873577,Low
-0.08039791285507214,0.5468615066908861,Low
-0.5967806465300654,-0.3163882060536385,Low
0.009667444099880518,0.5249848238720501,Low
-0.06822708950183531,-0.653722840604214,High
0.11496959153905983,0.44662496622678705,Low
-0.5771840715365396,-0.34879686381950314,Low
-0.7002065136853202,-0.2079691726492246,Low
0.6097745403458792,-0.04763697407953965,Medium
0.03330478997655806,0.46775594947996757,Low
0.161501760862096,0.4294297039716404,Low
-0.5792251801627624,-0.34124947845678505,Low
0.3260182944552651,0.3495261421718404,Medium
-0.585280734506481,-0.31175978805087673,Low
0.061991076446332116,0.47019308672029025,Low
-0.5242929757377943,-0.38723052493022675,Low
0.2908809419595604,0.37626324791200483,Medium
-0.6293269242267904,-0.3354080247458966,Low
-0.6294649376966273,-0.3082944042827741,Low
0.018824582183358363,0.46810610908384465,Low
0.0898063039686075,0.4260578900079137,Low
0.2556436708067281,0.36730243087695913,Medium
0.04596866085600121,0.4345349117209206,Low
-0.5567821254044816,-0.34293916038980865,Low
0.23778377412170237,0.40103108200813786,Medium
0.018223244391945614,0.4529775153800608,Low
1.6287832221519396,-0.6930749994661015,High
0.18345038069586983,0.43481619524079673,Medium
-0.5501842571496518,-0.33339088201117273,Low
-0.5178653838173638,-0.36906004123919445,Low
0.15228410865864428,0.38416490045432705,Low
-0.5478096423905472,-0.3419553760003986,Low
-0.5337576388464833,-0.3549642168071149,Low
-0.6614703625567906,-0.2577625518900029,Low
-0.5162012634581121,-0.36824437820733635,Low
0.02587373836242568,0.4828206859708558,Low
0.3937829625676623,0.2865410956786375,Medium
0.18004915576800085,0.38570164208258373,Medium
0.019127291846796735,0.47645440592890276,Low
0.30038540732649355,0.32915386112421163,Medium
1.168991006384369,-0.12258765798128646,High
2.1088166928683814,-0.9046926313646108,High
-0.5059176673657406,-0.3428214891429153,Low
0.09133857447700139,0.4701037460731152,Low
0.27051627561235125,0.40503654904688124,High
0.12295722683356114,0.4329130268663356,Low
0.12020261141771404,0.4148423777762361,Low
-0.5310517457296515,-0.3396916063437215,Low
-0.679723989138123,-0.23947616386861642,Low
-0.5647034615864447,-0.3159454095721107,Low
-0.07158317236228795,0.5642806316624845,Low
-0.5209882760303661,-0.406648734242661,Low
-0.6161332191923216,-0.3374409438801249,Medium
1.3883668992592566,-0.31343890794469126,High
0.19266047022883648,0.35526668797420335,High
-0.49866257166109373,-0.33478779182341956,Medium
1.5333592255605268,-0.6397608522979128,High
-0.5789750994937136,-0.3643124956158189,Low
0.26768265170824734,0.38513196089831314,Medium
0.061460075478647236,0.45106325627842614,Low
-0.606085343663936,-0.3150786010761959,Low
-0.5808966067694352,-0.2860690751116514,Low
1.073886644881848,-0.37566047148426357,High
-0.5627229861650439,-0.3451047334420513,Medium
-0.5478840088918345,-0.3736844181908281,Low
-0.03780043263443722,0.5167262489648483,Low
0.11417154953485065,0.4095123889886728,Low
-0.49865097176191536,-0.377258924620506,Medium
-0.6283750697839492,-0.29477976624828384,Low
0.001532709080291239,0.4743946908652419,Low
-0.5479819471288753,-0.37183169483611933,Low
-0.6442641989413163,-0.2593740949232892,Low
0.2867156194194165,0.33588760133744794,Medium
0.0240458367526869,0.46643363936356563,Low
0.11944767346150731,0.4261531985918956,Low
0.011100915494034858,0.5101085927209117,Low
0.056756247314284636,0.48577459418201896,Low
-0.6387725537798461,-0.26813595060853046,Low
0.24000272713824222,0.39545220261626546,Low
0.1241619833888139,0.4137734075945737,Medium
0.044910204661203657,0.4376498588374914,Low
0.240123416825321,0.40055043430496384,Medium
-0.0051432331587653035,0.4891750408912907,Low
-0.4438242175932948,-0.39390182076650215,Low
-0.5755658155999703,-0.34446233490047784,Low
0.326702415423502,0.31070137333408737,Medium
-0.5680851842352643,-0.3343671363794092,Low
-0.4152671797508529,-0.38470801214656947,Medium
0.005280201975977117,0.4955559564357618,Medium
-0.039537898352137446,0.5257207316545917,Medium
0.24382954060385031,0.3533890430533888,Medium
1.5438811236501124,-0.5007367818134212,High
-0.14196199585097324,-0.7444450784133494,Low
0.2833768506151413,0.32167325845419725,Medium
-0.5083126067371531,-0.43145307392033977,Low
1.8317919783786138,-0.791136509533096,High
-0.49727929569170937,-0.4157599717628798,Medium
0.19789023192646982,0.38183228797056523,Low
0.3872165741267485,0.30286573226724367,High
0.11630484911323469,0.4434244408317164,Low
0.050635977813384137,0.43907861071514176,Low
0.027494517044146516,0.46027710597206417,Medium
0.05287381841659866,0.4346556473462785,Low
-0.572919062418165,-0.33719587953817154,Low
1.5195887996850634,-0.6381545975097489,High
0.2444113134641257,0.3332364620170255,High
0.049911504565204046,0.45582194337324977,Low
0.08629110229452475,0.4616189267830264,Low
0.37393475575069757,0.30367456992373343,Medium
-0.4768545241602077,-0.34238630835746947,Medium
0.3771594172518342,0.2985463190801704,Medium
-0.04971675416634336,0.5389760943006991,Low
0.1488206072143412,0.411368137080518,Low
0.09049467173680681,0.4487510293770415,Medium
-0.5542905029909034,-0.33430747041546605,Low
0.21024741094311117,0.38574082492406625,Medium
-0.0948580171792695,0.5589522666541104,Low
2.0279482486850533,-0.9613028396336597,High
-0.030896618290368827,0.5238292441111925,Low
-0.48307563500503625,-0.40860820622812677,Low
1.4913738916797559,-0.3406526874267942,High
-0.5927860948747316,-0.3304803820011567,Low
-0.5193458016811896,-0.35348825566963205,Low
-0.6230018353705946,-0.3126902457769398,Low
-0.604223080884968,-0.30156883370983173,Low
0.24774264199429963,0.3373421343574304,Medium
-0.16818790071082634,-0.7491699008047915,Low
0.005500523717569761,-0.6716946817155925,High
-0.5895949644793488,-0.37177416333056956,Low
0.19524437644881865,0.4518102043591964,Medium
-0.570593437911397,-0.33430746572140846,Low
0.2177278982989379,0.3953085101970599,High
-0.46572026845797554,-0.3957476843357503,Medium
-0.0009925969389482092,0.5151283815188775,Low
0.3350430145007125,0.32607791830654936,High
0.24382141428662962,0.37925340899159843,Medium
1.4449276486740368,-0.564670007908948,High
-0.42054836447302135,-0.44643712528648416,Medium
0.12173466143251543,0.429429439476965,Low
0.3043081721347106,0.30598288823441366,High
-0.5778147298884928,-0.32805768430992954,Low
-0.5492235792050747,-0.3201328958705088,Low
0.16954865451771728,0.39393909326030885,Low
0.045088978998210516,0.4646266261098272,Low
-0.055440148329287786,0.5308407304356456,Low
1.597649936489436,-0.6871130714232107,High
-0.05719526517876594,0.5323122175958459,Low
0.037793318713266744,0.4721104076546908,Low
1.9006598619387216,-0.8805509261136767,High
0.01374402691160076,0.49372052735808936,Low
0.36804353778651355,0.3175879550901921,High
-0.5970146862418059,-0.31694616981751395,Low
0.25199662864232064,0.3387342883536214,Medium
0.06710306399728921,0.4463068808797602,Low
0.5153772028214065,0.012946602243022298,Low
1.1493115640938918,-0.36102029073238434,High
0.2804227978225451,0.32847887691257643,Medium
0.17737726721296976,0.41553178629020115,High
0.1985345082702501,0.39567529809292223,Low
-0.5075070978056431,-0.3593119625707234,Low
0.32150893746299825,0.37125788249123615,Medium
0.3011324906072459,0.3458622519430298,Medium
-0.48011707026186323,-0.3851619724140003,Low
-0.4968099204938592,-0.37293401778592455,Low
-0.648928704841194,-0.2653250800802255,Low
-0.488328095911434,-0.4015325314722022,Medium
-0.019122427646919404,0.5280861683253647,Low
-0.5315088677716516,-0.3533289878080685,Low
-0.5325525044753895,-0.3282724942917619,Low
-0.5321833067024184,-0.3348338185511569,Low
-0.5164833846106442,-0.35661673915734793,Low
-0.04071689238342768,0.5103350318866605,Medium
0.5717894669156626,-0.02111023773269699,Low
-0.662443727438403,-0.2707826805893202,Low
0.26362451359844985,0.3928346493885667,Low
-0.6026069247021033,-0.3278278149294369,Low
0.029333808144508478,0.4584552008605709,Low
0.016900418676356832,0.4688621631406015,Low
-0.03542415731617021,0.4977992178190428,Low
0.31590221945674146,0.33071478785753045,High
-0.6075663247223804,-0.3029851173023562,Low
1.82655174790844,-0.7672227234752343,High
-0.5879382024482123,-0.33083198744846043,Low
-0.4663886306748222,-0.3806469897021163,Low
-0.025326647428076665,0.522885993199008,Low
-0.5295503679003435,-0.3632263837889007,Low
-0.5742403258224689,-0.31128274858753524,Low
-0.02963160688140115,0.5219541206915574,Low
0.06855499531055548,0.44922804098496016,Low
0.03117784206481078,0.4892728032626251,Low
-0.5458239504956963,-0.34719120549159926,Medium
-0.07951206743021255,0.5397718411562006,Low
-0.1556014509333777,-0.7707177412652692,Low
1.661891382728167,-0.7669656852623278,High
0.006200670591539059,0.47497248168023387,Low
-0.32310657384351227,-0.47863733196227226,Medium
0.12067319456331971,0.44529778947404375,Medium
0.060650021790819075,0.4389295982864667,Low
-0.015543361899095776,0.5253341111268928,Low
0.39438158936673084,0.3055014273250539,Medium
-0.5817974488103489,-0.3271564776165795,Low
-0.4527283950468456,-0.38228050379197914,Low
-0.5465461810866656,-0.3462244244059757,Low
1.0173065130235293,-0.2785637849746316,Medium
0.27293830118185425,0.37516360934306203,Medium
0.016068571907387363,0.4839018234088771,Low
0.3128075799272575,0.3449602595322582,High
-0.12067986361008781,0.5641057930384412,Low
0.7415873912061015,-0.0915666384995188,High
-0.017774563557790612,0.5123144026589725,Low
0.0442640228776206,0.4351192239403845,Low
-0.570333761384527,-0.3218548702276978,Low
-0.6358083884989416,-0.30787622253858626,Low
2.24516360315108,-1.0008184119735506,High
-0.013996505785840663,0.47329893812819257,Low
0.183137577573404,0.42140827480087883,Low
-0.3552974276388643,-0.4644947387241018,Medium
-0.5713356916517289,-0.34897486963978375,Low
-0.5323007315756207,-0.38799134253391016,Low
0.020511917207424957,0.4755293475227671,Low
-0.5928799491997099,-0.30384794538293913,Low
-0.628834115290088,-0.2990366196076366,Medium
-0.5974827627377242,-0.32160263731854927,Low
-0.5952030366692416,-0.3242752094699707,Low
-0.6500161085782923,-0.26293032570589836,Low
-0.6141928624239961,-0.30871703475276113,Low
-0.5231242098154543,-0.385941761561282,Low
-0.5831860860218268,-0.3742162503675637,Low
-0.48010910535601137,-0.43860875253950815,Low
-0.4821491707909763,-0.3745006478658355,Low
-0.4451714169865866,-0.4266220827762491,Low
-0.6325715400204823,-0.294183724954908,Low
0.1966989174368573,0.35506318758472155,Medium
-0.15666433206714847,-0.7629249072591467,Low
0.25712494734922386,0.3309272403209445,Medium
-0.039501449221034435,0.5116085960190344,Low
-0.568776192376871,-0.3323075473619338,Low
-0.5058715185233289,-0.3666998505900547,Low
0.09413559015702222,0.44292274326502745,Low
0.051309754029476795,0.44723430625322147,Low
0.025322422039645243,0.5163380650956199,Low
0.17077084582791535,0.4025515888138753,Medium
0.10918226056520197,0.49071146751930106,Medium
-0.4532970552897081,-0.4111971920098059,Low
0.278644508728659,0.3808024824883861,Medium
0.27285160153773236,0.32375764294631065,High
-0.5647193500201099,-0.3065403223515578,Low
-0.5329546553471763,-0.38765946659057027,Low
-0.016162527909615365,0.5507667926385458,Low
0.10702221943698709,0.44884308071760615,Low
-0.615388007169475,-0.30158793162582187,Low
0.24165892162651947,0.3761802152942927,High
0.4520814503983984,0.0513016747305019,Low
1.8000501029530576,-0.7275072393653311,High
0.19462753820496914,0.39576350985563047,Low
0.10676447551624013,0.4355223833993209,Low
0.24277172944291303,0.3779908593272492,Low
-0.5926206728920962,-0.30504146897095064,Medium
-0.48395889754889176,-0.39549090697832645,Medium
0.0903391515380273,0.4103487346782507,Low
0.10004274772191907,0.4240191387905823,Low
-0.4578539052927731,-0.399448800007283,Medium
1.0650169003103638,-0.3047459890584922,High
-0.45009003496679434,-0.4500022441949105,Medium
-0.3551545199565189,-0.44040013793260085,Medium
-0.6214825546303426,-0.28861040519759684,Low
-0.5475220844366716,-0.3347631416620861,Low
2.0224491461197616,-0.8938332206230007,High
-0.7250745966794037,-0.218745795967569,Low
0.21256052539384562,0.4638780617481898,Low
-0.6672670078284133,-0.2818766522615707,Low
0.33054591014818535,0.3425002484857421,Medium
0.0425299040978131,0.4405545071664271,Low
0.363504146631221,0.3359952583341783,High
0.12063366170420586,0.4036015100435234,Medium
1.8256097961542281,-0.830800715384963,High
0.6990947731599129,-0.049197628675623495,Medium
-0.53907038024581,-0.3019381230996683,Low
-0.5495305257419932,-0.33748300448017476,Low
-0.5070482839754179,-0.3223850658921248,Medium
-0.5865004478665562,-0.3227323786800176,Low
0.054102405991933056,0.48086345552213217,Low
-0.578105407078167,-0.35686495041144284,Low
0.08389933694551066,0.4537415527529933,Low
-0.6178426864434423,-0.30832845460947866,Low
0.10793901955711582,0.42439507922623965,Low
0.4035650479705033,0.06411745641973315,Low
-0.46215590768551046,-0.37102298708630066,Medium
-0.6216434684036829,-0.2952765412335646,Low
-0.5345883624711331,-0.36867319881237626,Low
-0.5447972676220803,-0.32152240132786913,Low
0.12570191753035287,0.39074010373554247,Low
-0.5743796412305192,-0.3136215911087354,Low
-0.6250677447816275,-0.2835410825567972,Low
-0.5485654684118181,-0.3218580029851813,Low
-0.6030596714444599,-0.3226989929270484,Low
0.2605035934281118,0.36930938194135965,Medium
2.042729557747725,-0.938159080452471,High
-0.1650808263374428,-0.7624149049955744,Low
0.13930113321463544,0.4295917806353685,Low
-0.5844602868277141,-0.32969123050112015,Low
0.7052680686978625,0.04867233176227359,High
-0.6582952357204636,-0.26988377218251425,Low
-0.5066148275428273,-0.36700081374525206,Low
-0.10207138257615828,0.554173013697102,Low
-0.5409949674864482,-0.3546061685857822,Low
0.022263043194283072,0.5216720562864848,Low
-0.46964748123373645,-0.39480120922004913,Low
-0.5527791806821798,-0.378772094102019,Low
-0.47328593125317475,-0.39880932196919533,Low
-0.5779553948029065,-0.3259287703463617,Low
0.09545159260325592,0.42834087442416735,Medium
-0.5850418994243645,-0.3263100418071412,Low
-0.42249128302553984,-0.4524704777919821,Low
-0.04295315994969284,0.5177299400200915,Low
-0.637215651862573,-0.2803416593893982,Low
-0.5578344016205482,-0.3348779066476372,Low
-0.6521053846761625,-0.2696737439775715,Low
0.06907303555421779,0.47396080563324894,Low
-0.6670171230677593,-0.2717927255716366,Low
-0.617544471505444,-0.28974674693694047,Low
-0.488341134660031,-0.385665262321764,Medium
0.3033425751542165,0.3288916119425448,High
0.11910049183695903,0.41097814622507045,Low
-0.5342111154303204,-0.39387969618275215,Low
-0.5583918481596839,-0.3460437487040094,Low
0.33061459466850596,0.3390850181449897,Medium
-0.538019464246078,-0.3713429534336708,Low
0.2952613689387631,0.3167694881434114,Medium
0.07013308776961424,0.463846053084333,Low
0.289588221812899,0.36319228200588605,Medium
-0.03427028938381793,0.510843871984353,Low
0.2283611868614256,0.39614524832680786,Medium
-0.5887277433704877,-0.3569125055912369,Low
-0.5098185565646604,-0.38303475748707905,Low
1.327607661314542,-0.2738136975391018,High
-0.643804674196385,-0.29551480678392034,Low
-0.4424418016728571,-0.4275404859491951,Low
0.1759300006618172,0.4349684041919103,Low
-0.4467001631355046,-0.43386138470855534,Low
0.20269985618972153,0.4039909926938394,Medium
0.040012919027009874,0.4722264885650068,Low
-0.3392775261703119,-0.4621309904039804,Medium
0.34290100534210577,0.3407299068547186,Medium
0.0848785570186773,0.42844064470528676,Low
-0.48065394811977497,-0.37564190998587754,Low
-0.6139400329326437,-0.3035679681660904,Low
0.7032812088162375,-0.07718105203741926,Medium
-0.36137115229197814,-0.4535856335015257,Medium
0.24326295178871649,0.35089657523073436,Medium
0.02126547794061634,0.45617448129030613,Low
0.0871556647565791,0.41508951775183534,Low
-0.5075312383732311,-0.360975947192082,Low
0.2506059118128877,0.3433585019183564,High
0.2909265331948101,0.37081094854628327,Medium
0.34633927726459524,0.34322423920471956,Medium
0.1190385051751186,0.45744380566436316,Medium
0.125463482388409,0.428278653842732,Low
-0.41509090240226854,-0.43957837063590405,Medium
-0.13720120271393205,-0.7403924176698907,Low
0.2904992576237029,0.3696180282157012,Medium
0.2556647558195698,0.35995880067068886,High
-0.5244503431606536,-0.3701643680333436,Medium
-0.5839556469236866,-0.3309991668516008,Medium
-0.4251182050513661,-0.43905138102955793,Medium
0.3140987204791136,0.32413510575501314,High
0.09457650962573794,0.4163402766146884,Medium
0.08176893463624063,0.46828936423188117,Low
0.04891495872121088,0.4564335391779889,Low
-0.07052075683972281,0.5544191085872886,Low
-0.4430484518063202,-0.3946195077962592,Medium
0.014677753137396499,0.46961067239450105,Low
0.05342395268170347,0.4632317635165506,Low
-0.009021020147249925,0.49943348318722525,Low
0.15853151741289406,0.3906214647231748,Medium
-0.19076957796347113,-0.7331868982117726,Low
-0.010828236509996425,0.5014223990941169,Low
-0.5776597037018024,-0.3424945023717888,Low
0.032352189327009895,0.5087457356270111,Low
1.6205233186812673,-0.6535495427116514,High
1.2119536494154681,-0.20658075012257326,High
0.11251284655501337,0.40507735804984846,Low
0.15064330019446126,0.43146707234097126,Low
0.07304608928959,0.453464254021372,Low
0.02270416807141573,0.4853325251947477,Low
0.0581660907428827,0.4750816060720984,Low
0.3964524071939415,0.3084443505629676,High
0.015256007737139976,0.5244294531517113,Low
0.29093725178061525,0.3467764554036922,Low
0.07653512956383651,0.5024409483724168,Low
-0.4969280820200057,-0.43153952209379354,Low
0.06796457492357216,0.4704532403626295,Low
-0.5906272381721276,-0.36853391474147656,Low
0.06279189552810321,0.4375936484991172,Low
0.09145364304092463,0.40821031091414717,Low
-0.638368431644778,-0.2700768053263323,Low
-0.43564580555862975,-0.4037609183736404,Medium
0.07660965443312207,0.4850068302533789,Medium
1.3927628177081985,-0.27498307637370767,High
0.2744789117452294,0.3428480163949047,Medium
0.26820300608354775,0.3777992753792455,Low
-0.4353054679584612,-0.4225057538988445,Low
-0.5162290405228972,-0.35388560247636935,Low
0.18059927981236013,0.4103598483799309,Low
0.08925253256210086,0.4411367948623969,Low
0.06429741958298463,0.4889055915055269,Medium
-0.5965883238260719,-0.33541694974812913,Low
-0.5284447905676063,-0.3696990477235819,Low
0.16429498602242032,0.3743980970804943,Low
-0.5890005067246323,-0.35479157162761044,Low
-0.11226682674170013,0.5729183528596126,Low
0.10198543732714582,0.4115057793897713,Medium
1.4953447048115593,-0.637657645665805,High
-0.6123932983282221,-0.2720519623065389,Low
-0.5497174810812107,-0.32059759686899253,Low
-0.08165336545193858,-0.8436879985286495,Low
-0.6088748123894909,-0.28762635180117135,Low
0.14825115284208223,0.39179371418072473,Low
0.03747045690521039,0.4815911856362668,Medium
-0.7037584893377605,-0.24586753834300334,Low
-0.6013937743401301,-0.30835152405715954,Low
0.0466134976056643,0.48584358737683686,Low
0.1170845146520032,0.45039904618869986,Low
-0.614104543695128,-0.28562788308852816,Low
-0.5859951053319812,-0.3241021435303366,Low
0.018087429921270826,0.48089324608872563,Low
0.18307917067537016,0.4270209770053236,Medium
0.07654643679747697,0.4466468095437285,Low
-0.608552324514186,-0.2942022787752895,Low
-0.6171530659881876,-0.2662538076514897,Low
-0.5231657128180325,-0.3825671869858535,Medium
-0.5285410795199563,-0.3753403194210536,Low
0.0100971935145312,0.48191975818912747,Low
-0.1028704470308246,0.5576883321011269,Low
-0.012221364079194608,0.49903028311258113,Low
-0.6030224835288363,-0.30313119399559063,Low
0.2470889024572056,0.40812313593323746,High
-0.4924097272740679,-0.3964343139259687,Medium
-0.5078761556284918,-0.36502278509937386,Low
-0.5499662009145696,-0.3738905709828537,Low
-0.566774099547198,-0.3651175896147906,Low
1.113539269571343,-0.35540648698153116,Medium
-0.6569424411331031,-0.28435684646374015,Low
0.291645616393186,0.3253554574061848,Medium
-0.6025890026400428,-0.30049021348703103,Low
0.02411420370059547,0.4647294664945,Low
0.34706113423404517,0.32438458392421243,High
-0.5453312458891569,-0.36543072636930446,Low
-0.5918250753052515,-0.2904646565901534,Medium
0.043573946539642194,0.4451866664458044,Low
0.03849704785238195,0.4583190198117788,Low
0.022775646074212175,0.4836653030713608,Low
0.015118980165529594,0.48771064225931116,Medium
0.0010533619259845972,0.5027562882004083,Low
0.04294715769247304,0.48464407805973775,Low
-0.003124005725014478,0.48822800623544294,Medium
2.0745808340373078,-0.9556163578824522,High
0.19648798010671242,0.382190637903261,Medium
-0.30266606003205304,-0.514602811573984,Medium
0.3864080095416178,0.29426343257422055,High
-0.6463561225833154,-0.2997862986255695,Low
-0.47261506485041965,-0.3901726836935672,Medium
-0.06797682406278083,0.532794547733389,Low
-0.45566636751816125,-0.39716915773290906,Medium
-0.5045732985663163,-0.38657601789613405,Low
-0.09336888907527308,0.5673082020228366,Low
0.005615815979959082,0.4738675471908754,Low
1.6868123563369795,-0.6842859225633865,High
0.022177144016618466,0.4893383129726624,Low
-0.2880009530605716,-0.5170047284472331,Medium
0.22721509901967185,0.40880463672987,Medium
0.21856735257581628,0.37638552417985227,Medium
-0.6244930154188013,-0.2902445413416652,Low
-0.5470491149047065,-0.34109866643275394,Low
-0.03871431923493773,0.5047371877528585,Low
-0.5550380522782099,-0.3931739374093944,Low
-0.010152739842361258,0.4917383943551804,Low
-0.1408540017590985,0.5801474973751899,Low
1.1636926029230132,-0.3764997573360715,Medium
-0.07176354725270162,0.5309233703846312,Low
0.14930454450672226,0.4180955432601319,Low
-0.0577692466414742,0.5613189371202831,Low
1.185407009346476,-0.3850775709931779,High
0.007965356441280935,0.4882618023328996,Low
0.021840396806186657,0.4621932989290396,Low
0.22881229231545808,0.34302736201638007,Medium
0.4896349079838376,0.012643329906685319,Low
0.06795702930702863,0.4287190863188195,Low
0.3393878319067565,0.32131683870351674,Medium
-0.03553707593263311,0.48337448908259817,Low
0.08296004326130896,0.43003534073620064,Low
-0.5170618745845613,-0.35212405427473004,Low
1.6151510806162805,-0.7139120502913591,High
1.9323411144962794,-0.8280149091421335,High
-0.6144500121800172,-0.29251580540349564,Low
-0.5058051653546491,-0.35196095906699165,Low
-0.6767495936802539,-0.25319748271290815,Low
-0.5620584516715021,-0.36372289728422696,Low
-0.5979520101570123,-0.30288222065945214,Low
0.5188166099930669,0.13404367137521234,High
-0.08851217729477207,0.5326690914589141,Low
0.6945317223609713,-0.10619804963356783,Medium
0.06696857436033715,0.43774549091709436,Medium
0.08283825905018083,0.4839129374175781,Low
-0.5214686215411822,-0.358130757233606,Low
0.12864307513269468,0.43669236478047124,Medium
-0.0069671280940241664,0.5110796417461141,Medium
-0.4769967924614128,-0.3717109019480422,Medium
0.15537304642663008,0.419687859036321,Low
-0.019602244119649614,0.5011012515676879,Low
-0.4317674157078905,-0.4511304193103147,Low
-0.5529377837029896,-0.35163492497003146,Low
0.06907760418223075,0.41090742163713045,Low
0.23642394660641963,0.4036936344191575,Medium
0.33623611121224395,0.32927488500977564,Medium
0.10824841221980042,0.4450180813125534,Low
1.1405171181586635,-0.21011275182712974,High
0.05390540120324161,0.4603018186219583,Low
-0.009540742188257567,-0.82100805530727,Low
0.2528633109059031,0.357836044619921,High
-0.4552969458209802,-0.43523629323531604,Low
-0.04510310117832539,0.5188505781541267,Low
0.06103272503178003,0.48324305046753324,Low
0.1688520973542501,0.42093555778132563,Medium
-0.5679107365525564,-0.3453805330290454,Low
-0.5586078878997032,-0.32247476436953604,Low
-0.6257849378168348,-0.2909124757688347,Low
-0.5641481933817376,-0.31133205724812774,Low
0.027126129641459107,0.48490435746494354,Low
1.086557970026712,-0.32552895528340436,High
2.0319049546911927,-0.8890993569788854,High
0.303459481368067,0.37934921158385604,Medium
0.044782132249540085,0.4997802433694095,Low
-0.5081077482588683,-0.3271744972035558,Low
-0.39342119289317645,-0.4037145670569695,Medium
1.7136034007610614,-0.6370947706279395,High
-0.5347064243313234,-0.3595344216663188,Low
-0.39244697854819566,-0.4139155012319326,Medium
-0.6375173132451439,-0.27468140148218456,Low
2.1784623155660263,-0.9459303825082379,High
-0.43002593352637264,-0.42959827707030845,High
0.19425916590905756,0.4455820596791217,Low
-0.5529980255400797,-0.3835140180302442,Low
0.16279410685493356,0.41349259015499573,Medium
-0.4906046730319195,-0.4082288655089533,Low
0.032233205234292295,0.49115335901537016,Low
-0.5919036085800972,-0.3274688305316301,Low
0.1923569673101887,0.4002996262172608,Low
-0.5272937704742842,-0.34971962093383646,Low
-0.3029061282084435,-0.4851910168565684,High
-0.5047217309216087,-0.3869640908285513,Low
-0.07047191607574421,-0.8027519855682536,Medium
-0.5630164099567716,-0.33200647692535157,Low
0.02123736885264177,0.45165754273684355,Low
0.06560076323732134,0.4290563281219071,Low
0.18916150029282208,0.37968364008464894,Medium
-0.5811597160052642,-0.334548163217242,Low
0.010372243287779859,0.497888244886866,Low
0.10725145592949803,0.4488596492662241,Low
0.2070073920370723,0.41620912669041066,High
0.1322896514307208,0.42729952172333285,Medium
0.04643138821275089,0.4377513385773256,Low
-0.6119604168810897,-0.2725950551827827,Low
0.7427849447668347,-0.07183128378178383,Medium
0.28365967290262006,0.3682181735545157,Low
-0.5937847990198184,-0.3010048551065973,Low
0.3572815939180687,0.3317179389107799,Medium
0.18683776188894952,0.410826809735921,Low
0.3288562206408657,0.3007777479678029,High
-0.5598279388802032,-0.36416157541732036,Low
0.04643016201876865,0.47682852601003034,Low
-0.57893828625157,-0.35273575464562823,Low
-0.5699419937141625,-0.3113400255334378,Low
0.02909799535786739,0.45975978460731703,Low
-0.5244750925706688,-0.3456458669409609,Low
-0.11793538317246488,-0.8015101610463538,Low
0.07296963549724333,0.43204270211633466,Medium
-0.026964486706937962,0.49307248236171997,Low
0.05007562101586999,0.49173731581908653,Medium
-0.497869095336867,-0.34977063057013125,Low
-0.017918351876255456,0.48348434377804284,Low
-0.463783868356465,-0.40391957119855915,Low
-0.5245866985205928,-0.3996639543643552,Low
-0.46484137925068186,-0.41039627982787275,Low
2.0474293304524718,-0.9217837812976293,High
0.08030589871182708,0.4287100942577501,Low
1.1843429459613837,-0.3698861934452405,Medium
0.3107904991170797,0.3531938480734004,Medium
-0.4664586027124791,-0.39124799871272103,Low
-0.47801491638168647,-0.41097425471741555,Low
-0.4040996804866961,-0.4475184239523454,Medium
-0.5442036561541727,-0.34459419682474113,Low
-0.510019816044017,-0.352413779857822,Low
0.001840658046935173,0.4896166302346733,Low
1.1059756606095343,-0.367317998047811,Medium
0.22401181774165246,0.3774319139063912,High
0.22337432497607013,0.39431078608307735,Low
-0.5898264957915149,-0.3251567560734305,Low
0.3837723832486226,0.29156556655984406,Medium
0.06357957583061691,0.45090682909829893,Low
0.13758357274091837,0.39902569830749235,Low
0.7002957176078002,-0.0574354073702697,Medium
0.030364903721739,0.4769090370900987,Medium
-0.06600949813808227,0.5422634855000624,Low
-0.6393264089743828,-0.2746810348373572,Low
-0.5039992691661969,-0.405832016644186,Low
0.5027330730935051,0.18791970113284312,High
0.06638133863721823,0.4195397576476356,Low
0.06760258906286154,0.4658048435072949,Low
-0.5792193005353223,-0.3317521244334116,Low
0.14616515775844885,0.4578548619490419,Medium
-0.6283705989697402,-0.27159761676574934,Low
0.1688235639667729,0.3805773033713087,Low
1.6127818473762108,-0.6085078116304206,High
-0.6351137344663494,-0.3033876645155573,Low
-0.4728751750014852,-0.38232529761171774,Low
-0.142925815840663,-0.750955885445624,Low
2.315737216209806,-1.0541664952687437,High
0.19013292914817637,0.3779187421362882,Medium
-0.4737592754080553,-0.36693722550365027,Low
0.012944913980155792,-0.8452023202675906,Low
-0.7184409335499902,-0.21421888025510732,Low
0.16062106979287616,0.4012679412517065,Low
-0.5917208803758008,-0.30759453597245967,Low
0.010754331838764064,0.466606825859886,Medium
0.006840274400099711,0.4988470346750138,Low
-0.5246197802422068,-0.3634397991793733,Low
-0.5720556155611136,-0.32505974062489185,Low
-0.05339887033331603,-0.8796613515298551,Medium
-0.5487764163561155,-0.3528934656223481,Low
0.0986993937227002,0.4256936469739555,Medium
1.495852796480419,-0.61805318911014,High
0.1019092338062959,0.457361517411197,Low
-0.5825192301751284,-0.3129030592263352,Low
-0.6134084677926677,-0.28816783024101555,Low
-0.5599948470242881,-0.3509521110930731,Low
2.1613114565136247,-0.9749859920777134,High
-0.5228078887353714,-0.3893585552629425,Low
0.18565858909437827,0.3943738674620968,Medium
0.04787469436356662,0.46341684183034515,Low
-0.6058032252844899,-0.2957854512382959,Low
0.46906036253936223,0.04359638543480021,Low
0.1127788204249236,0.4207393862707204,Low
0.025330635811595004,0.46190610293285506,Low
-0.5907469105580041,-0.3325312188098911,Low
1.0231169350230502,-0.3075060936912876,Medium
-0.6627358416185076,-0.2773850840616719,Low
-0.4766952454527167,-0.34336461632344273,Medium
0.4725791759256467,0.023690356168565574,Low
-0.5393674953580743,-0.36413327893847647,Low
0.15005972023420577,0.4195561208511722,Low
-0.4456030985434131,-0.3966712545708415,Medium
-0.6208376326179379,-0.29189803373352363,Low
0.05695921207035082,0.44481141562810445,Low
-0.03325085527032984,0.5269179530630498,Low
0.6299867509247234,-0.07042700628266513,Medium
-0.06702844778633554,0.5581554632919129,Low
-0.5362365994776338,-0.3374755957971507,Low
-0.590883979231984,-0.3178339320866795,Low
-0.47291570712055814,-0.4025048345302029,Low
-0.6385675173819042,-0.2886496986705805,Low
0.155479392107725,0.43541664951507164,Medium
-0.5567686532413443,-0.37705588101201115,Low
0.2790232377418137,0.34492915241877686,High
0.04737963346282609,0.47116855114753065,Low
0.005569782312013216,-0.6969446258646051,High
-0.12917837866102228,-0.7780685130663499,Low
0.5317272696991858,0.02525449538503982,Low
1.9411076843271668,-0.8370601799342392,High
-0.15260999096836886,-0.7645467020696702,Low
0.12491354531897703,0.41754999007849614,Low
-0.5274451165086648,-0.397960427711455,Low
-0.6790334873906204,-0.26033582837050506,Low
-0.026130844424136823,0.48852533886364147,Low
0.18008056345872714,0.40390363238414084,Medium
2.0380387921243557,-0.9694244858585465,High
-0.580752844746897,-0.3263396149153398,Low
0.06758257082362845,0.5053194802756342,Low
0.23425617221700346,0.3665687630616563,Medium
0.4264855081358552,0.2884478747682776,High
-0.057157576118927356,0.5095132410174387,Low
-0.2002083849038808,-0.570067307115471,High
0.1595569884206154,0.43085969406366753,Low
0.27046006292769076,0.3441633842338693,Medium
0.03146624652401009,0.47485410778351556,Low
0.031249275269164323,0.49075654094207855,Low
-0.563193280607341,-0.33125021097553453,Low
1.7157621108769512,-0.7071151557617147,High
0.2814750714243557,0.36536931968492936,Medium
1.9177237223064034,-0.8026989476090066,High
0.03245675461024822,0.477891585894917,Low
0.16643005642653275,0.44936846983009515,Low
-0.5281007197529174,-0.3642971971659283,Low
0.05489279288979604,0.4817887539724409,Medium
-0.00509599619021911,0.49180312232018275,Low
0.02226944030754885,0.45997136486221657,Low
0.0619199505780052,0.47563035049210334,Low
-0.5800563787807114,-0.3377980931624579,Low
0.40962292453489546,0.07754746583000732,Low
1.8026342669711732,-0.8515928061531072,High
-0.5566654488286443,-0.3429853077941227,Low
-0.5536493579829462,-0.3083527277969752,Low
-0.5305878586642371,-0.3398205905758045,Low
0.21941331963898925,0.36689429387313,Medium
0.3215844780438646,0.380351002766251,Medium
-0.5790425996155868,-0.3165406803322391,Low
0.356785098486352,0.33700457871290884,Medium
0.9618258454654012,-0.24915850133517442,Medium
0.037139820880830565,0.44125957236785107,Low
-0.5150881542683323,-0.36747571884073105,Low
0.20785234208025372,0.3578078204301798,Low
0.028319955959145382,0.4985134825314098,Low
-0.4451887667582708,-0.43177310195885393,Low
0.024812839767824335,0.4690505944033865,Low
-0.5081287460442264,-0.3600894370316403,Medium
0.2886021807072703,0.3347149509746499,Medium
2.0061475103234487,-0.886469545054651,High
-0.5233120506297135,-0.3735122380159242,Low
0.1837554849430526,0.4167590436331442,Low
1.9696514055321839,-0.8171472815913657,High
-0.6578191789200147,-0.26523386823474004,Low
0.27591368082031087,0.39336721007385334,High
-0.5303897912000375,-0.33189656427204894,Medium
0.24004641055355314,0.4131320812849565,Medium
0.4682882882196149,0.036344967107027115,Low
0.018175007723472802,0.4901679807503867,Low
-0.6040652813597888,-0.2993717559246183,Low
-0.4390972000405547,-0.39543765574977785,Medium
0.05373053345927187,0.47423345402828865,Low
-0.6178272419497368,-0.29124864472993284,Low
0.3404632446751191,0.333357555533956,Medium
-0.5558850109833473,-0.3469732273950248,Low
0.10521538606110037,0.4332132478600941,Low
-0.025121636827300953,0.47878314775058606,Low
-0.588214570660055,-0.35454196622939443,Low
-0.5964827113652797,-0.31527222537335986,Low
-0.5777352081098244,-0.3563382886097627,Low
0.15387346945797753,0.4163894395475558,Medium
-0.5457002623629658,-0.3426048283117867,Low
-0.5554162441370574,-0.32166637933217584,Low
-0.3835247824140548,-0.45651193444608434,Medium
-0.6265097919225033,-0.3056943631582901,Low
0.5672734909390493,-0.01996250758444712,Low
-0.6121586026271373,-0.3232063919297396,Low
-0.6452836603411984,-0.29386053879249696,Low
0.07728460758679939,0.4435087898925719,Low
0.17972418562961878,0.38846519352486997,Medium
0.5166051748494899,0.006015400474927379,Low
-0.6455778556873967,-0.2633943498332814,Low
-0.052987869584354474,0.536438946805834,Low
-0.5283742109162237,-0.36923059798466085,Low
-0.6588301479965079,-0.27505159646408306,Low
0.000973338191876727,0.49728874277312307,Low
0.02406407086605722,0.46954985043667496,Low
-0.5440491478704707,-0.3298677371270142,Low
0.15852291623351522,0.41607246737308123,Low
1.0402708830884253,-0.30891074682891534,High
1.5131147256340627,-0.4480379774069628,High
-0.5757309257605779,-0.34313447568864053,Medium
0.3097771207261424,0.34872646050937883,Medium
0.16850589213765743,0.4184033195471256,Medium
-0.4880493624189519,-0.4043832278939207,Low
0.27516128226001124,0.3479298183562457,Medium
-0.5431289987037702,-0.3548632387512558,Medium
-0.5264550409666445,-0.3486582738799527,Low
-0.48731722024266516,-0.3460387860964774,Medium
-0.4961130613324813,-0.4186955012562741,Low
-0.5752564406988905,-0.3463946403773842,Low
-0.45068350631597537,-0.43116869272188113,Low
1.1548162391396037,-0.36359996988201687,Medium
0.15643641807344422,0.424455546353775,Medium
-0.5812676266528947,-0.31803735611568684,Low
-0.0020712901091775593,0.47470674986707073,Low
0.11457344640452549,0.40654702495664385,Low
-0.6230984874910096,-0.2958915440203545,Low
-0.5409986357795251,-0.3643570598615977,Low
-0.5395984208407185,-0.35139834619394705,Low
1.5442570179677795,-0.5577162291800193,High
0.20682703753279807,0.40700715485951056,Low
0.4467645782852465,0.2636617946448802,Medium
1.4622900220659465,-0.3420195772758917,High
-0.08046781978552509,-0.8010226406707279,Low
-0.5752418141244791,-0.2880701009558767,Low
1.8213323680984168,-0.8375858658418487,High
-0.6116656247532043,-0.28861737631059003,Low
0.2705020284876857,0.36726534413553746,Medium
0.15752677682767946,0.39897828550981396,Medium
0.036441449406548365,0.4766743343539831,Low
0.7301777268965843,-0.12697292619985884,Medium
1.5925256977263162,-0.48321185056696486,High
0.26845643288384957,0.4057903673351335,Medium
0.13332323457052486,0.43230405151908957,Low
-0.6529369502549762,-0.22845991034697288,Medium
0.09762926752032774,0.43277887052012365,Low
-0.4433045011434976,-0.38430468241066185,Medium
-0.5994518815164815,-0.3330206274561137,Low
0.01863433936348058,0.4514640629568244,Low
1.0618188347730089,-0.35856708153272093,Medium
-0.5708041826344701,-0.343389695322384,Medium
0.01946042567948536,0.5061611617847722,Low
-0.613746445087952,-0.28095656537188,Low
0.09588707264305357,0.4566998629797676,Low
0.22316955794976367,0.40382980933947665,High
-0.6027661358192347,-0.31310118756229854,Low
0.011176394378340504,0.5085936857975778,Low
0.09525477605306815,0.4499479800911901,Low
0.42663261795156804,0.06780211829448263,Low
-0.022977934447458548,0.5297462803827092,Low
0.1040236632721625,0.4769237847895338,Low
-0.6047493202411256,-0.307991958759233,Low
0.2569235183959788,0.3824151147114939,Medium
0.020193134766718468,0.4681294954003258,Low
-0.5903703115676715,-0.29179541259329356,Low
0.07091261558438455,0.4494013510125159,Low
0.07083572586791076,0.4357793870110509,Medium
0.029411303958541968,0.4609781649882094,Low
-0.052961063696207455,0.5677671378530433,Low
0.016925550695236935,0.4856538568464146,Low
2.246147864032123,-0.9971695090345605,High
-0.07265803676040083,0.5321649873261043,Medium
-0.04979415815159682,-0.780742980598396,Low
-0.5898319745215584,-0.3157318485952521,Low
-0.5969337648113601,-0.3195383038260313,Low
0.6481266796653011,0.08147841911049342,High
-0.6757557372254679,-0.2668464130231151,Low
-0.6359258342963893,-0.2663656517704799,Low
0.3067122676322661,0.3556226203046077,High
1.4892565815097345,-0.6417371242527761,High
0.03441509259003439,0.4788634737647258,Low
-0.49796566414219917,-0.33947662545031776,Low
1.7913738430504476,-0.834002656134777,High
-0.04727779978444269,0.515771956261849,Low
0.14584625956313024,0.4479577817639513,Low
0.12479775100661306,0.43415217075362456,Low
-0.529897363284985,-0.359594292265334,Low
1.9958160904019222,-0.8250723092905693,High
-0.0038126634375780233,0.449274508799833,Low
-0.47458914578899764,-0.4105431289570998,Low
0.04438545741924815,0.4802500230765595,Low
0.07207846148862801,0.4592868341951619,Low
0.19025111887841228,0.4295463078240601,Low
-0.29405495348994276,-0.4688884282672823,High
0.2782061027261107,0.40598521333809046,Medium
-0.5584419658479324,-0.33822426968620256,Low
0.28184179409574106,0.34289701381233517,Medium
1.535943478252112,-0.6523466599828651,High
-0.5055408682290495,-0.4094747351925747,Low
0.21576327165885356,0.40521862600358094,Low
-0.6385369641269636,-0.2982184410639612,Low
0.03845951254635804,0.4863858353938276,Low
-0.6479535843484595,-0.27303851352865754,Low
0.8017719908450949,-0.09640408778883036,High
-0.562752614357283,-0.36514525441358137,Low
-0.5110281305031873,-0.36173442525954336,Low
0.07117118155042268,0.4801410650522,Low
0.6773927480787905,-0.09401684721294257,Medium
-0.6673372896055988,-0.23995653173320913,Low
-0.505063847200539,-0.3618298780214461,Low
0.014288045439569463,0.459026879944731,Low
0.360203463885574,0.3122601042882268,Medium
0.058878879382582905,0.42086975296583484,Low
-0.09803372308016939,-0.7722735334012955,Low
0.12453056673025564,0.4272833760321887,Low
-0.09162627351351738,0.5348581072548464,Medium
0.1002068663017408,0.4460290768655042,Low
0.27267014760159425,0.35187506564706583,Medium
-0.08583927581564416,-0.78107298866111,Medium
-0.06323424056854626,0.5407510396668737,Low
-0.49182112018769303,-0.4251628774529122,Low
0.22880918170095477,0.38492743208915714,Medium
-0.5770663905914437,-0.36366317855999264,Low
0.05244755812878832,0.4554623523170108,Low
-0.4498731893210997,-0.36973485508153564,Medium
0.1843904601213927,0.38936939849159824,Low
0.30223841737272217,0.3341153609353642,Medium
-0.4710587194172392,-0.40847283819703145,Low
-0.5072508003580155,-0.39163363676723006,Low
-0.5931733395425702,-0.29700103764031294,Low
-0.09291992068009919,0.5457703868620305,Low
-0.5445391270378438,-0.37750477550422207,Low
-0.5893277565207079,-0.31527241856866395,Low
0.10324066918598784,0.48858339120516747,Low
-0.5747323817346991,-0.33658360491742095,Low
0.09319358011315476,0.47634770447519137,Low
-0.10806221572320523,0.5549565595518794,Low
-0.04760278841841731,0.5304775599642091,Low
-0.07268686656422929,0.5478947401278688,Low
-0.33068434796409163,-0.42794611253544707,High
0.2623200041601893,0.3945006351714908,High
-0.6842503908721744,-0.22689435039367717,Low
-0.053158301709978095,-0.824400579396883,Low
-0.5512180583174036,-0.38324741051329647,Low
-0.6142402304465757,-0.32856371569561726,Low
0.05964716490281652,0.4302987299694001,Low
0.06762437084673673,0.44100080974836464,Low
0.03308668176235385,0.435179079224576,Low
-0.6402733864390594,-0.2933680917125139,Low
-0.5311141856553944,-0.38651089811949896,Low
0.17003304074025694,0.4482145660981044,Low
-0.5190174528168515,-0.3348594904612936,Medium
0.2308777468498313,0.40142410048939126,Low
0.11450796779135564,0.3829466707523441,Medium
0.49509531416999786,0.01560010485326685,Low
0.3003127190083491,0.3874656722693156,Medium
1.116977159699063,-0.26238106867291344,High
0.09435218617370855,0.4569569013031498,Low
0.05067071382578203,0.42698810435104184,Low
0.21477335532823083,0.39738296091273206,High
-0.7051717154962973,-0.22190470897369688,Low
-0.5669100155752833,-0.3268662262745262,Low
0.15387570619884539,0.4103551197209304,Medium
-0.5844645113094697,-0.3138392076325665,Low
-0.47494855355133087,-0.37854399942522654,Low
1.990490512264704,-0.8458762687860272,High
0.07783935078516613,0.41708356734999585,Low
-0.07409528794992015,-0.775984068552047,Low
-0.556757632214679,-0.3446150024371516,Low
-0.05199077452865242,0.5173708579008457,Low
1.7090809742482798,-0.7743787871650688,High
-0.6592090271598394,-0.27284166816573596,Low
-0.37079634789654836,-0.4542174970484282,Low
0.5725081356751152,-0.014459010477516021,Medium
1.7405424755025372,-0.5375307570585197,High
-0.04233514871028676,-0.6581037677480901,High
-0.24614126308604556,-0.5013498630558514,High
0.19146595684424417,0.3866536389462213,Low
1.5804219954126244,-0.5993493860889569,High
-0.5833533642412871,-0.341252780581237,Low
-0.504480100462156,-0.38094467819993805,Low
0.029858353468547816,0.4414363812360096,Low
0.16449018367680257,0.4030007378536531,Low
-0.5557862862343573,-0.3629918638927888,Low
-5.0907971496982896e-05,0.5014625336026507,Low
0.013340584392296628,0.4509791231487216,Low
-0.5776863317657148,-0.3747777535964857,Low
0.3747194375183226,0.3133200165418786,High
-0.5485322022696499,-0.37582570321964165,Low
0.134449985727223,0.4343875647594556,Low
-0.0031007303620930182,0.5020114959020555,Low
-0.4928778438474524,-0.34702526250275095,Medium
-0.5515618881401574,-0.3245615384883891,Low
0.25125196041718467,0.3735647997878654,Medium
-0.5008869884426297,-0.40245683676802396,Low
0.16675129769668406,0.42581287868402984,Medium
0.042749877327256325,0.4630355273962531,Low
0.0386032992700292,0.4725958717804757,Low
0.242069312876653,0.36853406333532546,High
0.032555674484080366,0.4868500522994519,Low
0.2134490088727361,0.3812143939238761,Medium
0.07222383120133913,0.4772277047472012,Low
0.19931896347648126,0.36922397445947885,Medium
1.8649821551106502,-0.703962902270118,High
-0.015247085831179619,0.5143089835891073,Low
0.16325760890635932,-0.7904079334625005,High
0.153344506784718,0.4270936612695262,Low
-0.5437635430036911,-0.34781517850089827,Medium
2.2383468058373035,-0.9801165470891682,High
-0.6134816974064443,-0.3076305439853242,Low
0.21257206323170386,0.3902199882206133,Medium
0.1194812207506113,0.4319734205774951,Low
-0.6389771090255334,-0.2701093998836482,Low
0.3842394043131292,0.33061388279500237,Medium
-0.048710578966429496,0.5201969099276046,Low
-0.5043174481472668,-0.3854345353925141,Low
-0.5300195603103561,-0.36130689615409856,Low
-0.3989306352832226,-0.4047535702253624,High
-0.6174108650957484,-0.30264056234924797,Low
-0.5885156065900417,-0.31581453120626624,Low
0.03807209486768348,0.46133885399227215,Medium
0.3322692387698323,0.340093180251399,High
-0.5764656073849668,-0.3978028692050806,Low
0.030083299934478225,0.49601157210289193,Low
-0.5996474844837163,-0.3316374729304989,Low
-0.6652430034993454,-0.24115768254988754,Low
-0.036046843742908785,0.5046150104520085,Low
-0.006198072264501975,0.48672660345569685,Medium
1.7804306964993437,-0.6679563558253147,High
0.013349225604722126,0.48020317997218587,Low
-0.6114115549371474,-0.2556811029063688,Low
-0.6852757513878094,-0.24059145767574894,Low
0.32887562746191956,0.3322310699633067,Medium
-0.06361695998553535,0.4974260894418926,Low
-0.5570298355244643,-0.3517432464854237,Low
-0.03156319163131849,0.49064452094558864,Low
0.13981663294435187,0.4205957527209303,Low
-0.5583380238064939,-0.35404145835428497,Low
0.29685523164491645,0.3222982976285387,Medium
-0.5816467839236736,-0.28511784317385624,Low
0.045442472782440624,0.4935110940599087,Low
0.11040240567737536,0.4541634749830673,Medium
-0.02521644050222671,0.5052584440688309,Low
-0.5766074861456465,-0.3172812994130302,Low
0.058709806906442674,0.46164353233170796,Low
0.059526036078305644,-0.7666644933750009,High
-0.5431165961669249,-0.30625893344530725,Low
-0.5649717462318407,-0.34404295443911026,Low
-0.07150640865975139,0.5427280256223028,Low
-0.5268961885384306,-0.39902042194993237,Low
0.10953826951341739,0.4745267373626618,Low
-0.0028673279804231067,0.4954904180342642,Low
0.5085828157922426,0.02244256772743597,Low
-0.03395604813484154,0.5301976851566004,Low
-0.5284081220712511,-0.3319174448105967,Low
-0.640758978820676,-0.26712205135516964,Low
0.04357048339457459,0.4480630072257321,Low
-0.0062919121941273914,0.4692234248059205,Low
-0.5492824168151731,-0.4035263416583489,Low
-0.11667062076269413,-0.7789578250265291,Low
0.020138915150367254,0.5422575657953115,Low
-0.5250792023263897,-0.3782820345378891,Low
0.19631103633817848,0.41569288210595046,Medium
0.3526071709292008,0.3467964264156208,High
1.991705322534768,-0.9312443362107679,High
-0.03205860125119381,0.5356995521069797,Low
-0.02577145737777109,-0.8177256021518472,Low
-0.5021583042099704,-0.36405848979218103,Low
-0.5715435426346531,-0.3517314509624716,Low
-0.5517034250348422,-0.3900320456685702,Low
-0.04850293479674628,0.5280947526957305,Low
-0.4548900404691496,-0.38693325619180907,Medium
-0.7312045353920016,-0.21438404758566057,Low
0.17931974163906306,0.41461841954572287,Medium
-0.601525076983519,-0.35275625974259367,Low
-0.5141989718074897,-0.3654777141663773,Low
0.10237455074811441,0.4248653605602626,Low
1.9407018847151882,-0.9618906443418628,High
-0.566340980313088,-0.36296052839279547,Medium
-0.4866239997516324,-0.41942798663842973,Low
-0.5301111664630651,-0.37318585255138803,Low
-0.4878016466516693,-0.33647158243657166,Medium
-0.5807336274573357,-0.359154646711768,Low
0.08543356894805698,0.4671550946445141,Medium
0.039436470382500144,0.47488178008202875,Low
0.2587358672651784,0.3662952639498621,Medium
-0.007365885553166085,0.48286545441101725,Low
-0.49044452526539806,-0.4135574473581657,Low
-0.560887628771963,-0.3220913799446903,Low
0.22158934076859715,0.4121721790741355,High
0.21603713968584093,0.346005516986972,Medium
-0.6160533759007267,-0.3127177119885819,Low
0.06441819438869745,0.4197393617885513,Low
-0.014839033429175696,0.4887528370331464,Low
0.10685108040814228,0.42618296504690634,Medium
-0.03003065563912377,0.5359083460532341,Low
0.04387860761708812,0.43605094718643334,Low
-0.5931892402686632,-0.30539774733233804,Medium
0.11176130274198282,0.43056741772952767,Low
-0.5539866402917769,-0.34932835437958715,Low
-0.10317175715101934,0.573268651488944,Low
1.7650379107529186,-0.6431347876480547,High
0.1407636399275699,0.47018033174999274,Medium
1.9592143796833679,-0.8801231550062665,High
0.047288124665819053,0.5034405989928434,Low
0.1788553959609398,0.3721463887057802,Low
0.2381810187702207,0.39309797337480556,Medium
0.018558471068636173,0.4790976132937743,Low
0.024285029402693836,0.4535033041019535,Low
0.1285811878040355,0.4013092915493389,Low
1.9365755808424614,-0.877666961896624,High
0.16763119973841123,0.43617547281068425,Low
-0.029888128986767404,0.5257104264214895,Low
-0.014083862409554504,0.4956741868421729,Low
0.05990905270776303,0.46582882736543096,Low
0.24362445370836583,0.3712196327934928,Medium
-0.6416410684826743,-0.29563290200151227,Low
-0.5479827181126505,-0.38917092413085186,Low
0.034697074594444766,0.503972576575645,Low
-0.001253242820354994,0.48496640421433534,Low
0.12319587142649469,0.41772611877917165,Low
1.387304781505306,-0.42939201849735137,High
-0.5416970188810887,-0.36660687541477777,Low
1.1836013677804924,-0.36070003184729665,High
-0.047461994729184054,0.5031264575645674,Low
-0.5175752938467623,-0.3269497251837811,Low
0.19405785708016354,0.41935783487252654,Medium
-0.4573308008197054,-0.4115187362128103,Low
2.144549065351658,-0.9315006111322255,High
-0.7190367518982401,-0.24011144423820144,Low
1.84508960490737,-0.8460136975808565,High
-0.6021377224405325,-0.30841480471634974,Low
0.216257550196724,0.38727534650164197,Medium
0.36195819484716196,0.33247196746019064,High
-0.5009619871962518,-0.3583685268723995,Low
0.7448748022176004,-0.06773318325263755,Medium
-0.04848668289280933,0.5213582993697355,Low
-0.5108504499751058,-0.38818781498562605,Low
-0.496483541478111,-0.4076132015909212,Low
0.06809002970305034,0.48206335680979173,Low
0.055161416615085335,0.46848472436939204,Low
-0.6346251470602289,-0.2760965098822447,Low
0.17365271352837264,0.4121684833993815,Medium
-0.5530661419579849,-0.35107844968971713,Low
-0.5311351120465221,-0.34706259754237545,Low
-0.37726735663257144,-0.45577244241183074,Medium
0.029531072856444462,0.4922360460317893,Low
-0.4944053372076442,-0.33554882374815787,Medium
0.250624255262447,0.3719386110687948,Medium
-0.015511114763968936,0.4911386114423616,Low
-0.54754946949734,-0.35145279059478646,Low
0.20975366526634154,0.4134359466506502,Medium
-0.5545327057279921,-0.3414998872302638,Low
0.5641612111949138,0.015512278102917165,Low
0.2882243198768162,0.3373276510875649,High
1.731771938823752,-0.6955900063579358,High
0.11079738638854575,0.4518781045497078,Low
0.3929290388676001,0.32217666776061227,High
-0.13012243832839787,-0.7580132152483745,Low
0.27666409631008615,0.3507957062042414,High
-0.4861949283356034,-0.39600967160294165,Low
-0.4894542357645472,-0.361705877724651,Low
0.09055363624042001,0.41775168644742167,Low
-0.06717661747560971,-0.8092701131985837,Low
0.16785508964223006,0.4232487133440993,Low
-0.5758932666162222,-0.33685573047720174,Low
0.23674531814277333,0.38156000424433345,Medium
-0.06670625298573629,0.5572979741024593,Low
0.1797829580082141,0.38047933945056045,Medium
-0.5813682661969927,-0.3413727757579301,Medium
0.1843523773176231,0.3868473254488375,Medium
-0.06346786770460283,0.5170745235595972,Low
0.004940561070890304,0.4814065070051261,Low
-0.014404786941832393,0.5124476300835534,Low
0.3546248496395654,0.29161827342307806,Medium
-0.6307316080055312,-0.2831387486886041,Low
0.5147964876733963,-0.011833291282398462,Low
1.832369836015156,-0.7881489855933652,High
0.038479097097466775,0.4746923086348097,Medium
0.14947980319713716,0.409287080121047,Low
-0.5360861930975653,-0.33801758208322574,Low
-0.05765916159348511,0.5458832967246552,Low
0.5488754341647604,0.012685907723833767,Low
-0.5534676639603903,-0.3534269297301654,Low
0.0536398639674176,0.4526062778097969,Low
-0.5665696024644626,-0.32349659885384074,Low
-0.08202777222227503,0.5585220114438427,Low
0.1083126173372464,0.4402996575781777,Low
0.15708996929379926,0.4217557717433005,Low
-0.5451419269470095,-0.31367673072274277,Low
0.40071643670457924,0.37705042094028596,High
-0.4976703904266942,-0.3855455679001361,Medium
-0.4944172785530186,-0.3651267664439485,Low
0.07388862444242467,0.4458866278003706,Low
-0.5751708922068549,-0.37155111754636977,Low
-0.47712085327685533,-0.427947150999981,Low
0.3338268834440179,0.3456808439436039,Medium
-0.5878051111735423,-0.34858848140920595,Low
2.1113905622135176,-0.9678542741454059,High
-0.580458359358565,-0.3692950902106039,Low
0.38267404950426487,0.30870188506565616,Medium
-0.04031135939675423,0.5157568524168632,Low
-0.576291639721778,-0.30801132818531685,Low
-0.52437262565641,-0.34422733297474717,Low
-0.07937659621271781,0.529690464792252,Low
-0.31669556709257785,-0.5013493805589739,Medium
-0.669747694039939,-0.251624097686445,Low
-0.5076513339879549,-0.3370357502952559,Medium
0.1897399373246761,0.39531855073307354,Medium
-0.007053728510867219,0.4578875026033523,Low
-0.5051549967251178,-0.3484973759099492,Low
0.09610149864777223,0.444054105358376,Low
0.42735713148825083,0.32765285700966856,Medium
1.557232731545039,-0.5161260163773378,High
-0.6008674590890002,-0.2964082483018954,Low
1.5161000672323228,-0.5543681411274781,High
0.23502810433234,0.38498912263824403,Medium
1.620359905292027,-0.5986117062762955,High
-0.10221976270079702,-0.7767557358291176,Low
0.24596187769147526,0.3885983154202627,Medium
0.01504885726914118,0.4825084698234009,Low
-0.01189189402101909,0.519820932581258,Low
0.06635839565995671,0.42113154544726095,Low
0.4330896959822992,0.06338737105323738,Low
0.6387033388067527,-0.051975061458725436,Medium
-0.4496437855810822,-0.45681244592845743,Low
-0.45706161206421947,-0.3713481835444672,Medium
0.007824685624510441,0.48668634529252774,Low
-0.05036417102375956,0.5382156103813609,Low
-0.033405629964701755,-0.8137717211170358,Medium
-0.5761221472300556,-0.32003687763671507,Low
0.04739678407005732,0.4620557212858596,Low
0.1562913958757488,0.4023135947983113,Low
-0.01560265779895359,0.501744426781432,Low
0.09016013145074364,0.4267410589893871,Low
0.08255258156108186,0.44820617569408905,Low
-0.5496982757263182,-0.37172230961971287,Low
-0.5860900741408641,-0.31725046735565254,Low
0.16701505019644325,0.4287048298547288,Medium
0.09864291299378591,0.4254056390465446,Medium
-0.5778619563960435,-0.3682559902073671,Low
0.09695795826450271,0.45200055199886635,Low
0.41908428292789957,0.2728362895042364,High
-0.01548119349098298,0.51206088390265,Low
-0.5523167508774851,-0.32577110736163856,Low
-0.653881989367884,-0.27030267354981513,Low
0.21688128739349888,0.34482909410465756,Medium
-0.017189083901411994,0.49739822926091815,Low
-0.5633115919463595,-0.3424075932459555,Low
0.27282825692107826,0.34024475771675633,Medium
0.11218061500424037,0.4084452273717011,Low
-0.5627874036813867,-0.3203067046586378,Low
-0.5876881232110063,-0.2953201477801587,Low
-0.551057047410187,-0.3294257991700983,Low
-0.6330719121082165,-0.28638307474124697,Low
-0.5810596576668399,-0.30295902205013014,Low
0.22375561948066236,0.4032904912907983,Medium
-0.6597506784215257,-0.2743902964219086,Low
-0.025560058207632186,0.5298689922974854,Low
-0.05420226776310344,0.5171823521974325,Low
-0.5150848248675448,-0.39064336516479126,Low
-0.05576950161512306,0.5507177939103459,Low
-0.04458247562500045,0.4952836462715561,Low
0.4851738750246367,0.026694756594015046,Low
-0.5605349672375541,-0.3532307032538762,Low
1.4310476913060743,-0.46587550181946064,High
-0.5879466901783663,-0.32725828444930094,Low
0.3469709486858751,0.29167378216136014,Medium
-0.6759888926154858,-0.25274013680471363,Low
0.06693907908060076,0.4759235570653463,Low
-0.6962358811557523,-0.2179043551947319,Medium
-0.5268446613525521,-0.4038024328823052,Low
0.681162183623065,-0.05541297047266042,High
-0.5572808741829189,-0.3543724986378611,Low
-0.5766152051077076,-0.33118321424052344,Low
-0.009525916478712704,0.5016658541408473,Low
1.666392704413395,-0.7763529817622645,High
0.17908959780092015,0.375256239076604,Medium
-0.6575272682759681,-0.24768040440376715,Low
0.154652794032889,0.42482859911885285,Low
0.11505428944141172,0.4577235891407413,Low
-0.5473825354827383,-0.35006790292182743,Low
0.07551361650849542,0.44753552078257763,Low
0.10832133580264769,0.45173149790343115,Low
0.12486754890198815,0.45369414093650495,Low
-0.05397638029161378,0.5151170538250018,Low
0.10256570497741202,0.43255892566135434,Low
0.03256594313917199,0.4589004250565901,Low
-0.36064243182865424,-0.47420982588466204,Medium
0.35159794602022254,0.36525743612205563,Medium
-0.5912398696284407,-0.3200435548057041,Low
0.26276742407070597,0.35071508576889443,Medium
0.5750541644764104,0.1350857284106879,High
-0.5398114715570259,-0.3490497735236564,Low
0.6360237754751517,-0.03829083221814811,Medium
-0.5532853245422322,-0.3624803078609544,Low
-0.5756148148761154,-0.36241148046896554,Low
0.1986315479224835,0.4013333724169237,Medium
-0.09198010208891283,0.5723779767174276,Low
0.1362881597882235,0.42790548998329947,Low
-0.02994857704100784,0.5025126521806486,Low
-0.44063289129427685,-0.3850893000421084,Medium
-0.6218744714163245,-0.28913427978082923,Low
-0.631220196650837,-0.3008390300023627,Low
-0.6187159584386092,-0.2680704697679679,Low
-0.03991314880946695,0.5073487129339763,Low
-0.4699365460727202,-0.3751135746869201,Low
0.604556872974751,-0.017829252199911216,Medium
-0.027002909119565932,0.4884895909092337,Low
0.08077452200337953,0.433881334541489,Low
0.12089259727413026,0.41946825137592836,Low
-0.6062332074411199,-0.28138892212025046,Low
0.14632453203800933,0.3989964472384816,Low
-0.6432758980668755,-0.2721610404046101,Low
-0.3985508488520578,-0.422981062485736,Medium
-0.586629798148383,-0.317279198641954,Low
0.19807340382368233,0.37000421836569064,Medium
0.04902225835744095,0.48760186164204233,Low
-0.4458550423480549,-0.4419235851940904,Low
0.614823174535216,0.0033270970520609677,Low
-0.5072176374241539,-0.37570659160532693,Medium
-0.5932773315533147,-0.30176441085463557,Low
0.09689619972519203,0.42430620363804306,Low
1.9704033478201486,-0.8829142191331321,High
0.040711791603468106,0.4740495190762912,Low
-0.006383060647687899,0.5242361581524541,Low
-0.4776756596411672,-0.39021855189625787,Low
0.4320815892747627,0.2904801931954,High
-0.03165241086343085,0.5369572021471154,Low
-0.5705181380645625,-0.31328735398903723,Low
-0.05346543668870235,-0.7837410973754185,Low
0.00033547138844280955,0.4564488654555683,Low
0.04745086238072821,0.4278982623830002,Low
0.1243933397084711,0.4166407392135173,Medium
-0.5052341814135991,-0.36791541435498,Low
1.3212340473994473,-0.4632364602652547,High
0.28496141902423466,0.32519843799288833,Medium
-0.5399355762004361,-0.32287634439339985,Low
0.044334342064250465,0.4721891752149139,Low
0.2309140461055995,0.35417047347793473,Medium
0.030862996380542074,0.4716889283358121,Low
-0.5249733100312348,-0.372729838522054,Low
-0.6344250223974647,-0.3011573633762216,Low
0.02700445170997373,0.46559071552567655,Low
-0.49992397662431376,-0.35836148783765454,Medium
0.18194130146522647,0.40692534361285504,Medium
0.10266007588511838,0.45123681542072525,Medium
-0.5530944250336727,-0.31072292201368024,Low
-0.5585625783731009,-0.33061914999688913,Medium
0.012672107019346734,0.4566913722537356,Low
-0.5783269921324008,-0.36208077372031466,Low
-0.08679422272613979,0.5489475496014475,Low
0.12675772447873201,0.40658679495525896,Low
0.4967123238829654,0.004600931194378266,Low
0.19876791497282364,0.4076417867839185,Medium
0.07080113632056856,0.45101443352160686,Medium
0.568627070760903,-0.033193645270597094,Low
-0.6117053114900228,-0.3103884823409604,Low
1.9786072477095138,-0.9137038753597267,High
0.2785917740053143,0.3508605851578984,High
-0.43402502411676325,-0.43809912084500674,Low
0.05674522663285797,0.4555763837288106,Low
0.013201195341000893,0.5018599283951263,Low
-0.5112578220174127,-0.3461737653073106,Low
-0.04594379966439066,0.5160945041036791,Low
0.10808028628069477,0.46347861756777,Medium
0.27663114580224724,0.37820597431321423,Medium
-0.6434865461899937,-0.2896163761830567,Low
0.0725125783927571,0.5064869962504243,Low
-0.5790938083064963,-0.35029815510201756,Low
-0.05502471628242933,0.5307956807551812,Low
-0.5661192568176618,-0.31242331939173373,Low
-0.6138264805875728,-0.3141093254730238,Low
0.32579187099631546,0.32931136014610046,High
-0.028456141755322184,0.5440375542247772,Low
-0.5593846255907399,-0.36338822000322035,Low
0.2359397486815349,0.417218927835156,Medium
-0.2033231822436344,-0.7265626477370697,Low
-0.5463784794775839,-0.350776414019234,Low
-0.010379828278578862,0.5049046810541306,Low
-0.6177966462003681,-0.3079705705077249,Low
-0.6023084607391838,-0.31113741029923225,Low
-0.6142506091370334,-0.339727660024017,Low
-0.5053617662134873,-0.38862325411906373,Low
-0.6337617405749136,-0.28464776523383356,Low
-0.5435646012333657,-0.35809098566914477,Low
-0.5016145453630778,-0.3389802275399276,Low
-0.4146628947259326,-0.40337206587486096,Medium
1.5288113161922323,-0.47175676661001614,High
0.27555531097647756,0.3349758869808885,Medium
0.18664994032802018,0.42265447034226045,Low
0.28934196821727964,0.36916386904367504,Medium
-0.11866107052499031,-0.7852688318233109,Low
-0.49373381794144244,-0.36880815786677634,Medium
0.2430549657147305,0.40374332025394677,Medium
0.0913977527257046,0.4062523299448466,Low
0.10641142113499047,0.4304611277655389,Low
0.182893932628735,0.38798764639433203,Medium
0.2931300489910027,0.36225740100465964,High
0.28183004283505686,0.35192359445910937,Medium
0.1445430121960921,0.44279783192219846,Low
-0.4733087680940637,-0.39899790557153914,Low
-0.5379947376815994,-0.2945942697919418,Medium
-0.5695626312352262,-0.3140491485380291,Low
-0.17258525187002866,-0.7275924841142871,Low
-0.6229623936055921,-0.32589386792795266,Low
-0.6037860194953244,-0.290873383526825,Low
-0.5155252355011508,-0.35267615981061873,Low
1.697213779482856,-0.6756337532208992,High
2.0515329268410403,-0.8824788753752032,High
-0.572002572225397,-0.3536587250942834,Low
0.19547506735696052,0.43205614860624586,Low
0.13375988773253666,0.42293885459615477,Low
0.02333536156411542,0.48123294899178193,Low
1.0786992221793337,-0.3546679546580617,High
-0.5775680091377726,-0.3726193782669816,Low
0.06702795496530523,0.45137745957752506,Low
0.24999755360444964,0.3924150773155636,Medium
-0.5829756899810965,-0.36987211471498527,Medium
-0.49047010172756694,-0.3941246923782492,Low
0.05319630753508131,0.42580333853456964,Low
-0.6121665014617743,-0.3144417724708142,Low
-0.5854596327242323,-0.32407564297314306,Low
0.04364336053297846,0.4602717586140129,Low
-0.5725154244519729,-0.3076939216791424,Low
0.24729519956985868,0.36885668604016864,Medium
-0.6607019711759734,-0.24914603846558636,Low
0.03323326217085637,0.5145915259247208,Low
0.2904357179870337,0.34270787660814983,Medium
-0.03288781068957425,0.5060696350669008,Medium
-0.38562043015227837,-0.4173870403986751,Medium
0.29706203111289675,0.3535925821466498,Medium
-0.647778888246448,-0.27757583947856396,Low
-0.5441485068609044,-0.32221785072674003,Low
-0.5944713320734315,-0.2970547069724968,Low
0.42132211527139796,0.27688376607031334,Medium
-0.6324169106252344,-0.28903103854714207,Low
0.24843080993266242,0.36014422217610753,Medium
2.0491666331231615,-0.9211058512009636,High
-0.5696735365280619,-0.33618538057904057,Medium
-0.5401668477888055,-0.37272214505949086,Low
1.4892467349188128,-0.5765907639801581,High
-0.5525837812130483,-0.35269669090411715,Low
0.0892753682251114,0.43606858071766375,Low
0.11278575716550776,0.4193180172236647,Low
0.24562195459954483,0.39371937407826396,Medium
2.0234198578594667,-0.9028847971540599,High
-0.4023450773003641,-0.4122429797425169,Medium
1.7998733362982178,-0.7111365394909532,High
0.2021762405719323,0.3706567385575724,Medium
-0.5394714312370783,-0.3500945183941151,Low
0.1712505714636553,0.39270456506953544,Medium
-0.06417901176998153,0.5483933599115706,Medium
-0.040273042851474206,-0.8107016521243459,Medium
-0.6203857833092195,-0.2942995326581047,Low
0.09874982270322119,0.41821045330000095,Low
-0.022299490062083926,0.5132240636992398,Low
-0.518358367547499,-0.36577124181222065,Medium
-0.026472888737215428,0.5410627976147152,Low
0.01572543131358861,0.4646515680336415,Low
-0.053112475032645934,0.5143077694878916,Low
0.28092266685302636,0.3658321306398672,Medium
0.0651888747577587,0.43479077825556545,Low
-0.6264910992658319,-0.27080511541477204,Low
-0.5057592145760659,-0.3652612223641173,Low
0.33528913724263953,0.3321506994091574,High
-0.13247888775212807,-0.845336710869043,Low
1.9263808515560055,-0.8985868446452302,High
-0.6197452238496378,-0.3253768836739141,Low
0.08557423683857929,0.43207901036411867,Low
0.486624409034229,0.02334798155986323,Low
-0.5957520289712751,-0.31499055240680673,Low
-0.5736229714068692,-0.322152059939996,Low
-0.012080768004067988,0.5360925781920552,Low
0.06418785161755514,0.5070748600471406,Low
0.2906475061038789,0.3544152042279475,Medium
0.0937725085127461,0.4559008569416706,Low
0.0692898088845883,0.4626030250975165,Low
0.07231308203894637,0.4748381821779092,Low
0.6063453731239885,-0.043422815918433666,Low
0.04896627739496756,0.4755794021296055,Low
0.08251900471904028,0.4255733193791099,Low
0.10984999562236564,0.4396534581226955,Medium
0.04727701485832425,0.4489200425325245,Low
-0.5083906388794589,-0.36866629223559483,Low
-0.6092633940614163,-0.3041536351619304,Low
-0.14831586144028153,-0.756550385266371,Low
-0.5495673701098522,-0.37733726033993215,Low
0.16573939591427722,0.41295964955375997,Low
0.015797528227688318,0.5002586452229055,Medium
-0.5606499994727812,-0.37657512491968603,Low
0.5958399555143213,-0.007643892057901336,Low
0.09036849525494783,0.4244088738618318,Low
0.10452129003274024,0.42376464089131727,Low
0.16291415367740325,0.4041140239020823,Low
0.030468457328378995,0.46940568030910124,Low
-0.4276787495490294,-0.43064609826344635,Medium
-0.7088081507412347,-0.2057104657169316,Low
0.3787920305456993,0.30280816303725394,Medium
-0.6249321570035565,-0.2718594428664333,Low
0.06490562021452473,0.45238355363734384,Low
-0.6050361875164579,-0.32105582812794264,Medium
0.12157152654418812,0.44222902636197337,Low
0.17974862542718184,0.3843926097566528,Medium
0.11383613367008283,0.4447976420347787,Low
-0.016608584341487154,0.5032339921887699,Low
0.10325813654968163,0.39879066578245703,Low
-0.6211924970607416,-0.3047523471399243,Low
0.14318115115743202,0.44064223327613705,Medium
-0.612530375414666,-0.30955096713595115,Low
-0.5552382724198486,-0.3205859230208431,Low
0.2999600139169176,0.3500644098718252,Medium
0.14927310374907565,0.4124010169730231,Low
1.784158664989392,-0.8150441582252272,High
-0.5619596509865092,-0.36000803661826963,Low
-0.487017316570022,-0.3495866973278082,Low
-0.544570100260525,-0.35417114813886186,Low
0.2870586010399142,0.41352136288606167,Low
0.21585798761479957,0.4053980565791935,Medium
-0.6185763371175652,-0.2592142071603064,Low
-0.4918943090130212,-0.39603974277029685,Low
0.07914064610790661,0.47090259478474794,Medium
-0.3815422111732687,-0.4074938408326877,High
-0.01528025152614998,0.48128331569580773,Low
-0.6028919218203128,-0.28276718800828987,Low
0.22585843669544148,0.4024320133668453,High
0.7048476591001065,0.06343136557932505,High
-0.6112195694050686,-0.3295651176508473,Low
0.07528283369370098,0.46785292705429626,Low
1.7330607256553854,-0.7448227152676364,High
-0.007622167363881438,0.5199455057278989,Low
-0.44621721464875136,-0.3594318340248023,Low
-0.614260516626864,-0.28855620839313384,Low
-0.5619926576003831,-0.34500911869169737,Low
-0.5751540247821696,-0.3325186600290846,Low
-0.3233590417764287,-0.46634355934843497,High
-0.6737302169073436,-0.25185996954902423,Low
-0.5878812137754017,-0.327110083159207,Low
-0.6430234006300972,-0.2419854943466914,Low
-0.647899705361998,-0.25663410585438345,Low
-0.5464385459736866,-0.32248002498280604,Low
2.0892909897733745,-0.9394281744115531,High
-0.09625084142565044,0.5343094426163604,Low
-0.37690769844909255,-0.4654551567797303,Low
0.02345637676077117,0.44328893980522166,Low
0.16997220617466147,0.38933299764137097,Medium
-0.07376147350072892,0.5577343830555892,Low
-0.6086773683919205,-0.29491396930265834,Low
0.010959312774437957,0.49305438787165945,Medium
-0.5227966577496066,-0.3336213641914643,Low
-0.6059409148405057,-0.28533216046817844,Low
-0.024760373490289533,0.5094480821219752,Low
0.0339118384773025,0.4928595821864826,Low
1.5885798103190674,-0.6083398970607842,High
0.13111020179779875,0.4265365912242941,Medium
0.22508768793359712,0.37951711105416497,Medium
-0.5970231801080428,-0.30187238330583266,Low
-0.4720016906472856,-0.44428354339799403,Low
-0.06080379463168262,0.5410164633229573,Low
-0.04557307409479289,0.5205820174165733,Low
1.7012035539017487,-0.7483693253222526,High
-0.6811067628912264,-0.26337270559797576,Low
-0.28508184577036816,-0.4838863610482915,Medium
-0.07688478371842788,0.5490487886085134,Low
0.3511821664440469,0.29403405954823086,Medium
0.16894241869708304,0.39179646556911596,Low
-0.6584399077977209,-0.2467229564679898,Low
0.3082054429472565,0.3843018081900589,Medium
0.4239518805344391,0.05265357865438941,Low
-0.6202877559292205,-0.2797701512979647,Low
2.1732799380912784,-1.0076231536535294,High
-0.7634898272497914,-0.18733680186106744,Low
-0.5478787909582982,-0.3181636774291572,Low
0.021170872930748152,0.48487987352869366,Low
0.03774048742518549,0.4504056634273341,Low
-0.566156507916971,-0.30516672934607775,Low
-0.032651340511228755,0.5463405845224518,Low
-0.5074134575928,-0.4246363521113047,Low
-0.5550519229201372,-0.3620352476076627,Low
0.11668756133292857,0.42931948016121513,Medium
0.03022246001197737,0.43710321119246875,Low
-0.6061327354451409,-0.3148479009291541,Low
0.09501979426529611,0.4120064008971813,Medium
0.18394490579854095,0.38682710567557,Medium
2.125590228699374,-0.9012009465429583,High
0.01580811501474022,0.4731403616791937,Low
-0.4623191647446149,-0.37920520922200907,Medium
0.0346935350512641,0.4830569354294669,Medium
-0.5584065229487283,-0.3283104834173831,Low
-0.5922022449604059,-0.31633890607578935,Low
1.6151739338004336,-0.49436509260500067,High
0.43825189924257335,0.06011296430491703,Low
0.09623718416026039,0.4821984223729079,Low
0.1845695784243756,0.3686258894039566,Medium
0.02137472317497635,0.4831228300403957,Low
0.024997023175588273,0.43458421999654173,Low
-0.5728651979566547,-0.3334005053883645,Low
-0.38671030201696993,-0.46836070589997747,Medium
-0.0260079782437882,0.509697656909433,Low
0.1994300194387283,0.38783406805134824,Low
-0.07725820409744777,0.551361230131732,Medium
-0.5306927941500519,-0.35248649161471146,Low
0.29158681806398,0.3816042109645085,High
-0.4594415861838186,-0.40998635640304404,Low
-0.5528188337125476,-0.3161744871825184,Low
1.479562328883928,-0.585953500261043,High
-0.6368795127336879,-0.3019135853990701,Low
-0.08098693281060998,0.5539646995083573,Low
-0.39310587872401237,-0.41023681085093133,High
0.1387474252950529,0.4310265443862664,Low
0.03323974812631958,0.4695081270628412,Low
0.0483046576070319,0.43863741152421576,Medium
0.06592306252367752,0.46009344602638413,Low
-0.5763631778391529,-0.30000738096740337,Low
-0.0008084608053002262,0.4968499947295798,Medium
0.10064292419869597,0.43070936685706374,Low
-0.657465039450066,-0.2591409215809468,Low
0.8010057081052506,-0.08733999031736817,Medium
0.00013064221691416744,0.48823741905377516,Low
0.21888520292344227,0.35511246190323065,Low
-0.399359957057262,-0.3886826040328591,High
-0.5603563690099155,-0.3530613917161395,Low
-0.168956285783232,-0.7604316744064311,Low
-0.5016280951087463,-0.3463582909828278,Medium
0.002468849981983934,0.4570770898089789,Low
-0.5709081026257876,-0.36063310896514444,Low
1.7922871297897778,-0.7378035636857344,High
0.36076723489723317,0.2698056282894854,Medium
-0.4976344007723959,-0.3601556299728479,Low
-0.015162869472088891,0.5090571920260345,Low
0.17335174170595402,0.36119061034884214,Low
-0.04981121551004519,0.5524434794147882,Low
1.8549892320930474,-0.8383742852815034,High
-0.6010563744544648,-0.32116306654625354,Low
0.24270746036961266,0.3795236860513642,Low
-0.6605686305917312,-0.2612485424126319,Low
0.10669820739686575,0.4393398020742615,Low
-0.5448065221235343,-0.3738293364845058,Low
-0.461199560289296,-0.3812140354568775,Low
-0.5680300732089116,-0.33693398960642573,Low
-0.47974163188954944,-0.3778369346369363,Low
0.026012708938300655,0.47066464921704965,Low
-0.10297478057402681,-0.7699288073069259,Low
-0.6568677679958919,-0.29198090858696024,Low
0.6160479560951566,-0.042582573081501984,Low
1.6000573753195175,-0.4683916443090503,High
0.0639734608787893,0.467492674573287,Low
-0.38224460487188117,-0.429365944648564,Low
-0.5710603039558773,-0.33865806468967957,Low
0.043327878360112815,0.4384909328162473,Low
1.592309429544178,-0.6098923270887764,High
-0.553194700526176,-0.343497944347739,Medium
0.22235280806673463,0.3814161259615316,Medium
-0.46177856784723276,-0.39809958376055454,Low
-0.5052686526567658,-0.3866176950682,Low
-0.44633891154057237,-0.4006530668364142,Low
0.299219114757899,0.4001193237020312,High
-0.5919945217271569,-0.344161709489942,Low
-0.025418888123018846,0.5187118497227773,Low
0.4713849942094278,0.019904883499295922,Medium
0.11681065987347139,0.4154239820944241,Low
-0.5784497414429567,-0.354148740204744,Low
0.15629100089464154,0.40781735398325114,Low
1.32073938418632,-0.38310876067558003,High
0.7546868877273487,-0.07527610535563373,Medium
0.6439504777317839,-0.04255697542592718,Low
0.13490856055274192,0.409487063407162,Low
-0.14136669739480795,-0.7745151593840857,Low
-0.4718583613429813,-0.37538601080519785,Low
0.0720449788224703,0.4489152572021865,Low
0.15825605109887342,0.4052352864531159,Medium
-0.549766541509888,-0.3883387840896094,Low
-0.603952060495522,-0.2933675550708098,Low
-0.46528149172032435,-0.42623234198439225,Low
-0.5677158035045553,-0.3416895771376791,Low
0.15490017828801306,0.4089913118331139,Medium
-0.5879269228090009,-0.3303873581322546,Low
0.40196907100905555,0.3013641615217159,Medium
0.03592081537906078,0.4598772731610872,Low
1.0565408085257475,-0.3005235422365304,Medium
-0.06767774158866513,0.5519531739790681,Low
0.3861258505072429,0.3019165134928696,Medium
-0.03462600313506631,0.5242041525856485,Low
0.07671438925994695,0.4954274864080568,Low
-0.5978893785587561,-0.31578839320212526,Low
0.000525603856979362,0.5262497417171265,Low
-0.5360127615919592,-0.3502522207808971,Low
1.948107242607651,-0.8183089785846918,High
1.3276195560430233,-0.49014901766533703,High
0.17955522455175366,0.4355305060912994,Medium
-0.5337285347642478,-0.3414904174282,Low
1.5149023291519386,-0.5873041423583738,High
-0.4707550707008825,-0.3794423506129231,Medium
-0.5362051363225464,-0.3735942989784302,Low
-0.2571573149179889,-0.511388615994544,High
0.04384302306673116,0.4669863251724443,Low
-0.5481952322656769,-0.36868197014205734,Low
0.13854837499383854,0.43251298878500544,Low
0.05147928260895024,0.4515634471331671,Low
0.47592942595846877,0.03226033320972205,Low
-0.6051182197147771,-0.2962737656467109,Low
0.15928154914999615,0.4218884129321979,Low
0.10701953247291773,0.42940346175976796,Low
0.08875039298714815,0.43796403534991024,Low
1.2118653608324081,-0.2379012219658284,High
0.5146093344736449,-0.004719994293995333,Low
-0.40509076632046237,-0.4234825070408831,Medium
-0.5628143639622997,-0.334010754418508,High
1.8921319082160697,-0.9409735906591191,High
0.13158422995775432,0.4119464473070098,Low
0.12931898640802497,0.45890241812202615,Low
-0.12282117857567659,0.5749479946563373,Low
-0.6247158070735874,-0.27124604193180835,Medium
-0.6208278336961851,-0.2604531214651865,Low
-0.5576380151740606,-0.3440141175522796,Low
-0.5611654232408363,-0.36012666590856546,Low
0.37667556591374407,0.3346090426446819,High
1.8752977104520843,-0.9227055800009544,High
0.013747955158095015,0.497900662097542,Low
0.07737823904975766,0.42152336079367714,Low
-0.03756076684679144,0.5350688220323934,Low
-0.3821075526874398,-0.4367678583616652,Medium
0.11695720204245608,0.43193462243037095,Low
0.04088346266888121,0.43895313781687295,Low
-0.33305243326053013,-0.4687786800953156,Medium
0.5033396152034749,0.007775439681897145,Medium
0.08985197071911327,0.4490700495255169,Low
0.03213657222313282,0.4663438703278088,Low
0.2223836348116338,0.386252887509824,Medium
0.12192537472188325,0.4647268269025302,Low
0.490513127001324,0.03789239365202396,Low
-0.5442742061675255,-0.32361442114658323,Low
-0.49777346899032254,-0.3430811533404532,Medium
-0.5762723491814605,-0.34510497030107035,Low
0.15474626968262495,0.4124673308492919,Low
-0.009198656221330093,0.48190744397609575,Medium
0.13540152545127182,0.3931551004978835,Low
-0.41511620035852526,-0.4119926272164616,Medium
-0.14970892665183172,-0.7618078302362773,Low
2.1832732606806715,-1.0111131507771896,High
0.03779994693926081,0.43689177782401556,Low
0.6024271995254613,-0.03787564339557198,Low
-0.5364687086268942,-0.3807522907004555,Low
0.05556862279413338,0.4473726422085166,Low
0.09158194602100894,0.4222352870838123,Medium
0.2830418915050872,0.3761568247348769,Medium
-0.049799057804845615,-0.8359688081820482,Low
0.17309709315535893,0.4117208767319337,Low
1.549727850427533,-0.6928802396449524,High
0.03667007855117732,0.4907426945944914,Low
-0.25795026012162675,-0.528657124676806,High
-0.5832879990823088,-0.3269880768891478,Medium
0.06821500286314741,0.458976042609718,Low
0.33904889241007485,0.32712699092645586,Medium
0.003059838785545388,0.5352700769434258,Low
0.1524444993768863,0.41208938782774973,Low
0.023368107943088634,0.46974773791073865,Low
-0.11075865631110637,-0.7595660921011967,Low
-0.5919203865674248,-0.3011317701864732,Low
0.054640594521647434,0.477357898470839,Low
0.003692219291643428,0.5009341335769207,Low
-0.6415156101346314,-0.27638724999978115,Low
-0.4543215114168092,-0.4132254991134705,Medium
-0.15868491158945686,-0.7302735513508108,Low
0.17210044973009608,0.4225192241533712,Low
-0.5335142764388352,-0.3977427290395815,Low
-0.5950019652697629,-0.302323660579098,Low
-0.02384208606993321,0.48728723871851876,Low
0.01587136754413576,0.48781430976555573,Low
-0.008369448947704805,0.5041947964782578,Low
-0.05578470806003166,0.5549387031076897,Low
0.3968976800875146,0.30840769410776186,High
0.0024943234473384646,0.49472808135543356,Medium
0.16747615280150296,0.41363160800253274,Low
0.09341460722002193,0.4535517342736639,Low
0.07933421751648695,0.4644267910495128,Low
-0.6382518628248495,-0.2809308075700089,Medium
0.17918148889212449,0.4220280621370506,Low
-0.4972146484631487,-0.4008967541024809,Low
-0.36646853892017317,-0.4155439966106852,High
0.36615395897322167,0.3278355949335586,Medium
0.23664061903912592,0.3474978823745054,Medium
0.11480151147327389,0.4522358195204652,Low
-0.5742959286459726,-0.32687442801918654,Low
-0.46207141380647065,-0.4213938501887171,Low
-0.6516585655024894,-0.283812222225692,Low
0.03519958537547918,0.4566268807082833,Low
-0.4572025623320246,-0.3638959327504813,Medium
-0.5510634861155846,-0.38325868312978195,Low
-0.07090284868207086,-0.797926779896723,Low
-0.6176105459710851,-0.3065907353508944,Low
-0.5733256976990703,-0.3459281672706015,Low
-0.4372881178892751,-0.3704266606512297,Medium
1.8006035343794966,-0.6903175430587967,High
-0.034647395822569316,0.5378683289245023,Low
0.13175728728655356,0.424632423840719,Low
0.23084681523782768,0.4007668514881143,Medium
-0.05992194253819927,0.5175630922182348,Low
-0.5879760635372395,-0.2837034198607097,Low
0.04775504810392195,0.4323741111507011,Low
-0.6388763252972549,-0.2674493535228521,Low
-0.5290986357846491,-0.362377298640765,Low
-0.0009154225125758142,0.49005538729433107,Low
1.4028683195957201,-0.418855306362554,High
-0.5046443219717988,-0.38272106829140595,Low
1.9424026694844418,-0.7609515593497646,High
0.28215817206963967,0.3549364960043876,Medium
-0.09488271720151437,-0.7725183460550323,Low
-0.5547173755965559,-0.3156664903668661,Low
-0.5278031044861826,-0.3846645141303939,Low
-0.36387060991248593,-0.49110514377055725,Medium
-0.6378428011098679,-0.2889167615972734,Low
-0.5975921516227409,-0.3292256538307148,Low
-0.013491725013280664,0.4720190307261689,Low
-0.011111460285745556,0.49885592999505657,Low
-0.09032466260345601,-0.7999445881040875,Low
0.15526062604071933,0.421634232423017,Medium
-0.6077115402035836,-0.33983852233313633,Low
0.2518429600738322,0.4158156238734724,Medium
-0.555352497246265,-0.3528370873860995,Low
-0.504761870595309,-0.3617578006419627,Low
-0.6032833555548713,-0.3201961121187862,Low
0.1132305716199079,0.42243232981594636,Low
-0.03467197894499319,0.5158026088491937,Low
-0.4624533497413648,-0.3815906044333104,Low
-0.6104186287189795,-0.2966016905784551,Low
0.3477254643248656,0.32418751198047474,Medium
0.41438643629511507,0.29642480354760115,High
0.07519126226374562,0.47090140699390215,Low
0.3284206066206212,0.31880045415397334,High
-0.5899286836444056,-0.31669654023992033,Low
0.13244900020851735,0.4694948551918292,Low
0.14956551004818808,0.4165294211950259,Low
0.42738245641712014,0.06408403840994087,Low
-0.6383693252475107,-0.27969399334088657,Low
1.1465522598951214,-0.38917556413196014,Medium
1.8903733045305968,-0.7933604739784246,High
-0.47815926669387626,-0.376134569221017,Low
0.04928897850975611,0.4525021928772891,Low
0.06583518808282807,0.4525195268901968,Low
-0.6205883440931506,-0.2998891889722505,Low
0.15320685312126014,0.4163698929391809,Low
0.011443733209590468,0.4963380579748392,Low
-0.59814403218565,-0.3307969175608051,Low
0.06610686103169117,0.450676811183084,Low
0.04305412014720372,0.49917365590520935,Low
0.08597921408136344,0.46884427517808747,Medium
-0.13376517141071692,-0.7517312381564525,Low
-0.6028224391080452,-0.30532130570598953,Low
0.3056212910476568,0.29847318256469774,High
0.1587685011436164,0.42182204659847333,Medium
0.04638979696880685,0.4486013149901724,Medium
-0.4834982629330707,-0.3928195867915544,Low
2.004816374998714,-0.9929965446168852,High
1.4929220786502395,-0.6188043810024166,High
0.22020198183686868,0.39305614241412656,Low
0.025162833760852488,0.5069293711928579,Low
-0.5468520998503653,-0.33877198143200393,Low
-0.5514823023961952,-0.34149488487226576,Low
-0.5819597353156558,-0.35252528067616284,Low
-0.654770747626419,-0.27555270149086664,Low
-0.17915640559428878,-0.7640394011970731,Low
-0.531719596028804,-0.35500275494965905,Low
0.1316851925482585,0.38479342103609193,Medium
-0.6198953913598667,-0.31591458631975045,Low
-0.645152039007314,-0.27977753244894116,Low
-0.17947927496241167,-0.7490333296861136,Low
-0.6014338560528922,-0.31401290368835455,Low
-0.6311981333068998,-0.3167024517040084,Low
-0.5933554776597769,-0.3190377527991203,Low
0.028540409580366854,0.4302942851640249,Medium
-0.5030677400142991,-0.37243450818956025,Low
-0.3487396644787502,-0.47118417090817294,Medium
-0.4798913843692605,-0.4047747369858933,Low
-0.07963586465809824,0.536209935009315,Low
-0.5748288736427136,-0.3283647330652836,Low
-0.48385212924660365,-0.39841284908592434,Low
-0.7049833593135975,-0.2151183429544124,Low
0.0028692451856061063,0.487509175128223,Low
-0.6551718135937425,-0.27344897196428325,Low
0.039853997762044235,0.488216315756305,Low
0.02106882874815519,0.4868352372407857,Low
0.2865691369438109,0.3705651605597011,Medium
0.12497619726330578,0.47755597147865914,Low
-0.5205252380949229,-0.36436889876143486,Low
0.6257633674850498,-0.04649240820214123,Medium
-0.15903424822128673,-0.7772497935105699,Low
-0.5336346562966904,-0.3569897310804335,Low
0.41054749041885275,0.06068469419364636,Low
-0.5813956077331601,-0.3463435637121013,Low
0.07011487441260211,0.4561795781585397,Low
1.7320265775904031,-0.675379595133574,High
-0.002940560817214277,0.4932941734166869,Low
-0.4939714860615898,-0.3814803632253546,Low
-0.48506903685207214,-0.3814226390178203,Medium
-0.008954053195080636,0.4864121827193275,Low
-0.5000332359702641,-0.3481049819878031,Medium
1.9340733122559508,-0.9402018015302759,High
-0.6983979084946095,-0.2168797897321708,Low
-0.5068322982520143,-0.4216498560472487,Low
-0.0182733176622355,0.5132381642046104,Low
-0.6101998570084012,-0.3426666243711627,Low
-0.5170463824607764,-0.39527314873029207,Low
0.1502140063793337,0.40978596310923754,Low
-0.577019105962822,-0.35983158691330064,Low
-0.5513680151940956,-0.3465559141615082,Low
-0.10839611975690511,-0.7667562697377289,Low
-0.6017987048240885,-0.3209910860996288,Low
-0.5856879334058553,-0.3188153584974268,Medium
-0.6710768535674554,-0.2739990717275519,Low
1.5592429945911832,-0.5699453198659711,High
-0.4662039663298233,-0.43926067741567415,Low
0.12454510867314283,0.45619717479736244,Low
0.37034354623062615,0.305728488677392,High
-0.6139089402279695,-0.3024984435031645,Low
-0.5461742569811328,-0.3518698119909205,Low
0.02315296489602303,0.505056317497402,Medium
0.11550814321595171,0.459006287693821,Low
0.19887793590363434,0.38886275900910505,Low
-0.5862876400945569,-0.302575098775291,Low
0.25184205409705507,0.34314735154012055,High
-0.6517665728057527,-0.29143709119260836,Low
-0.5583445136046561,-0.32381412673240895,Low
-0.022463272922215727,0.5045087174694666,Low
-0.653497259496258,-0.2663103033028535,Low
-0.43551764767796747,-0.43259133159501895,Low
-0.5374330658068133,-0.3859125707054284,Low
0.09086160766223106,0.4162039947890954,Low
2.0081121464571448,-0.9023588861765584,High
-0.6024725428047928,-0.32891550642191386,Low
0.3143217897242947,0.32891538798601316,Medium
-0.4700680235127276,-0.3645224610696219,Medium
0.12196330183054016,0.39374783982461514,Low
0.5397505470841737,0.13995365053979314,High
-0.6333132779778955,-0.28327787196988996,Low
-0.12616408103003035,-0.7673095444471257,Low
-0.5882377879854586,-0.36021314700737944,Low
0.22652737192091,0.3644643356118684,Medium
-0.05859196905520381,0.5424274133276319,Low
-0.3300419055819286,-0.506525987337477,Medium
-0.6816620441948238,-0.2375723851154946,Low
2.10601944794346,-0.9558397243672474,High
-0.008925132736679386,0.5061544863405459,Low
-0.4651776733739556,-0.3928387759820243,Low
-0.43155020794989657,-0.4170325065159561,Low
0.015951579791258164,0.4806851239732154,Low
0.23153868983052017,0.3488825460452398,Medium
-0.0041760626887457075,0.48847614372244663,Low
0.08474662788735154,0.43959578782969644,Low
-0.4753637309830234,-0.4013356015516068,Low
-0.5366243443027854,-0.38109709077139375,Low
-0.36197374826382084,-0.4440922654133241,Medium
0.33557001990372104,0.32322532291494316,High
-0.5975012259506811,-0.3339559605978618,Low
0.14499392840396896,0.3981121241352792,Medium
-0.5747900791413874,-0.32095097671740225,Low
0.5504076125599242,0.1515331650577295,High
1.7214696446978028,-0.7685753764396343,High
0.025003380002330544,0.46179336278835936,Low
0.13884999427780043,0.4122146264824601,Low
-0.6070055676049664,-0.3076396248783305,Low
1.6238651261014831,-0.6465008653360593,High
0.08936354185831641,0.4511733583039327,Low
-0.5028401736674278,-0.3645733620050565,Low
-0.43455545682374697,-0.40687987513307167,Low
0.33935174950094793,0.2836907855205376,High
-0.5314236244742375,-0.3777309146451384,Low
-0.4310134246512862,-0.3799353711673298,Medium
0.006599520149052018,0.4836840235409944,Low
-0.5824817013281183,-0.3011697118647856,Low
-0.5843940243071459,-0.34572577044666747,Low
0.03736942158748935,0.4396579875712613,Low
0.10851250744405816,0.4359270325338782,Medium
-0.5257829592159414,-0.368819858295377,Low
-0.4566614391196076,-0.4156128608883223,Medium
-0.4786574829539866,-0.37544797644416683,Medium
-0.5637353755776437,-0.36743528194708,Low
-0.5868387200562978,-0.3395492582319539,Low
0.3500784772337471,0.3040579876759608,High
-0.0302576587487976,0.5140269179743281,Low
-0.5958074004483687,-0.29438508249022743,Low
0.39990475409553794,0.31930162374370163,High
-0.63988271910821,-0.3053120073416848,Low
0.06533962601960369,0.46892140099231716,Low
-0.014643449936611264,0.5116569485452053,Low
0.07236498091577798,0.436062758184372,Low
-0.5597448983266737,-0.34081462633663484,Low
-0.5598544400458658,-0.284899048886283,Low
-0.45739648807654487,-0.4226405267359745,Low
-0.6298116816501461,-0.266558127177215,Low
-0.5056772773718292,-0.37759205450878286,Low
0.0012305029038168769,0.48803068177762976,Low
0.011931267187096695,0.469869391951376,Low
0.2622592427875615,0.3695630983769408,Medium
-0.4264546088302364,-0.4468649459335992,Medium
-0.041210356781584356,0.5268454640444814,Low
-0.5115043862289084,-0.4151547072739927,Low
0.07039253079297697,0.4224270582454167,Low
0.09560649815552885,0.44735785502950653,Low
0.47632950825638243,0.015250692500586915,Low
1.20912829717582,-0.4115378677100621,High
-0.5777054222469964,-0.33945002778653666,Low
-0.5347961216937784,-0.3435367324778512,Low
-0.4259013466986227,-0.42067749694884976,Medium
0.2763733792142292,0.3409446800400159,High
0.07216261501661109,0.46136656595903436,Low
0.34818009869059097,0.3055233083616131,Medium
-0.6686908629402488,-0.26613870502784925,Low
-0.6166911761722857,-0.2803612675960302,Low
-0.026424010868656866,0.5049441702232711,Low
0.32072824839634695,0.3320133455240823,Medium
-0.49526466354869425,-0.39192442499287056,Low
0.06434329890183371,0.46282151556511175,Low
1.704868335638113,-0.789262735619462,High
-0.6722709837910725,-0.24223559609515816,Low
1.0947382332903468,-0.28497378932238343,High
0.014623482237171248,0.4996381859183039,Low
1.3969718075017707,-0.4637204780691551,High
0.2532300063981955,0.36222788725626953,Medium
-0.37755449101337396,-0.4645449628314443,Medium
-0.575851346026855,-0.3470897815173428,Low
1.777626721017161,-0.5816353708279853,High
-0.6527563168659867,-0.31093995643840266,Low
0.04776605162807074,0.5065702646749229,Low
0.030951416301986334,0.4822510072417213,Low
0.05016324035742398,0.45327772672823974,Low
0.30695743190853664,0.3504195983058128,High
-0.5442801865407907,-0.33698360507194436,Low
0.1475579362373961,0.4216114611635856,Low
-0.5419629069732729,-0.3239203587380136,Low
0.041959583560490454,0.43777472237900616,Low
-0.5817919464735157,-0.3028346583801884,Low
-0.5405059576687141,-0.3265810228964853,Medium
0.8250813796721459,-0.15224284480788414,High
0.14862726605490606,0.4506080779893774,Medium
-0.024664698527352202,-0.643304057357921,High
0.13002006986511794,0.43870482085929297,Low
1.8900877215523868,-0.7460257530353803,High
-0.6329992073632024,-0.29006014584542583,Low
-0.029943127247678503,-0.8123616308821285,Low
-0.04879842980340687,0.5477363290615689,Low
-0.648305299208166,-0.2614776404178455,Low
-0.09331671179154483,0.5712778381598841,Low
-0.5070189762694917,-0.3696629983856103,Low
0.1368000948782746,0.4115753552679601,Low
0.011896020860068746,0.47269936750520447,Low
0.06921482428482129,0.4609182906833551,Low
0.21213958375056663,0.3426062692431059,Medium
0.5504788736323164,0.025926551804175857,Low
-0.5571653145167563,-0.3654507299843468,Low
-0.6250925161360024,-0.25009102162896735,Low
-0.6388725827296812,-0.269296699260024,Low
-0.43017885387484284,-0.3981537703134872,Medium
0.07908707393272701,0.46529787257572264,Low
1.7211180262864334,-0.707667743352209,High
-0.4954889693975687,-0.38562593879864937,Low
1.4914811859653716,-0.38334288558017104,High
-0.028203893208664566,0.499672518747056,Low
-0.4766148677436544,-0.3907792322944742,Low
-0.5935646703995969,-0.3125194044205981,Low
-0.5283734906509472,-0.36814186337365407,Medium
-0.5603137831035108,-0.3472215582985463,Low
0.05023541713858376,0.4616928884362139,Low
0.8053617948586254,-0.11508808171606877,High
0.016707260940543922,0.5365498345891312,Low
0.01608766648027804,0.4873573545924679,Low
-0.05098087827080977,0.5177937275736103,Low
-0.4075593262811205,-0.4286117228109747,Medium
-0.5837789619622236,-0.3400732277813633,Low
0.02716963113949783,0.47626790772205263,Low
-0.0579354119835761,0.5382863530904931,Low
-0.3430698278998277,-0.4829443102116301,Medium
0.2617122684168127,0.3437115844040025,Medium
-0.715089043871384,-0.21114545778730281,Low
-0.5912230663299225,-0.3051329625525572,Low
0.031897226924989974,0.4921982632274865,Medium
0.15052417569384202,0.41895384207365416,Medium
0.0633946265788427,0.4551447187225086,Low
0.09618135042584464,0.42562462986727756,Low
-0.5293465427260166,-0.3464073886548652,Low
0.18975792819749848,0.43573125012993086,Low
0.013948072506931086,0.45086586213721735,Low
-0.5105584497683855,-0.3077410655665346,Medium
-0.5335447350858729,-0.34878917230484346,Low
1.6686065949068258,-0.5021429395544172,High
-0.6797872456308955,-0.282440305675269,Low
-0.5109149014736685,-0.3515648832570988,Low
2.178357174949781,-0.966996695371409,High
0.04232186881723016,0.431336493885759,Low
-0.536323398301723,-0.33308652399867805,Low
-0.39479070433855556,-0.4201464142435864,Medium
0.02056928413718484,0.4788939485205842,Low
0.11842401899823307,0.42958992305732324,Low
0.0028393578289459542,0.4700528239868479,Low
-0.5312563049596665,-0.3611500406455822,Low
-0.7053181431680728,-0.21104875348476093,Low
-0.4371882479196822,-0.39633838359033235,Medium
-0.5960106240207794,-0.3070839937267885,Low
2.223405506411539,-1.0118009713384486,High
-0.5684100298913963,-0.30339594550218424,Medium
2.079617048188859,-0.9706249299921145,High
1.5710171424239532,-0.6622193935624335,High
-0.3660719780796902,-0.44711567070094166,Medium
1.9949073205143286,-0.8002093256828356,High
-0.5856770182387822,-0.35112044831104566,Low
1.9835538471513352,-0.9056229502765963,High
-0.4973973841943913,-0.36277023304933065,Medium
-0.512257469004594,-0.35188671604836197,Low
0.20395783593480177,0.37218157119328155,Medium
-0.5462091747552809,-0.33146488347812586,Low
-0.021271029933856433,-0.8002741307986467,Medium
-0.36001251186376465,-0.4597159351125806,Medium
0.13503070762998493,0.42280319017880064,Medium
0.011416942175866196,0.48461536228465907,Low
0.016617762899418742,0.5389789664342269,Low
-0.023658985647379338,0.52250893641309,Low
0.1298373622960456,0.4512427021511657,Medium
0.1434111983961902,0.40881477785540565,Low
0.16561244464743763,0.39928668297848446,Medium
-0.6731466034987308,-0.23554172981086835,Low
0.29128740268076037,0.3718867226010918,Medium
0.244393477037248,0.3605288938377478,Medium
-0.4864778395443869,-0.3793565122751021,Medium
0.17567670606517083,0.44231860576633675,Medium
1.108841375715213,-0.2678227279558875,High
-0.6753890630769037,-0.23080331895543812,Low
0.34982257429714725,0.3122637842804917,Medium
0.5999565956141942,0.13982337035461573,Medium
0.041477217322948345,0.502117503035865,Low
0.0031063090101079993,0.4905738858703774,Low
0.08604642027671994,0.48422156109458936,Low
0.02056317339952568,0.5399722930173657,Low
0.16425557806434388,0.3895983253671067,Low
-0.036903143195462396,0.511633106962976,Low
0.9031628664398539,-0.21446160747841153,Medium
0.5361199798401949,0.14876094090371195,Medium
-0.5577902877980805,-0.32531460986825866,Low
0.03408142675713072,0.5071775225806971,Low
-0.6011036026663246,-0.2994481984889791,Low
-0.021313348635753404,0.5275485400901351,Low
0.043776047430296394,0.44126260246574667,Low
-0.6056136342710801,-0.28892396205376203,Low
0.023551294931710043,0.4684498787351178,Low
-0.6328436519242262,-0.2812989767505721,Low
-0.66246182703952,-0.24945862732271856,Low
0.1760144005894867,0.41461009882038014,Low
-0.5029060523714401,-0.37179527081830094,Low
-0.0092568491249726,0.5272165694304916,Medium
0.2608668479297517,0.34147617418916154,Medium
0.02320191556732576,0.499152614913546,Low
-0.5699237924608762,-0.32649241609516677,Low
0.10169899534928284,0.45242401265583365,Low
1.8185989108975507,-0.800424638257402,High
0.3050603901181502,0.3282330293073572,Medium
-0.5679073383199561,-0.3083765547523822,Low
-0.5149133354738646,-0.3538163467786028,Low
0.04857431380444671,0.4870072104610953,Medium
-0.48471262289045414,-0.3459687113415877,Medium
-0.00913897207115888,0.4798317948087414,Low
0.31015039699218117,0.33632622250550376,Medium
0.3219373850247984,0.37148215818830344,High
1.8438232431776294,-0.7243003193020721,High
0.20840013907994726,0.40668929347841154,Low
-0.4603069617011859,-0.42003729820980246,Low
0.1868981529268524,0.46096399313086467,Medium
-0.011371923295836084,0.4862466370121862,Low
-0.050624224245818694,0.5249617345124705,Low
0.031399634095757856,0.4674528949350656,Low
0.4923612320905346,0.013720025371394773,Low
0.5540123497854832,0.14962099098432985,High
0.1424743455726678,0.47004710389909976,Medium
0.023465763551879237,0.4732752736191215,Low
-0.42256839330599505,-0.4031817733506534,Medium
0.3249327106901402,0.34730720974647566,Medium
0.2585165472522736,0.3876953397332884,Medium
0.0961141673170347,0.4252693490786349,Low
-0.5645631997115903,-0.34389752326445955,Low
0.18586618495547846,0.41138376277742805,Medium
0.02552975275814534,0.4513893699093309,Low
-0.48674255105066977,-0.3964810338354126,Low
0.10530751281855966,0.4084434746912021,Low
0.04551870743724806,0.48020885919196765,Low
-0.460989087593084,-0.41281391878805257,Medium
0.2618594126735728,0.3555620405196914,Medium
0.15144490609451455,0.41598502788164704,Medium
0.020442729571586715,0.4557068074686008,Low
-0.6187443594487796,-0.28058347858461197,Low
0.3928636955733812,0.28877867063593726,Medium
-0.04835607037819567,0.5110798863090653,Low
0.3373535453295098,0.30715772169633454,Medium
0.31927859159003746,0.3318837173881402,High
0.005417595554908616,0.4970388043713573,Low
-0.46999526823217863,-0.40297899524534264,Low
0.4468969604355886,0.06089417329474839,Low
-0.47723028907307957,-0.37978317676571105,Low
-0.6513920625565555,-0.2703382090978881,Low
-0.6256032024929292,-0.28894349031036515,Low
0.28874976699683397,0.3269181704363289,High
-0.004683641372637104,0.5007876979701378,Medium
-0.13979872927821663,-0.7542776286108136,Low
0.3401471599159591,0.3386812900825772,Medium
-0.15031110976843295,-0.577441953458251,High
-0.4620257317588444,-0.3803145211268266,Medium
-0.5893669045695759,-0.2997656222457627,Low
-0.6292575007048586,-0.30345826348382837,Low
-0.6151185923430271,-0.2918470604104263,Low
-0.49336171655872785,-0.38076248994908735,Low
0.11749653540409144,0.4068825257848546,Low
-0.40074304228448904,-0.44408509501730326,Medium
0.24506990000276274,0.3868855456214778,Medium
-0.03056710080895536,0.4842729633747622,Low
0.03487029612203363,0.4746750917938535,Low
0.23836496090343617,0.40402288228802685,Medium
2.0235322705651644,-0.9129453849016261,High
0.31597392750332187,0.35593462702414624,Medium
-0.10433511910529558,-0.7502966455664318,Low
0.17870430611098498,0.37109239029382124,Low
-0.5651646888807739,-0.3301896868495091,Low
-0.5148012034129779,-0.3842790745122565,Low
0.05404938383276975,0.4834110177303724,Low
-0.49141688702576325,-0.42336624297473385,Low
0.19184443156467523,0.3987443027969375,Medium
0.20693732889921435,0.3964349267740238,Medium
-0.6037185357245535,-0.30478939140755756,Low
-0.453638335817899,-0.3335658743908916,Medium
-0.7137782547112599,-0.22274724014915104,Low
-0.5985922227546868,-0.32793394190167635,Low
-0.5901409985504952,-0.3247649595186156,Low
0.001107136360963823,0.4798244774149739,Low
-0.09748305815735281,0.554151684220461,Low
0.06921168484181034,0.469348568899029,Low
-0.6117511725912251,-0.3183648556305728,Low
-0.5574734302225686,-0.34432235002725275,Low
0.0073936998770227635,0.47362527441206403,Low
-0.5391724278434074,-0.3937434584787698,Low
-0.5678252997500829,-0.34730605687289057,Low
-0.422160969416374,-0.4349670908524887,Medium
0.28908173634879997,0.34789511021590147,Medium
0.0009430537923817983,0.4975408610368798,Medium
0.005413626263536697,0.4792225301676978,Low
-0.4882310261257069,-0.44383104910814447,Low
-0.48512373336434406,-0.3660949760532839,Low
-0.5455199536563213,-0.3962184673900304,Low
0.35292017601407966,0.34968596437797983,Medium
0.14252905321985365,0.366954210774156,Low
-0.5920185765246249,-0.29061727582075647,Low
1.735090903660524,-0.6587807820622709,High
-0.5182914140354332,-0.37833203198342635,Low
0.07041919238291228,0.44352356368981005,Low
-0.49331030262592995,-0.39862206855165405,Low
-0.5591996262621638,-0.3448915248210309,Low
0.10474036333100623,0.440982039381529,Low
-0.5124769808661318,-0.3758305339414745,Low
-0.548766719155941,-0.3502274184282661,Low
-0.4422754412080077,-0.3742432309345495,Medium
0.4325458317999129,0.04707581634601826,Low
0.10745922149045117,0.4536303236309235,Low
-0.5659721527204954,-0.35511253945049276,Low
0.094407097274044,0.41244325157855644,Low
-0.00030863124908953044,0.49592301086989443,Low
0.37284517500525705,0.34064120830860434,High
-0.519472082637575,-0.3633346260200713,Low
-0.021177601523672096,0.5511818109387345,Low
0.26349686830784014,0.3353062154570125,High
1.4486511222389964,-0.5679674441870008,High
-0.5572563350962066,-0.3386112523485962,Low
-0.5389233029303085,-0.3515051626883284,Low
0.04441332201851417,-0.8674044424568289,Medium
-0.45468854104232703,-0.38601749714245653,Medium
0.3821775022449627,0.24957832774630156,High
-0.5965467404252833,-0.35091234675752875,Low
-0.567380954904934,-0.32451540823920594,Low
0.10050795295489201,0.4356987302102343,Low
-0.6148053997819865,-0.3335721479602175,Low
-0.41687347579315437,-0.37071274037423274,Medium
0.16452629359645632,0.35192270182446894,Low
-0.045294574033857504,0.5239362190652672,Low
-0.46028975362800645,-0.34391050095652353,Medium
-0.4495383105947963,-0.419213426602421,Low
1.694956244735203,-0.7540204684204689,High
-0.5924897809893105,-0.31024559636633653,Medium
-0.5491039724105443,-0.38811573183186654,Low
-0.09696739642372942,-0.773065231513117,Low
-0.6742707873053924,-0.274236905706974,Low
0.09671596570795493,0.4317011047707079,Medium
0.24644814765960554,0.3426131941944116,Medium
-0.4595068556633981,-0.4190730120454412,Medium
-0.5835337199203764,-0.33821587293073624,Low
-0.6193144558002928,-0.3071348911190832,Low
0.2735627893552811,0.37314637043296395,Medium
-0.4976436551380578,-0.39586304453395166,Low
0.25007807847182595,0.4170592200955431,Low
-0.544443582556066,-0.3544155066168525,Low
-0.5133586921059984,-0.373992670265646,Low
0.07930715140974326,0.42593874352712935,Low
-0.6706714474726027,-0.2713671695079076,Low
1.224598607245398,-0.44565967036341264,Medium
0.06286414538981316,0.43126485340293197,Low
0.03963844551051382,0.45805531368135755,Low
-0.5338292469340162,-0.3991277915142102,Low
0.5229564578581615,0.0018287638825734143,Low
-0.017463677402940636,0.5165888337977376,Low
0.016230791451096294,0.48343160531680496,Low
0.13277256810432747,0.46469485397737453,Medium
1.1099667250160954,-0.34849966089594503,High
-0.5718769703354827,-0.3268572937861967,Low
0.07440751625585407,0.45257602184118617,Low
-0.6241070593041453,-0.2887908338594991,Low
1.8561523277607777,-0.7841503339952113,High
1.630917059689749,-0.6784957871025806,High
-0.37300070625135956,-0.4564096927757091,Low
0.02304116236760434,0.47419045092771606,Low
-0.35882725461371273,-0.44224420393562525,Medium
-0.0088207882342487,0.5168904173095354,Low
0.05912111876767606,0.43318957086183607,Low
-0.6086780159667919,-0.2852340166771933,Low
-0.6140903253415511,-0.32725901914137956,Low
-0.6494294476334747,-0.26005766837233957,Low
-0.6522843654607556,-0.30476077970890203,Low
-0.5314238285045018,-0.3762812677834415,Low
0.0743833314665806,0.4871316429309823,Low
-0.5135691942044532,-0.34505059547941896,Low
-0.527148556881109,-0.36617924491325915,Low
1.8728055442620846,-0.9179934964222632,High
0.637551034775462,-0.05839007446372341,High
-0.3481861906238779,-0.4406307564926426,Medium
-0.5532559693961127,-0.3433956741099836,Low
1.7671259850101249,-0.6983937532196537,High
0.3846549406235539,0.06788781202667421,Low
0.798165422112582,0.0440519501026258,High
-0.6732938489061653,-0.25121100657442713,Low
0.09257708006537291,0.4181018544125663,Medium
0.013309401827607648,0.46684707922226054,Low
0.10129511100714372,0.40883733144075596,Low
0.12125765896329965,0.4235890232162428,Medium
-0.6115921457783332,-0.2828501064107545,Low
0.013335551593063266,0.4663945171254341,Low
0.2518745738668885,0.4044752783380554,Medium
0.7093848900693795,-0.07217201500842868,Medium
-0.6486905520095996,-0.27715322531434017,Medium
0.6354095219276912,-0.047988615638651255,Medium
-0.5334685502221699,-0.3822317867876732,Medium
-0.5836236175767449,-0.3407266376523575,Low
-0.5808891309816798,-0.3683796236587679,Low
-0.6401783784494628,-0.2747069021956673,Low
0.8921173174084249,-0.22211522654953908,Medium
-0.07671317699319735,0.563071073132635,Low
-0.58126892384202,-0.34729712979782135,Low
-0.6232992262094343,-0.2958658083707252,Low
0.002470395655222224,0.5149771720385334,Low
-0.6186228904985452,-0.32190615141434975,Low
0.07045961647254845,0.45845357543008425,Low
-0.5574410913574764,-0.3476203617382059,Low
-0.4644114673367879,-0.3951453202505393,Low
0.19887773319603663,0.38599101647338097,Medium
-0.5913244873237897,-0.3247080752185957,Low
-0.030958492104357305,0.49739354714888206,Low
-0.5220509147919727,-0.3643728390844587,Low
-0.4993936889659062,-0.3958700923168351,Low
-0.5300009432773743,-0.3556108945098173,Low
0.30678773840392437,0.3669297343238599,High
0.03795683129558236,0.5023077794783759,Low
0.13505863591723843,0.4687667003896886,Low
-0.5765517175459838,-0.3046844450109151,Low
0.14717914513030028,0.4212141501877378,Low
0.1395592614057123,0.39591707896735595,Low
-0.043825276283466774,0.5074680364344537,Low
1.4526254016243014,-0.583555313482407,High
-0.6080950820834732,-0.3019153209524297,Medium
-0.5492282217008716,-0.34230792728643966,Low
-0.6287744079184674,-0.2841646778991678,Low
0.06979541560175279,0.5166659833113297,Low
0.09035774097691884,0.4387319346633701,Low
0.03542466955010404,0.48512432381055526,Low
0.1553351856872437,0.4176587951525049,Medium
-0.016671214388026045,0.4978483705161897,Low
0.008361762694299724,0.4736838663937377,Low
0.20406904114530333,0.3709775101585403,Medium
0.08247118505672674,0.47093955595127057,Low
-0.5614828659266667,-0.33808677409406973,Low
0.06866533833360988,0.421016355054291,Low
-0.5035071195930692,-0.33756925638692414,Medium
-0.5333434557194551,-0.3345463986034075,Medium
2.05045302663435,-0.9277496833446561,High
1.938704893573661,-0.9092470872546676,High
-0.5736112170327614,-0.2994584008578175,Low
0.1513489345414285,0.45112003453349747,Low
-0.5688396804991557,-0.33613791657902176,Low
0.04509928090984877,0.5015559071176717,Low
0.10582507548829023,0.43518505900785964,Medium
-0.6231954567249608,-0.28661414109584726,Low
-0.5172198264595169,-0.37852386494676565,Medium
1.7412033269337608,-0.7797683196462539,High
0.05609247118162436,0.44382713854324807,Low
0.20413686747099635,0.35277565364897445,Low
0.0433558459475295,0.43453925791824055,Low
0.11172706008660083,0.4267472928520407,Low
0.013188746816611085,0.5280467856821952,Low
0.10456791616265027,0.43597147806075354,Low
0.08286084098811436,0.4516531566614004,Low
-0.4588128082663119,-0.37601289195937215,Medium
0.6892426063967785,-0.0820439948110655,Medium
0.12750684053726524,0.4117954378792884,Low
0.2460784681564896,0.36055214357941545,Medium
0.013050611423593872,0.45047992859319264,Low
-0.5207025552213087,-0.3519932443291161,Medium
-0.6403184417399825,-0.2540929838774249,Low
0.014070068314554485,0.4948412865101386,Low
0.13853047974146304,0.38646769191220665,Low
-0.6346565140913065,-0.30763779397612695,Low
0.07606639386941016,0.4593757100423711,Low
-0.08966637024471041,0.5309196039970862,Low
0.0551433963449246,-0.8496593900646935,Medium
0.5177860227587259,0.02767428347372497,Medium
1.6702553741093824,-0.47521222237317867,High
0.13631915181191268,0.3980262551653221,Low
0.04678685621738421,0.4957456362278193,Low
-0.40670851099745703,-0.41958394912052244,Low
0.10485856519545222,0.4335381187495654,Low
1.226628559442253,-0.42672317227333384,High
1.9993322871641028,-0.8767831307266521,High
0.5254409149684989,-0.027222766026936795,Medium
0.3045488701563632,0.38259223215717575,Medium
0.008326880934079628,0.514488547249309,Low
0.006122916872295159,0.49272983944725934,Low
-0.5179915990463635,-0.3414953211149373,Medium
0.10806577159045205,0.49067575540592256,Low
-0.4748771045239553,-0.39533409009241727,Medium
0.0767570445984681,0.4868262979096456,Low
0.02765297756483842,0.4814621114810953,Low
-0.4708709368628903,-0.37622183721660796,Low
-0.5921167924432857,-0.30288810587387593,Low
-0.5496629785146724,-0.33456394046420573,Low
-0.5355318283085703,-0.3489303001665547,Low
-0.02895847496826387,0.5137529300689203,Low
-0.48452549006255025,-0.4012740796172571,Low
-0.5691996737760964,-0.33531563196300584,Low
-0.5111003484504687,-0.34910612762808,Medium
0.10665422915738565,0.470200653091874,Medium
0.19189016759743105,0.4166081925987205,Low
-0.42551192580490216,-0.42138526870077775,Medium
-0.09707597438832616,-0.769758947119726,Low
-0.48429165977579214,-0.3702108618945986,Low
0.026264083533558247,0.4563455478522064,Low
0.29973607331787844,0.34572403414732455,High
1.761972382920607,-0.8467285879443742,High
-0.17115227915698158,-0.7172962353443665,Low
0.09667201022560795,0.4770831828934107,Low
-0.6028909124837063,-0.33107479303264403,Low
0.11037050036245921,-0.9232422282396553,Medium
0.28740941736658265,0.35483467164624827,Medium
0.7391510698531594,-0.0944952056719402,High
-0.01856069706786989,0.5021949418377236,Low
-0.4772547009769282,-0.37057952461037924,Low
-0.456091009931158,-0.3911302397450207,Medium
-0.6329096379146002,-0.2912137941619903,Medium
-0.6421165760718361,-0.2786849014205116,Low
0.2381365911672596,0.40321898185974103,High
0.340485746549393,0.30626201114988794,High
-0.5694767496726412,-0.33517565633054025,Low
-0.0004435186348734632,0.4816803824661625,Low
-0.519661663837933,-0.4054203912846926,Low
0.04325688487651824,0.48028440734517563,Low
-0.5357965438792454,-0.3820916418991472,Low
0.04086994463821786,0.470508629160845,Medium
-0.6288737301190899,-0.29728647203400593,Low
0.03413482097110532,0.48642490281754236,Low
-0.60107623376682,-0.3269710528319887,Low
-0.6009961251852578,-0.31246827428357105,Low
1.5961586289132017,-0.5833525607543363,High
-0.6737580905252949,-0.300051491943675,Low
0.05150869023256066,0.4990505594459701,Low
0.43567267439413326,0.2734554509912396,High
1.2657552440715996,-0.2975386030636131,High
0.06122870225599214,0.4740225596653378,Low
-0.47121966766078,-0.38053594163254767,Low
1.5149028931398203,-0.48549549145079335,High
-0.5610739987369977,-0.3478719430953032,Low
-0.41207904005771023,-0.447435233206721,Low
0.4522858382672772,0.05740018644589512,Low
0.7243453278707535,-0.08014407589348349,High
0.06278637665070852,0.4739178570551269,Low
0.1468513274394756,0.3875270361026847,Low
-0.07176594916878615,0.5381749396725598,Low
1.672320416372871,-0.621640893653814,High
-0.7513919526414102,-0.19471797181210249,Low
-0.0714932062022845,-0.7718413145441388,Low
-0.6494330350637317,-0.26750804970994035,Low
-0.5740624556348102,-0.3350450119032936,Low
-0.35644684948865846,-0.41566653426933925,High
0.06938349664282284,0.43589886831817215,Low
0.0739931676071442,0.4541563521568509,Low
-0.043325687561195925,0.5230487584598741,Low
0.051210283113435284,0.4600763197365305,Low
-0.3853777302929887,-0.39607545178491943,High
-0.6424231577433761,-0.3018917503005276,Low
-0.6539352543156551,-0.24770826777942784,Low
0.015391863484841617,0.5282124017327089,Low
0.0175739646207409,0.4726846506164746,Low
0.20512726479839227,0.45228698286006164,Medium
0.15802578785944343,0.4277891220965052,High
-0.4699963707575177,-0.36108419122313534,Medium
-0.6166446722720138,-0.2876763529085904,Medium
-0.11785916817317399,-0.7937398757234609,Low
0.7245538201828963,-0.08243046739472698,High
0.03776231618608916,0.48656914035517107,Low
0.11495762382143793,0.40104462747990255,Low
0.3171738745304662,0.3127045093105964,Medium
-0.009078875206450787,0.5027718910692784,Low
-0.4960739954143041,-0.3283041925174217,Medium
0.07348104860912663,0.43216650834234327,Low
-0.581203703102276,-0.32221335088677494,Low
0.163853149193964,0.4001105944339737,Medium
-0.6086661664944203,-0.30811849046976153,Low
0.12051446763841966,0.435786524684476,Low
0.031066387043061083,0.5000554751037267,Low
-0.5397289402824735,-0.3870114097258685,Low
-0.48377982015715926,-0.38125134855645093,Low
-0.522864045059706,-0.3310825117105905,Medium
1.8125309874565587,-0.752737177408514,High
0.19318969834436006,0.43494918834808927,High
0.012650181868055332,0.4837662797677186,Low
0.1765752712769696,0.4297589413680586,Low
-0.6429355791735245,-0.2766872553504801,Low
0.1345997136140782,0.44790719634177434,Low
-0.14262395545905082,-0.7526229584747307,Low
0.23286095060751344,0.3999551605949615,Medium
0.5536925420641343,-0.006918512670951282,Low
0.05530901304774327,0.46272338590281625,Low
-0.5662199972675204,-0.3431311387101621,Low
0.06434024471729938,0.44272915193883855,Medium
-0.12456657493154716,-0.7792284641682251,Medium
-0.6359794696709479,-0.2675040589932355,Low
-0.5115399735364505,-0.3554120743150393,Medium
-0.02400759634260241,0.5114939550050425,Medium
0.18304908989982038,0.42400475788706904,Low
0.11658884440099171,0.46029160681256487,Medium
0.21376284539765034,0.40215221640286836,Medium
-0.1712308705151732,-0.7417646143781029,Low
-0.014956433013331827,0.4908297856823296,Low
0.08813515397438265,0.4279393715965204,Medium
-0.6049534426543632,-0.3098154355496411,Low
0.2589576865642894,0.3634263218882957,Low
-0.041924843849905136,0.5089258880290887,Medium
-0.1004704257678754,-0.7706380600450894,Low
0.7677266677356245,-0.08222920072668966,Medium
-0.036569671959473304,0.4940269075792819,Low
-0.5623866639925126,-0.32828796441926633,Low
-0.5356830273338378,-0.39528889576592235,Low
-0.4868760361052443,-0.3988832137486926,Low
0.13684216800183457,0.42926808035313513,Medium
-0.6268867809245062,-0.32069254711323175,Low
0.24410614113077633,0.3947780307195202,Medium
-0.6096035208943554,-0.31796384763079266,Low
-0.5485651713210696,-0.3456196525695897,Low
0.011522431495073149,0.5118544032751687,Medium
-0.4458564584766934,-0.41608293419568854,Medium
-0.4547022974736581,-0.36911582736532433,Medium
-0.5096032581017009,-0.3432455750024539,Low
-0.5564836352338861,-0.34686708117698045,Low
-0.07523662292994904,0.5303553280841853,Low
0.06790353770784219,0.4502338261955925,Low
-0.6966249112414897,-0.22834297306492685,Low
0.05444588185761812,0.46059122146947473,Medium
-0.5693290758022225,-0.3168409593661459,Low
-0.5305813136879515,-0.3232358860761041,Low
-0.5815472723529594,-0.3134645756228033,Low
-0.5608360499645637,-0.3486587858728011,Low
-0.5947558869566861,-0.2983715819228163,Low
1.6204667477060377,-0.5667438579557076,High
0.4939186910155371,0.05055125972062674,Low
-0.5355869795983867,-0.31921738489031304,Low
-0.5575750291838701,-0.31477570614069894,Low
-0.5580578648044541,-0.35340582669440535,Low
0.5631620777197507,-0.04523366498835191,Low
-0.6641023671456379,-0.27507750802349973,Low
-0.4139655475374677,-0.41658750881919754,Medium
-0.014904715251948086,0.5110826239422217,Low
0.016159505104007266,0.48155660022540636,Low
-0.6548465693271166,-0.2774356074208044,Low
0.15456142948499507,0.41680151378527086,Medium
0.1437283173230569,0.4006416604613722,Medium
-0.0634746781234593,0.5408559032706891,Low
1.9827673965739592,-0.9192565916303116,High
-0.5787773168388687,-0.323071123268555,Low
0.21165625468304017,0.3867610874319316,Low
0.006871359690919676,0.4933094188508148,Low
-0.6026586206582039,-0.2910704349374997,Low
0.052244317478964186,0.45974643986400265,Low
0.012353742112664823,0.5390148917762464,Low
0.15189021837126127,0.41624145211430263,Medium
0.042867652501532905,0.48069597966691147,Low
-0.004737052450445867,0.5086749672442145,Low
-0.6829930041101915,-0.2382128115326767,Medium
0.2065609328454343,0.3936257006548386,Low
0.2407684742679448,0.40375483065409834,Medium
0.25299841542957946,0.33162288219900987,Medium
0.11283475690724665,0.4172814001273112,Low
0.013226053580797092,0.5120333383632076,Low
0.3630853964956956,0.34583715600840803,Medium
0.8398107945064672,-0.12754049793809286,High
0.4088165577557188,0.07210731501932283,Low
1.4985859075232886,-0.5270819698526794,High
-0.4766211480237244,-0.38803354052762395,Medium
-0.5469599337042438,-0.31759875350430145,Low
0.07158347283304778,0.45485738327130654,Low
1.6090852528578699,-0.7370137940905156,High
-0.028068265386652302,0.5602664193797124,Low
1.0061569168541908,-0.31428150820962036,Medium
-0.5967772768221783,-0.32500864577409583,Low
0.047724739956613194,0.4676980671474632,Low
-0.5869256960029425,-0.34663233117311587,Medium
-0.45679223266553204,-0.3674451404700662,Medium
-0.07753529913760165,0.5253525868873414,Low
0.2577760952785373,0.33784804828996945,Medium
-0.03139767787867487,0.4885664113248215,Low
-0.4829227094253087,-0.3588076599080871,Low
0.03659630917603962,0.43684593687850215,Low
0.133768731458363,0.3931953563621641,Low
-0.5567753003866234,-0.3590475620000373,Low
-0.6126116921057072,-0.3167606337383896,Low
0.10789428400396639,0.46647913116254036,Low
1.970844780146001,-0.9658443299852991,High
0.1301800541636029,0.4297107897260244,Medium
0.08051963817607455,0.4154239340335699,Low
-0.3036128487499876,-0.47710625593996187,High
-0.4948475048433233,-0.3895106690063382,Medium
-0.5449436742619619,-0.3086464842480269,Low
-0.5061847321010464,-0.40845855862305325,Medium
-0.12960829685059766,0.5836660963761393,Low
-0.5735538997705573,-0.3630420451870717,Low
0.09274692181302185,0.4652932725914736,Low
-0.33304006735363556,-0.46781644936797945,High
-0.6988318402275415,-0.22827931735731247,Low
-0.439568645615297,-0.4385680330846211,Low
-0.665850938692446,-0.25436504720250946,Low
-0.06155824697220491,-0.6470677555657027,High
0.05146094616801172,0.47180215098039024,Medium
-0.05756411378409976,0.5406311713129518,Low
0.08393583423028667,0.43748487833040717,Low
0.5582379241446961,0.017616083586891318,Low
2.012113862584454,-0.8561458552648166,High
-0.6074373228329466,-0.33168666545904346,Low
-0.37136780962547455,-0.43046661938448944,Low
-0.6071848771714586,-0.32516381033873226,Low
-0.5194135890881618,-0.3720395876101263,Low
0.0009269838684355935,0.4991131055254936,Low
-0.5692721564696898,-0.34256260717267706,Low
0.3069310955934036,0.34550860614826584,Medium
1.735368030058819,-0.7939034730712023,High
0.20173241283922005,0.40245183404117946,Medium
0.34067195350432755,0.31636664936097414,High
0.011924199875288033,0.4590269667260434,Low
0.002816161399431416,0.520098723894904,Low
0.022049814316607685,0.4623654036853867,Low
0.45013954845561166,0.051887150739905186,Low
0.1820518497231256,0.3596129654566167,Medium
-0.006416498583986852,0.45519404569400834,Low
0.028720538443142762,0.4559100679358531,Low
-0.5473387159015366,-0.3498618255236786,Low
0.07826936583653676,0.43531145222724743,Low
0.5975514309198336,-0.008762552387291567,Low
0.16574871860017026,0.45455867778416625,Medium
0.0031274148885129804,0.49445416831251865,Low
-0.00849874475935869,0.47021912770079155,Low
-0.636397043572949,-0.2838647047888442,Low
-0.4267594357408392,-0.38291820912321667,Medium
0.313998993310618,0.38112432365861726,Medium
0.008331343584264794,0.4739661013639018,Medium
1.8552620839590432,-0.8827319796823307,High
-0.18170493383401218,-0.7507374113130495,Low
0.3039408032528068,0.3456792505341192,Medium
-0.5303005270246304,-0.3754607979178761,Low
0.02011888555672503,0.4589188963450884,Low
0.10694655296187783,0.42589831222445074,Low
0.19578871697717404,0.374612807445055,Medium
0.18232179514945468,0.37720483648157443,Medium
0.03206489452731187,0.4974957415445437,Low
-0.5102759138488561,-0.36110714101129293,Low
0.0590311213954785,0.45574141554677194,Low
0.06065972176840473,0.45714675403572824,Low
-0.6192143113690809,-0.2891235770777266,Low
0.06982067586866292,0.43948871638739373,Low
0.03715177073406872,0.44769005498084524,Low
-0.6708454825786276,-0.27072880834745383,Low
0.3504524884953748,0.3195469235829315,Medium
-0.0020759134914664634,0.4913811478279657,Low
-0.5431549428625418,-0.3617281963976384,Low
0.06218232269977819,0.4475684503179892,Low
2.058758007264185,-0.937004875547874,High
0.21785173503940736,0.34880978446961974,Medium
-0.3673018946950369,-0.4418406964896194,Low
-0.3841944440201601,-0.43831837846171395,Medium
0.33506598218704764,0.3339678335812456,Medium
-0.5762824768362436,-0.3274099575999504,Low
0.29239703134331574,0.3233667941768625,Medium
-0.5941237030902716,-0.3356378775096471,Low
0.6478479243411859,0.101415616426617,High
0.04953631251386059,0.44431799064720934,Low
0.28051292362948854,0.35711802902502365,Medium
0.3050284392421647,0.37116563384485757,Medium
0.3863370740512986,0.3025721778843382,Medium
-0.5417781325447818,-0.3451993712126681,Low
0.7175797228750767,-0.08925624256158671,Medium
-0.08925399864148997,0.5465633367785435,Low
-0.5860084269701735,-0.3208538004828757,Low
0.00689835393768351,0.47678648271937074,Low
0.4498770673615863,0.2686127787355419,High
-0.5907122179876783,-0.3322166525776188,Low
-0.5464898207625609,-0.35609816946741946,Low
-0.004816517383133989,0.5114032604493757,Low
-0.6424064543330775,-0.31275270729824767,Low
0.11127685443780899,0.45190350985219163,Low
0.01955658530525667,0.5170413810356984,Low
0.21258242891766932,0.4018684164155524,Medium
0.03666402691960302,0.4572523986385736,Low
-0.022931350212091473,0.5185440173233694,Low
0.48443976217391127,0.03229389142228861,Low
0.05517420787916999,0.43810047058199764,Low
-0.08969642371518816,0.549904786633086,Low
-0.05422928634659252,0.5304427403606543,Low
-0.4332843172044127,-0.3602400760519474,High
-0.6580068503371967,-0.2504487333132696,Medium
0.1008282247546971,0.4164000694768134,Low
0.01680184848299604,0.4779499822344214,Low
-0.509339384511311,-0.3836771549656767,Low
1.5189894022501254,-0.6260641813469678,High
1.7137901481446034,-0.7586982102118878,High
0.032314596452132194,0.48445390666139987,Low
0.09633369957926274,0.420408937038797,Medium
-0.5847816454734266,-0.3131596190470037,Low
-0.5397021839561874,-0.3290921315217442,Low
-0.5373761108579105,-0.36894284587274584,Low
-0.4612556128808411,-0.41250827817169083,Low
0.15170752647756336,0.40728691783395543,Medium
0.05001005607090425,0.4277288990133733,Low
0.2714933847406439,0.36846664830839027,Medium
0.26256195018113115,0.36841653888419346,Medium
1.5643152873238673,-0.41584528072161314,High
0.11004244819364095,0.46288642488524046,Low
-0.5453241774403284,-0.36871026106085986,Low
0.49304247938491086,0.03157648910997529,Low
0.2650452210205996,0.3625619478303236,Medium
0.4771193882163426,0.022598364832507822,Low
-0.5138204431941158,-0.39676434849441033,Low
1.2999656657996028,-0.19034231795974405,High
-0.5896933616978597,-0.3225033449101624,Low
1.5271407536895352,-0.6342744052961169,High
-0.6326823904313792,-0.29810315688573863,Low
0.31204644653709335,0.3431310843613046,Medium
-0.6309148447068731,-0.2982080448504566,Low
1.5874779488690278,-0.5476944662542309,High
0.010182310565420849,0.518646334904686,Low
-0.45072096691120206,-0.42886339709075527,Low
1.3114747063829764,-0.3053289470433146,High
-0.05436586671363175,0.5280733212459726,Low
-0.40142642281746305,-0.42616473988478043,Low
0.19030657507848192,0.38257364180454456,Medium
-0.47260595904221375,-0.4153288569919597,Low
0.22093574613139622,0.33962501557180713,Medium
0.6219795050166677,-0.04701617869372304,Medium
-0.57372725012201,-0.35489475895778944,Low
-0.44962668982407406,-0.3725677219677027,Medium
0.004440633678624184,0.4738673227575597,Low
0.3730075335817358,0.27335682678638057,High
0.1863236760192104,0.4269429312049956,Medium
0.03856411418959016,0.48213434949012146,Low
0.12349729411065358,0.4573198678852386,Low
-0.07795778507775541,0.5711988647594565,Low
-0.03950734938391487,0.4961721297171281,Low
0.2209553974748012,0.4458666024451283,Medium
0.0421153225227382,0.48269827375228624,Low
-0.32246596689290863,-0.4567230022159192,High
1.7560672765490704,-0.8172667635362719,High
0.6408784884450396,-0.050389401096691044,Medium
-0.647649912430774,-0.24837405309287142,Low
0.40481748256673844,0.25448923278769653,High
0.23350813046663343,0.36835353497358925,Medium
-0.5914652021239293,-0.2946469764584636,Low
0.5968247189835901,-0.0510951524803851,Low
0.2957452066320553,0.37221430230167185,Medium
-0.6364499764029139,-0.2890123316724019,Low
0.0020227772855079817,0.505845215374411,Medium
1.7130453118896993,-0.6792662108303121,High
-0.5369709860444811,-0.3536580769659065,Low
-0.4706221364813657,-0.3936699292710931,Low
-0.5202404424285227,-0.37741300685713763,Low
0.21145204920616434,0.3735038439505701,Low
-0.0057316092574989375,0.49094997999391243,Low
0.03311446492878911,0.5033966411192511,Low
0.25269544952426615,0.3845983411505435,Medium
1.9347930912137918,-0.9086163336712084,High
0.12042807554601787,0.43843209891579293,Low
-0.3697576504962789,-0.42545041101925185,Medium
0.18921387426265712,0.3873683942706939,Medium
-0.22424695858999408,-0.5373006876544741,High
-0.6075126787540625,-0.27160522608604165,Low
0.030960143012178643,0.4346811031924006,Low
2.116806400586989,-0.9473046646167022,High
0.5345776760209651,-0.007232719847014957,Low
0.11335035034000662,0.4403133232973587,Low
0.020787307284609258,0.5003739026530947,Low
-0.5486205366658474,-0.354684434421776,Medium
-0.5946105928213706,-0.3254014521024974,Low
-0.02777099958364626,0.5126268749285335,Low
-0.47756449568945913,-0.40971870940865984,Medium
0.2507491662336997,0.38152357982361484,Medium
-0.43752796924295884,-0.42046831318342265,Low
-0.6925546666725146,-0.22471264455890888,Low
-0.5800236214969939,-0.345341780546253,Low
1.7316484735648607,-0.7465865561710834,High
-0.6325290061060842,-0.30843816551709236,Low
-0.4973247486231874,-0.39884196175440234,Low
0.29511087544319003,0.32645551960072905,High
1.4344893967725152,-0.4219450252421639,High
0.04214377365473476,0.4468955699503031,Low
0.0820702359559427,0.45179709279278213,Low
1.496834393638289,-0.5905425174655567,High
0.12233951328439563,0.4207532452932825,Low
0.0637622065244779,0.45335372566930787,Low
1.4111366402534153,-0.5469438825204759,High
-0.47373636893183196,-0.3662627830807283,Medium
0.1302956183794215,0.3963741752416111,Low
-0.07193362247550783,0.5601759098169226,Low
-0.5439691474578076,-0.37061258095243843,Low
-0.026113681934970046,0.5079487573942615,Low
-0.6012308117474011,-0.300213503330252,Low
0.033125533235075166,0.4642824282948327,Low
0.2376943516107458,0.3554452635297919,Medium
-0.5247047919888425,-0.368517393887133,Low
0.2137967802085048,0.4302359629550695,High
-0.5496373422917873,-0.3811517519506531,Low
-0.5825055389628788,-0.3214533666649906,Low
0.029784535728360928,0.4490304437078929,Low
-0.46719358132340544,-0.3955071387994351,Low
0.002803932710163659,0.5065583766486318,Medium
-0.5667378590780487,-0.34601356005390094,Low
-0.5215553034382596,-0.39836991871129085,Low
0.046473100587786476,0.5323202429049628,Low
0.04066574271234802,0.4309530545829302,Low
-0.6275067893811256,-0.27826062722184935,Low
-0.6463673433240067,-0.2940985463274445,Low
0.24766794984406715,0.3806372710189193,Medium
0.28838970482921644,0.3619524425850805,Medium
0.007622184099813523,0.48425258025296214,Low
0.296599746676093,0.3395225582142548,Medium
-0.09018140570874594,0.5504369468292871,Low
0.07135490401121525,0.4789994721035994,Low
0.014358612735926424,0.4691651342957327,Low
0.577951201210507,-0.010741787497975552,Low
-0.06963755161667307,0.5170355742398011,Low
0.12470782854097762,0.39962395189521127,Low
0.07131897719438773,0.44112593406648204,Low
0.009462524883909917,0.5015659310124521,Low
-0.5747274657842244,-0.3357579599227946,Low
0.20402481340422773,0.3797467917779632,High
0.3904517022258046,0.3045659431054064,High
0.08270620104986459,0.40480929551496914,Low
-0.48798892503010294,-0.3556667633308622,Low
-0.5304286534536258,-0.35826999688711547,Low
-0.33358205460283336,-0.4419077560723548,High
-0.04822330750952353,0.5100388828861542,Low
1.7410725948592665,-0.800576787864456,High
-0.6648879042724435,-0.2686847957382617,Low
0.02357833749895144,0.48496895069920964,Low
0.09265661590238572,0.4093861701209537,Low
0.06346929179968747,0.4872146879682222,Low
-0.6028908967316167,-0.3318100938825542,Low
0.08288437698136103,0.4384377983385568,Low
-0.7289803201315608,-0.228870279586936,Low
0.5866447310388706,-0.04073395824457182,Medium
-0.6222503791067535,-0.29894951687118054,Low
-0.023318770058278093,0.5333163937100451,Low
0.23077979276600136,0.38458319120805984,Low
0.1507592299830831,0.43125050267608267,Low
-0.3855061072298894,-0.4760969829076005,Medium
0.25969331849808475,0.33843865850258203,Medium
0.4387250382891552,0.16487536138669895,Medium
1.0547063126104843,-0.2865750265073916,High
-0.5373518188338482,-0.348324152934667,Medium
-0.5178502825290767,-0.3487912594851775,Low
-0.1252971060899346,-0.7468181426142448,Low
-0.10924992425732649,0.5662019698863896,Low
0.18840181200137818,0.3780329730959908,Medium
-0.6032669566335069,-0.3109597268961909,Low
1.55070593685262,-0.5395735198219807,High
0.1320321609098709,0.42252922120112524,Medium
-0.02496728546571536,0.5215438807180893,Low
0.2545722074554032,0.3607542884612557,Medium
-0.6168057452890808,-0.30239390113261366,Low
-0.45561135824696614,-0.40186536775558257,Medium
-0.6640946277030098,-0.26283981841561327,Medium
-0.4935748167304105,-0.42407390918154997,Low
0.6298163177625395,-0.05551444513444381,Medium
0.11711466161035877,0.42670703234181684,Medium
0.06504194266524,0.48448958861614566,Low
-0.5168044109734519,-0.3503959541350792,Low
-0.02841869164009969,0.5091755759838649,Low
-0.549355699712151,-0.34571879353290386,Low
-0.5440243308855259,-0.3459149307583719,Low
0.4603129242027152,0.0499365404487539,Low
0.08344005855080072,0.45542746226995534,Medium
-0.5921037790803687,-0.3002845550009403,Low
1.7642088419827748,-0.6453809883450958,High
0.934657376202032,-0.28102033182341174,Medium
-0.0007648008253440253,0.5079094823987854,Low
0.7115968588256094,-0.10348226929395998,Low
0.0038141153983292098,0.49493892919971005,Low
0.04921519903107968,0.4858928347862329,Low
-0.6393331994597318,-0.28986997343252274,Low
-0.5711298376967258,-0.3163444299768605,Low
0.09691670403555741,0.434783233671717,Low
0.06133297450670644,0.44105651089067155,Low
-0.5612686802406717,-0.320017849154468,Low
0.5068707080668415,0.017898356578039676,Low
0.10799434985675749,0.4327861706640975,Low
-0.4390582639147177,-0.4512973868432473,Low
-0.007876753883312437,0.5071907051438294,Low
0.30792020556968325,0.3188864408677211,Medium
-0.645659161446477,-0.27449076491747093,Low
0.13532518094616974,0.43763163341389555,Low
-0.05738793151662286,0.5322217980841725,Low
-0.5873884490149133,-0.3036811793805384,Low
0.025694710111554775,0.4542129238947179,Low
0.10319079214862903,0.4598203526715101,Low
-0.6585485459973518,-0.2651317581070048,Low
-0.04801776178687217,0.5338119447407333,Low
-0.4462939905616499,-0.4006182740170018,Medium
-0.6499417456583182,-0.328138999222508,Low
2.0658068618338348,-1.005333392185871,High
-0.6314551746629998,-0.31067041527297107,Low
0.2628310772213521,0.4021595685242826,Medium
0.20340165892792883,0.4220499770837477,Medium
-0.5442651592691213,-0.35373390132301563,Low
0.0021640903668990186,0.5004157474202554,Low
0.1939797116037567,0.353046079562242,Medium
-0.4481908092179863,-0.44226004357695436,Low
0.06661029551805375,0.4322332464086657,Low
0.02331768901315656,-0.8374846826564851,Medium
-0.590334973567418,-0.3116510978069663,Low
0.16432177076421162,0.38272341691867395,Low
0.20819114712144438,0.3884198516730051,High
1.5262822092282036,-0.6481977131057575,High
-0.15238437008638095,-0.7581031705250503,Low
-0.4985794620144979,-0.3887456931989599,Low
-0.35487397525303566,-0.4415070160791781,Medium
-0.5793405246127145,-0.3760307062981698,Low
-0.6094114021930455,-0.2936593028222819,Low
0.2228943275668479,0.3822999395907548,High
-0.5075137100731713,-0.4452434791989915,Low
-0.564679155591414,-0.3771235775265297,Low
0.06586090840709635,0.4329085070163291,Low
-0.4752900077876259,-0.3698153417248919,Medium
0.10621089031360875,0.4777265044546758,Medium
-0.3106584431523517,-0.4778906946732546,High
-0.5637388807264141,-0.33417184817706036,Low
0.3484007911267798,0.3401264503769609,Medium
-0.5445975859750674,-0.40030549093606627,Low
-0.5712878987811517,-0.2997444749677245,Low
0.1779622322712514,0.4035680166676717,Medium
-0.6250566995909388,-0.2993099139416195,Low
0.0409571015380521,0.4699379618856767,Low
0.34451229639030445,0.3204091605071433,Medium
-0.6478202977094305,-0.3086626985885106,Low
0.4125383865656377,0.25589608907467665,High
1.3060964839489906,-0.4418228051954179,High
0.044679554055311765,0.4644563472502591,Low
0.18635149863379763,0.3772893035480037,Low
-0.08408474127284415,0.5375239428574635,Low
-0.4973518327370166,-0.45187836756933225,Low
-0.534343535023977,-0.37190803980527776,Low
1.7459336713808333,-0.8101156568515329,High
0.14530181220437355,0.3968137215803226,Medium
-0.018484271581976186,0.5282862713016543,Low
0.3513712548315988,0.33915020420195974,High
0.2810415849100708,0.37356391124554966,Medium
2.122839253093992,-0.9663148194211811,High
2.061214247653586,-0.9587423965792817,High
0.26309327276051486,0.3666152170697594,Medium
-0.3870577990297494,-0.45056510019588697,Medium
-0.4933656010750858,-0.34431598365350713,Low
-0.0018252311604052274,0.48197796936048365,Low
-0.5235270371735672,-0.40774805366761685,Low
-0.08100606892066536,0.53883059056979,Low
0.056035951775756376,0.4840718089596894,Low
0.21049055459492094,0.40799408384353875,Medium
0.14576242942626438,0.40053593159909684,Medium
-0.5540082571915461,-0.3326012075822822,Low
-0.6596712675908702,-0.2518314293093825,Low
1.4230895051529522,-0.5488514892559533,High
0.029684415811708442,0.4346385347347681,Low
-0.02296467302910643,0.5308641454505162,Low
-0.589125439923776,-0.32842680788189316,Low
-0.5661834016212599,-0.33820664561996505,Low
-0.41809375360461476,-0.43542515183175495,Medium
-0.5735241091203884,-0.33311424430080716,Low
-0.6524099080108572,-0.2942528132754323,Low
0.0011597604725096522,0.5049864685127755,Low
-0.22158123800239396,-0.7008875636492791,Low
0.14381976154690834,0.44726460339464336,Medium
-0.554753074887316,-0.3746681158938988,Low
1.5155188835665274,-0.4823904446287151,High
0.08700156417882798,0.5067332546807989,Low
1.6179884218188538,-0.6338215523913848,High
-0.5784673162711558,-0.3293899213109408,Medium
0.08865359832061204,0.4515030677550901,Low
-0.494103894894544,-0.3689840968968589,Low
0.10805280494658043,0.44292798267931444,Low
0.25091254795842444,0.34348213712681563,Medium
-0.4956454378213148,-0.42217202460016473,Low
0.27763851420438646,0.34341009928827004,Medium
-0.6519766869801179,-0.25372992413433126,Low
2.1770352555027905,-0.9425681329904086,High
0.0593272868890134,-0.8779977877434738,Medium
-0.44458601461997943,-0.38867043849289934,Low
-0.09942184039202656,-0.8013997552832449,Low
-0.47127491635057334,-0.40964395519598523,Low
-0.5578168809990272,-0.3734332103446154,Low
1.493767122090712,-0.45140951113370803,High
0.12680210984861862,0.4184920411567207,Low
1.933798572982958,-0.8112812166649893,High
0.06682688156623634,0.46458725735285744,Low
1.5044836434155908,-0.47466353523412336,High
1.6249613836719463,-0.5915978899771616,High
-0.5465167588704557,-0.341812335252003,Low
-0.5093476779292486,-0.36767080771025007,Low
-0.6346520639307902,-0.29460235803846646,Low
-0.5180754203288773,-0.3744775295939349,Low
1.8603331940042909,-0.8716099495807033,High
0.037975744618460094,0.5069554616937191,Low
0.12411026910938383,0.4261509513207907,Medium
0.3016874192268335,0.38505678182655034,Medium
-0.510448802250178,-0.38133883412502023,Low
-0.01388669448109292,0.5112810409557941,Low
-0.5250279500523121,-0.39398228819524306,Low
-0.5622134749566159,-0.3027927676916343,Low
-0.5811451627093497,-0.3448151591077528,Low
1.6068937387441935,-0.5951533144620291,High
-0.5189068118745309,-0.38034372426525476,Low
0.19768367136763088,0.3738533415384284,Low
-0.6155436855296046,-0.310655609538982,Low
-0.07066987109786815,0.544447644400527,Low
0.8659908067068185,-0.2157781733767376,Medium
-0.48802357515510186,-0.34875326067794243,Medium
0.041674501173198486,0.43656910931246273,Medium
-0.4857783022670161,-0.3990507439771177,Low
-0.3115103339799885,-0.4515686141127632,High
-0.35597027619867094,-0.47413652119956357,Medium
0.2321162322626118,0.3548279706315395,Medium
0.7487638687231171,-0.08883121759884988,Medium
1.6916983018187481,-0.6166717582887966,High
0.07436820775494102,0.46564849788352414,Medium
-0.5640059428482567,-0.32113235771537874,Low
0.20688345516840712,0.37671849140582714,Medium
-0.5687077017659119,-0.33530375374054083,Low
0.20620579325214694,0.3808753801428122,Medium
-0.6040313730623951,-0.2975193069440909,Low
0.009404269867818171,0.4685798151137942,Low
-0.16472448578207682,-0.7553463959292924,Low
0.11038326316954095,0.44014997209546325,Low
-0.559200320171122,-0.3505322914080974,Low
0.07089777557707178,0.457936648244177,Low
0.6449054829314111,0.062116386777668064,High
0.09343457584870152,0.43894073340254547,Low
0.31807265723293754,0.31849602945923017,High
-0.03143762473132966,0.5105331681531428,Low
-0.5750955842773156,-0.3200743880249168,Low
0.1106453201778056,0.42260569294244144,Medium
0.20840588807977678,0.3798372362607897,Medium
0.046344444111955985,0.45911998374487684,Low
0.025964154164373754,0.46788209084553756,Low
0.17458848201968524,0.38566994193736304,Medium
-0.5197736353494943,-0.3971742349452484,Low
-0.42141711149831457,-0.46028285306086253,Low
0.40292320504909407,0.305983867320913,High
0.13814714119125793,0.43888714355790126,Medium
0.6354696571371226,0.1019992828554882,High
-0.5251828479354971,-0.35265834252830464,Low
-0.03817952714205375,0.5360412838382831,Low
0.13012910097749764,0.40458456508523133,Low
0.23528570612136046,0.3820471647843736,Medium
0.2679984670013117,0.3433957261108761,Medium
-0.4871137630669735,-0.385444504414875,Low
-0.6001084376918918,-0.28624164884590536,Low
1.739985438259019,-0.7256919802528959,High
0.016198607250891617,0.4728909312113191,Low
-0.5311463712936169,-0.34440395805697754,Medium
-0.5586173122425662,-0.312192271265955,Low
-0.13015366499238668,-0.767511736608837,Low
-0.4533553160943542,-0.3760353726250174,Medium
-0.5503094176866369,-0.3440801303552154,Low
-0.6731468959723765,-0.23781107096471407,Low
0.05756263551267449,0.43014349946964736,Low
0.011039306846082786,0.45081402709374485,Low
-0.579592088492569,-0.34769689885579663,Low
-0.5280174824349647,-0.3326217822038766,Low
0.01637799771855647,0.46188629345171694,Low
-0.0797384381676628,-0.7869932779130026,Low
1.5941872147936753,-0.619127162544356,High
-0.5257835278009426,-0.37053021758960747,Medium
-0.3824855952096961,-0.43436376347688294,Medium
0.12883632640576637,0.4215115803863482,Low
0.3410121416158036,0.3187728265321848,High
-0.04533649096424852,0.5072667764711525,Low
0.17967210135889145,0.39516154775779566,Medium
-0.05044752695565835,0.526502377727302,Low
-0.534170377293562,-0.37204930191170316,Low
0.157557846771872,0.4436948850629697,High
-0.6015529160262697,-0.33176314587544997,Low
0.3303040419585954,0.34487356842633454,High
-0.006577714017901304,0.5301003431971155,Low
0.01565199294221642,-0.6953216770688397,High
-0.7196578834124083,-0.199180147074502,Low
0.1845972109024956,0.38342252742943983,Medium
-0.5486944225659006,-0.30790802038062615,Low
0.10852952005908867,0.4309106387151812,Low
0.008364681446054067,0.4996352797362398,Medium
-0.5247532361453865,-0.32513102296519003,Low
0.14190996869938766,0.43697253946094694,Low
0.031794902046168805,0.4923181091411104,Low
0.2424657262365112,0.37547518790080636,Medium
-0.6925957045653578,-0.2197324137250803,Low
-0.5736885086178055,-0.3339396643646856,Low
0.4452711402457389,0.06463519883527308,Low
0.597659953876197,-0.04163766664096419,Medium
-0.628411156239652,-0.2903234833160122,Low
-0.42666222939942583,-0.4106502085604459,Low
-0.05355244194416148,0.5460631349545845,Low
-0.10147093334585017,-0.8147374504453498,Low
-0.4513320551054768,-0.3891222235623688,Low
0.0640822834920689,0.4423572973745644,Low
0.3580417436021581,0.3108697844681902,Medium
-0.5787238015846772,-0.33501180462586894,Low
-0.5006250709935902,-0.35653099802934796,Low
0.18739732307986723,0.3961140875182857,Low
0.27709678056399356,0.39708400756342555,Medium
0.1498443313647504,0.38582203658393444,Low
0.02280299226052218,0.496402699871231,Low
-0.4946271805536946,-0.3564840230321589,Medium
0.0005486052930844254,0.5165061445569747,Low
0.004574493899560883,0.4571678615688898,Low
-0.619462501569026,-0.3192730641815497,Low
0.11887186007917316,0.4428069076567074,Medium
2.2267271754147577,-0.9907794265572444,High
0.1284527859702458,0.4205469335807226,Medium
0.1959079729368879,0.4210260020514981,Medium
-0.009821496500806326,0.5222389856077436,Low
0.4480566552565147,0.04273230188960525,Low
-0.498687301564823,-0.343928193830503,Medium
-0.5802410249120019,-0.3103698006818572,Low
0.11068168560976122,0.4359127835019062,Medium
0.098806667160314,0.4652357401028142,Low
0.38009742601746077,0.3127652744699068,Medium
1.1077559557169294,-0.3462757280616741,High
-0.42133912946761226,-0.3863870262825369,Medium
0.09332533337675553,0.4678143707692276,Low
0.4384190645249403,0.26765219998885054,Medium
0.05697659199806171,0.4666987669296444,Low
0.5269031240706705,0.029048985759420998,Low
-0.015020773652757058,0.537508592877124,Low
0.008238890186488823,0.46250407886176303,Low
-0.04026473146290094,-0.7972959213659626,Low
0.026308015875525892,0.483783536074502,Low
0.22194504294365092,0.38283980693390607,Medium
0.033227955697759326,0.45840421258909514,Low
-0.605665945773296,-0.29865029943497456,Low
0.08317177963856892,0.45821466174958714,Low
-0.5568590024258813,-0.31621467970701345,Low
-0.013279325525283436,0.50765528609625,Medium
-0.5258755808544145,-0.38719442685858,Low
0.09442271731835805,0.43558755596383736,Low
-0.5696639826294962,-0.3452785479428101,Low
-0.6001065703956319,-0.335989992929281,Low
2.0746971684434454,-0.9123615046407477,High
0.1083277762049204,0.4439926955450658,Low
0.0988277330380175,0.4762326918669333,Low
-0.5485769119397021,-0.35891904386586615,Low
-0.4193397410955556,-0.37987576046488253,Medium
-0.03853057360105194,0.5096253075845575,Low
0.18012946797892215,0.45830422042383656,Low
-0.026719806660612133,-0.8068456700815286,Medium
0.001792336618430701,0.5587287963567551,Low
0.07933399814368919,0.4453921206274477,Low
-0.035102183384162045,-0.7905275677801897,Medium
-0.3365102584064482,-0.44211827842904183,High
-0.4718083625336386,-0.4322472686617773,Low
0.21022401226637688,0.3736033784696974,Medium
-0.00993515536426548,0.5071895281686069,Low
0.28399074739092056,0.3967375721878623,Medium
0.14964261240340115,0.40207710636312255,Medium
-0.0706837627185204,0.5469531340347072,Low
-0.6134131130457527,-0.2807793426823015,Low
0.05680317963475934,0.4660564806290207,Low
-0.17707134757830448,-0.7357605571487313,Low
-0.14501480614017298,-0.7889840070371581,Low
0.3525408391875331,0.3173810810537036,High
-0.62413134408472,-0.3080609104481485,Medium
0.09489860198325734,0.47971712397088895,Low
0.20890695841458262,0.37500275848337006,Medium
-0.1764027845562157,-0.7312621523407986,Low
0.30194213846703044,0.3511122452343217,High
-0.03565919033052911,0.5406228045332536,Low
-0.37934781326102945,-0.42292697369001836,Medium
-0.43107653649599603,-0.4210935893205467,Medium
0.012814044178416917,0.5319248287678813,Low
-0.4111646902018798,-0.4561984129368683,Medium
-0.5486775166539266,-0.33304742011716465,Low
-0.5664794621152275,-0.33561901939823396,Low
-0.05130578389848439,0.5137838707213769,Low
-0.5800040674959105,-0.37574667445018783,Low
1.979869365411106,-0.9479519636883144,High
1.8559256921192502,-0.9020809529638093,High
-0.6396074349558172,-0.2657136117401998,Low
0.2719207154960632,0.31020618907293407,Low
0.0009019098572634054,0.46674490853923134,Low
0.31910355482406705,0.34273122673280143,Medium
-0.603103418299636,-0.30423102808176805,Low
-0.5659882357690393,-0.31796360111420086,Low
0.17387601897205862,0.43099703209720763,Medium
-0.5171224314137065,-0.35063243847287096,Medium
-0.029822614560102156,0.5566058091944772,Low
-0.6392979938791281,-0.31275498569452226,Low
-0.634324341716805,-0.2777102397943969,Low
-0.5118215456896399,-0.3824601902774242,Low
-0.5781612796821523,-0.31188854419621215,Low
-0.37724417921815956,-0.4602697797853582,Medium
-0.5335314265621972,-0.408151017969295,Low
0.18373843298284143,0.36423854999217065,Medium
-0.518886348839644,-0.38689294279446584,Low
-0.5748145345656034,-0.3090572948709539,Low
0.18343096093649935,0.4403429138642927,Medium
0.19131703964482583,0.3894518536962558,Low
-0.10466128271021219,-0.7588170294214365,Low
-0.5910027754548695,-0.32827934171650336,Low
-0.1338896308746882,-0.7702201878790494,Low
-0.6601363041711745,-0.2558657459813013,Low
0.10494610726355791,0.4429779829135255,Medium
-0.5510565118401584,-0.35459495237333244,Low
0.014150411640704519,0.47533704657682396,Low
0.08636606883798759,0.4019330533612995,Medium
-0.5476299387452677,-0.3708779711113198,Low
0.04278392257479435,0.495286679468981,Low
-0.5904191452912908,-0.347388063411758,Medium
1.431120451056341,-0.276962030387642,High
-0.023476918704002314,0.5097828782609408,Low
0.19345647431013513,0.4009738552318173,Low
-0.5553668593837335,-0.37623769873423757,Low
0.07287295733014904,0.448415577732725,Low
-0.6417868081116048,-0.25604407630520754,Low
0.040510386746721305,0.4844854540780672,Low
1.2435960777320594,-0.32147837518680955,High
-0.5045739908734338,-0.3732679689346711,Low
0.11335661481793358,0.4525974894747843,Low
2.0864695435534006,-0.9202038097420063,High
-0.4484602028543988,-0.41876934202499705,Medium
0.10421889843805565,0.4638306307423745,Low
0.09243017085783556,0.3974912078559921,Medium
-0.5514702296142244,-0.3389033636971883,Low
-0.44562990464798574,-0.3660718798463417,Medium
0.012924794653518479,0.5212443561617354,Low
1.7673989893686295,-0.7644416112644278,High
0.1140928099077042,0.43443522146708713,Medium
-0.5461011230386195,-0.3018578754488681,Low
-0.5197620714556642,-0.3893444531194382,Low
-0.5294764689846915,-0.3505996792509586,Low
-0.03336852991915018,0.48635766358595256,Low
0.1396334012764453,0.37804308001564035,Low
-0.5157749958813568,-0.38482660416082926,Low
0.1785714463244269,0.41598922623821555,Medium
0.05233156304711295,0.5074086109464463,Low
0.08274215210001157,0.4191171267741962,Low
1.8560373295213528,-0.7620490505703149,High
1.178499709441567,-0.43381529047321116,High
-0.021040336539728033,0.5243343091878785,Low
0.18218328529851846,0.367346319504707,Medium
-0.009844146115613794,0.4968003630471677,Low
0.13583130882448513,0.4254432911846967,Low
-0.4010627794380035,-0.446613863921624,Medium
0.1591721627760737,0.47011547248645225,Low
-0.6117144151973766,-0.28376825254966365,Low
-0.5855360218942798,-0.282604389011834,Low
0.33471200440327675,0.32476526781817605,Medium
0.07352883059331938,0.4732778659096196,Low
-0.5684338507530071,-0.31804072992704013,Low
2.087927469157263,-0.9493674441398698,High
-0.6190149734298632,-0.35053413478702034,Low
2.0505976798100507,-0.9534042771632316,High
0.02948055504614233,0.46821942170819475,Low
0.1746905671320882,0.43053736741314463,Low
-0.0008303633378674569,0.49765457001675517,Low
-0.6234566433735715,-0.288238849466945,Low
-0.5857182105814707,-0.32923165916876096,Low
-0.43321197565534386,-0.3931573423249396,Medium
-0.622827021514146,-0.29840724099454696,Low
-0.08884467068431467,0.5613131094170051,Low
1.6799273167049764,-0.7034092750266777,High
-0.60003276132198,-0.33034018621939987,Medium
0.5470923328127603,0.005186276149370006,Low
-0.5190299024306427,-0.33959972470971844,Medium
0.07074052993490182,0.44764445650842855,Low
-0.4410985577340984,-0.43982266134348263,Low
-0.6293032214824317,-0.2726853029971035,Low
-0.4880532880106715,-0.39974052894782136,Medium
-0.39229194335660705,-0.4415884147136403,Medium
0.24957690385316733,0.4082740307108734,Medium
-0.5661808912920314,-0.33717934847291753,Low
-0.6113144826388295,-0.2850206381266297,Medium
0.16887699718836746,-0.9342219819612004,High
-0.6272828164120116,-0.30481409642051166,Low
0.39899073549330066,0.282855940104749,Medium
-0.6243939468371827,-0.30569816337688516,Low
0.3463033759422498,0.37550857706500385,Medium
0.4033319133638762,0.29843365340104255,High
0.0011489236076616116,0.463106513297436,Low
0.26129458630944447,0.3811448640256794,Medium
0.3051200240514925,0.328220483485731,Medium
0.014615760023444724,0.4700409049668839,Low
-0.04104850105073371,-0.840664635542695,Low
0.08611963126041111,0.4702678178506746,Low
-0.5492790110084333,-0.3404292155826064,Low
-0.5170263211615695,-0.35166470822033546,Low
0.01643376509546568,0.4561399173259103,Low
-0.6320321016983514,-0.25737739198428977,Low
-0.6346948280050291,-0.2787673643301445,Low
-0.030024912746548504,0.49593713131438755,Low
-0.6189161042382509,-0.31628544384143675,Low
-0.6177127268227419,-0.31587938399027293,Low
0.019441061611833454,0.46387849805950154,Low
0.034042030494326636,0.4840623791424953,Low
-0.6978438083990652,-0.21847029527680095,Low
0.5158261014266917,0.02506244238665739,Low
0.07416471112694156,0.5186190040636445,Low
-0.07239343992970915,0.5375080767439497,Low
-0.5585841820822441,-0.3866166659442496,Low
-0.004060245004078755,0.5010311074421728,Low
-0.6118460948669485,-0.3175960882407358,Low
-0.45825852942545336,-0.3959043271262347,Low
0.12979108205938228,0.38817354796836734,Medium
0.016893547886223104,0.4784651637821,Low
-0.163427937988198,-0.7586942080328708,Low
0.17696744433011102,0.4401132203644965,Medium
0.0021906607201979678,0.4464007664312325,Low
-0.6368338028655486,-0.2772066187941611,Low
0.19570000718727554,0.36689443451509385,Low
0.04415043785258688,0.47571637933387745,Low
0.08133737286430742,0.4803429749411178,Low
-0.46853923491888205,-0.39825675605248084,Low
1.0359381180635208,-0.3006789327582044,Medium
1.4875459706811751,-0.6546845559813685,High
-0.3810382450126709,-0.39731629614968333,High
0.17445650971595328,0.4137362995723789,Medium
0.01791917505666696,0.46555387968939344,Low
-0.5340029169983853,-0.3517931549479531,Low
0.03947340753545281,0.44200215128083775,Medium
-0.5290141973129093,-0.3365142530358236,Medium
0.3638576177231785,0.31505400423657287,Medium
-0.5456586893388037,-0.3421659005929538,Low
0.314747086936642,0.37606046641398005,High
0.20403659108136574,0.38488927504720094,High
0.39353997260975426,0.32940186161911195,High
0.1540932444759353,0.4628485685514605,Medium
0.21778747909650387,0.38919320409286595,Medium
-0.028380059151378922,0.5282669149779333,Low
0.04231456696289304,0.4583676630465784,Low
-0.5866537243638174,-0.3242479274649508,Low
-0.5675252889128477,-0.31161155463932655,Low
0.6574869518239717,-0.04584340144084881,Medium
0.29805523054060923,0.3397603329208988,Medium
0.15136834383862452,0.3824513280180408,Low
-0.5244720543677798,-0.39063966193140365,Medium
0.30131732642676456,0.3357343166270477,Medium
0.05915085592906422,0.4644662343378029,Low
-0.5541729668353834,-0.32607350995766,Low
0.2249462112716939,0.3759279061297245,Medium
-0.6270805958278144,-0.3159925539406221,Low
0.2951706868597611,0.3434066890341593,Low
-0.6428097487323698,-0.28424241093754893,Low
-0.5365056001598131,-0.34329063902471424,Low
0.2189855714881649,0.35639340000755093,Low
0.9292589962255295,-0.25699230578738413,Medium
-0.4844209734431117,-0.34641949516516435,Medium
0.17167111275523772,0.4066617643075693,Low
0.16553508819587537,0.3985273202435238,Low
1.5142929719246878,-0.5851801259234866,High
0.20246500321114125,0.40227166672517933,Medium
0.17758937502460448,0.40193028629545535,Medium
0.0280370107030658,0.4410560014115966,Low
0.06865153845779737,0.4745619084322449,Low
0.10844721151978176,0.4207231601637236,Medium
-0.21769151139606133,-0.6966325493997146,Low
-0.555034861236676,-0.33822003747053553,Low
0.019280446498487314,0.49905920196247877,Low
-0.05339151354219579,0.5269559181245325,Low
-0.5851410847247558,-0.32664403658870966,Low
0.14979482242784603,0.45908340873171816,Medium
-0.6143787257369735,-0.2951400077155,Low
-0.6167342783271829,-0.2850315576007978,Low
0.36761805450609875,0.3186233651684672,Medium
0.023882485010244925,0.45336603700911016,Low
-0.5139620303299193,-0.33525733852730855,Low
0.7166590238281276,0.05616616791502349,High
0.005528416472398101,0.48704305236995893,Low
-0.6383690716258841,-0.25596381102458604,Low
0.30415603935418345,0.35834245056359304,Medium
-0.4024797629641987,-0.4399575495731559,Medium
0.003905459677142731,0.4942364572936967,Low
1.432283375752882,-0.5972464505035494,High
0.06802048025237722,-0.8557235405749569,High
0.06116173794954771,0.4849804829626183,Low
1.9180734687339938,-0.8954940111661063,High
-0.702332707014033,-0.21655594888843765,Medium
0.43570696469259573,0.2661161175353354,High
-0.5619263803833716,-0.3605728311420692,Low
-0.10936281554443045,-0.7530642663844008,Low
0.24228498430566014,0.3582411971603072,Medium
0.13382267919133062,0.4335602618416555,Low
-0.45251541776224286,-0.4315972770164388,Low
-0.028237100359176814,0.5025873200251912,Low
-0.6689406352497114,-0.2601962151360989,Low
0.129358289163222,-0.9039735821355295,High
0.18565079914678928,0.38387161688759286,Medium
0.2728639461798892,0.3325584581036379,High
0.27237369964008395,0.3519569811734834,Medium
-0.5009588104168066,-0.3991757982275222,Low
-0.019990167530093528,0.49532195061540074,Low
-0.38465276062607406,-0.44205161651765623,High
0.10726394607220902,0.416358778891169,Medium
0.08224514289306417,0.42626064579700806,Medium
0.10540569763848873,0.4567931332639774,Low
0.13952190255391606,0.37371363313154493,Medium
1.700826440748455,-0.7403225130706931,High
-0.5725108219866535,-0.3405993793860695,Low
0.40292285184128696,0.260449656734923,Medium
-0.5351115794062321,-0.38736607569536735,Low
0.17755640943238327,0.40482226529348797,Low
-0.4181765407340522,-0.44926716564744346,Medium
-0.583354397504679,-0.3135198966330191,Low
-0.42553261091048833,-0.40805658208765927,Medium
-0.6253912784041314,-0.29303536135880026,Low
-0.4505276264691766,-0.36364472665682995,Medium
0.5973890287402269,0.0010004025131769567,Low
0.1716081491846113,0.43786054580154976,Medium
-0.6291258086314468,-0.263877188140522,Low
-0.502152203312503,-0.41484940808870413,Low
0.12833238426571647,0.44763502033932,Low
-0.0286656327357257,0.4956727868308227,Low
0.04759133338662003,0.4533765148115433,Low
0.4106151801830563,0.26891489285903575,Medium
0.13469307368142047,0.408357528876231,Medium
0.5343556320217809,-0.011600598402862372,Medium
-0.6132099279768162,-0.2695154485617716,Low
-0.5677622440172161,-0.33566178771056365,Low
0.14658510201419206,0.4048954428467034,Low
0.16792991905657484,0.4103859363130157,Low
1.986456685257376,-0.8196794730765585,High
0.010620898380910848,0.4768590768701353,Low
-0.4618023146401292,-0.41520505798414603,Low
0.0677383867528012,0.43154767303415253,Low
-0.5091030225767716,-0.3972737675487156,Low
-0.4896106171528778,-0.3961651407393376,Low
-0.6381484289004129,-0.2878030095654733,Low
-0.5942027400420691,-0.3138903051929293,Low
-0.580817143865613,-0.30263537924735656,Low
0.35936339942422446,0.3390360697760547,High
0.15960958952035686,0.36955063812306554,Low
0.07627597365054001,0.45645595876129297,Low
0.015150052390889401,-0.8863547914812889,Low
-0.5756021075275021,-0.32309382047244506,Low
0.014793029332366259,0.45695994723075617,Low
-0.4858813523355918,-0.3872530751894655,Low
-0.6425724925701977,-0.27337855912033204,Low
1.819667094672799,-0.7231135302638184,High
-0.5918485503158416,-0.3572361408382404,Low
-0.4885702390218332,-0.356546757383575,Medium
-0.01944949230854598,0.4997248546537071,Low
0.2675079516200627,0.3535135654206306,High
-0.6596543857488417,-0.2666343637674846,Low
0.17020412454153278,0.4021892535031434,Medium
0.04666224925546719,0.43097184875772043,Low
-0.5345889348238833,-0.3355055741269132,Low
0.05006862983035715,0.45936379858386656,Low
-0.024637740961412358,0.49388450580890286,Low
-0.028121718565357,0.5299192078909303,Low
-0.04058801832166714,0.5156966370723173,Low
0.10975016152881001,0.4543639395319702,Low
-0.5186778186305989,-0.37295132645625845,Low
-0.02426599004142621,0.5086745046800722,Low
-0.5952971397764317,-0.32118575734942406,Low
0.03878243217329652,0.49240371505084957,Low
-0.5543842220963032,-0.3474522920853004,Low
-0.16290803489745245,-0.7297387030636885,Low
-0.16564742295029328,-0.7263630830814037,Low
-0.564741465551403,-0.28691215292655226,Low
1.6855837254456014,-0.7620654346443184,High
-0.01638091138735548,0.520464978838267,Low
0.025776500500350685,0.45819839937986384,Low
-0.6081707010380332,-0.29707946895335335,Low
0.11828711784273882,0.4368475312641257,Low
0.09801183773884403,0.4440727250058011,Medium
-0.5835701225181955,-0.30195344499611243,Low
0.10817906809143307,0.44517496057049366,Medium
0.14671220369571025,0.4437428027466891,Low
-0.5779226267901383,-0.3646313460687742,Low
-0.5492073509890046,-0.3720515468301009,Medium
0.04317625340057185,0.4430152275634238,Low
-0.5022284238404574,-0.37848486389314734,Medium
-0.5664266736117116,-0.3441818458701378,Low
0.23006509050055735,0.3441501629314244,Medium
0.03793517048957196,0.4234723386807897,Low
-0.44564741923321527,-0.3930678959877222,Medium
-0.611178736340161,-0.3098913670204414,Low
-0.5885142416828208,-0.3244499716867103,Low
0.06567235530564319,0.4957224500580576,Low
-0.4744296055169811,-0.42168381283000783,Low
-0.5232529852645699,-0.4071219894706959,Low
0.23513046335345722,0.377137933485994,Medium
-0.6233499367296237,-0.3082417411127624,Low
1.880098864538332,-0.7265938801542468,High
-0.6278636432667047,-0.3058194370763795,Low
-0.335145093228273,-0.4624732170614222,Medium
0.3106121392879786,0.3503429757046469,Medium
-0.5196158556421892,-0.3631601517482167,Low
-0.5413122226172251,-0.32087753480727316,Low
-0.48942059884194034,-0.37732678162104544,Low
0.09466248759789386,0.4506043957585474,Low
0.07188197468910523,0.4442109204983703,Low
-0.04543569817464227,0.5081809246535101,Medium
0.5365987327560395,0.0023119605811950383,Low
0.16684832664183769,0.3664196358400722,Medium
1.6539699456129047,-0.6111603362059214,High
-0.06558210623199667,0.5088345651210125,Low
1.5931642103271357,-0.668654522027452,High
1.26802309396459,-0.22949731846773636,High
0.5558693690554182,-0.007322131211771665,Low
0.2973174852170736,0.366743656193257,Medium
-0.510324440285594,-0.3599141101459984,Low
0.21024033986739277,0.38429883242084295,Low
-0.6479629352624815,-0.2938375720577264,Low
0.21121821745965796,0.40231842579611377,Medium
0.292431789778386,0.3787251424855359,High
1.7171656621624607,-0.624273649168354,High
-0.7030726916647372,-0.23204612695657284,Low
-0.4790540255902156,-0.36320178359434463,Low
-0.14221039285282755,-0.7617288145917448,Low
-0.5601796014387188,-0.3509859340579522,Low
-0.47189526938896953,-0.3961848067912145,Medium
-0.512212610296961,-0.36604596656585775,Low
-0.5571279785140555,-0.3245222759622137,Low
-0.004103348510980875,0.5249686327422118,Low
0.18004000156445288,0.4152012628347478,Low
0.016109555076682214,0.45466502072144077,Low
0.16891606780524548,0.42928263600703476,Medium
0.06437850943386347,0.43751170132536454,Low
0.7596405741788586,-0.06291152649207948,Medium
0.760300914160237,-0.08786212854440134,Medium
0.4890223838405512,0.0147261634255193,Low
-0.43439697359795976,-0.38489527231168613,Medium
1.9372070047063776,-0.979322509125978,High
-0.5816427053382908,-0.3086904710578502,Low
-0.4138083261368479,-0.4403315235811071,Low
1.8232130684241563,-0.8280646638811956,High
0.02285815022676896,0.4683635313136588,Low
-0.3584824694700668,-0.4470121876061573,Medium
-0.6463672526138364,-0.2969524074380382,Low
0.020218471504184266,0.4628028001178215,Medium
1.9717206264787535,-0.8993906622428389,High
-0.046254451870348545,0.5024584263669961,Low
0.10816520339175706,0.422769038951776,Low
0.25516972200497756,0.35413848059394604,Medium
0.05568050444017014,0.4342079166195906,Low
0.250774597568892,0.4035855439235648,Medium
1.806185411577346,-0.7595501667792123,High
0.06256901751679234,0.483805126394934,Low
-0.4974173382476958,-0.3558280045545795,Low
-0.4359017935244513,-0.42670712921533543,Low
-0.45203574907526345,-0.38929551370439786,Medium
0.06946450970793738,0.47399481399847276,Low
1.3791067174977114,-0.5534860117224756,High
-0.5394529871944129,-0.370276026550285,Low
0.7680349734446545,-0.0017294311523068928,High
-0.06326921824586745,0.5045682377456263,Low
0.1501404590881501,0.4390667724250611,Medium
-0.5556219866503127,-0.36748538634573924,Low
0.18206788759249082,0.4423919305960282,Medium
-0.06535040925223429,0.5216216047419073,Low
0.2954060025268048,0.3406142233531265,Medium
-0.06906361267271122,0.5485391144362542,Low
1.659828277948456,-0.524201042099216,High
-0.07043586924197304,0.5121174054566323,Low
-0.4051975748425459,-0.4594720532707769,Low
0.017627308552469967,0.4790036374835259,Low
0.019651263426752497,0.4393546028124167,Low
0.0810490542284873,0.4425112666544476,Low
-0.5733756417611864,-0.33277207128562064,Low
-0.5078678062610334,-0.37725410984377516,Low
0.15376769758297826,0.411965191384862,Medium
-0.5969585877950971,-0.3263580346240058,Low
0.14356909386511596,0.42305207938927925,Medium
0.11320572908732829,0.45295340082991964,Low
0.08631699612637361,0.4677142417848814,Low
0.26131427464832657,0.37274955095985784,High
0.05650513095413939,0.4855784993518998,Low
-0.5397766292028691,-0.34413044376043467,Low
-0.4093142567514813,-0.44987339111877994,Medium
1.5457605246996409,-0.6475684877762051,High
0.6207744875681187,0.13131872251220306,High
-0.4959331753305193,-0.38360437298715566,Low
-0.6120654925526039,-0.31501112485852995,Low
0.5666138100685224,0.11846767932783042,Medium
-0.56542226163657,-0.31436837321928623,Low
0.24422726528570926,0.37050117003956606,Medium
-0.06424619833825113,0.5056431898249193,Low
-0.4865209123030658,-0.3409022114048962,Medium
-0.5562226825365069,-0.33953290810990483,Low
0.047859521264753124,0.43458994422301855,Low
-0.6145270024536249,-0.3032509867219356,Low
-0.4451933159691217,-0.42270059687783634,Low
-0.6408662796113246,-0.2906299436530069,Low
0.07743851514750716,0.42005997338090206,Low
-0.07968582588553996,0.56781916078641,Low
-0.09625533558107757,-0.8335381894333521,Low
-0.4516899704278486,-0.39613221354083883,Low
-0.032090620554885096,0.4890590159829519,Low
0.3079047377095363,0.3827487607296459,Medium
0.04325155463636221,0.46400772084257713,Low
0.29013837638241036,0.4068103551071668,Medium
-0.5077232576350658,-0.36564214043356813,Low
-0.3843195361020161,-0.4216733059470873,Medium
-0.6519400892135851,-0.25851250547243937,Low
0.1691939955933256,0.39395908472857377,Low
-0.5825028808356041,-0.36401714302342686,Low
1.5226042399970796,-0.5176145658914123,High
-0.30606359370760094,-0.4799620391039302,High
-0.0056506196310031065,0.5296263282832068,Low
0.058700674513677165,0.4291441787932806,Low
0.06572701764990296,0.45063810705708673,Low
-0.6004400143210269,-0.28632253177434697,Low
0.25855918544891954,0.3278559746432356,Medium
-0.17881155760505774,-0.7339421298453133,Low
0.023279148632610158,0.46961345452771475,Low
-0.08995268804812723,-0.7933713572628712,Low
-0.5810195156505089,-0.33152848378268396,Low
-0.014749077365389218,0.48401933213953796,Low
-0.5973511278907193,-0.3055307726827914,Medium
0.4716693119043617,0.037029721329983,Low
-0.6433766803976892,-0.29895171035787876,Low
0.02471374515773639,0.45626141435526846,Low
-0.0728988390719979,0.5241025595326618,Medium
0.13409287211554743,0.42171028378802333,Medium
0.03414510579294672,0.4509054144364474,Low
-0.46840948991665865,-0.4093769463418726,Medium
-0.5973446069714772,-0.3055029618733371,Low
-0.46326747819434083,-0.404310061766044,Low
0.5828233297994124,-0.016217661153185958,Medium
-0.5814149565454642,-0.3494036736135573,Low
0.052279445157629945,0.4722069360778942,Low
-0.5369124098231683,-0.33898927580442856,Low
-0.281295712758595,-0.5218907552413095,High
1.7237041363524652,-0.7171673031227157,High
-0.6433616605502542,-0.2819468417499611,Low
-0.2102242428519342,-0.5117240214313787,High
-0.6204648629826351,-0.30482860782195775,Low
0.14325834887532163,0.4426900132923425,High
1.6815724138156647,-0.7889912216674424,High
-0.6589091084890742,-0.25821521684334,Low
0.04832776753746426,0.4532713052465488,Low
0.584249431758969,0.0134552857028572,Low
0.2510723205707789,0.37191318369815163,Medium
-0.01415179002303546,0.5028085617002656,Low
0.2388827074512958,0.3758337550851196,Medium
-0.6134639662253445,-0.2844191971460121,Low
0.4198118408307685,0.3026152888876699,High
-0.009784862247649628,0.46386314908779147,Medium
1.8437890217373794,-0.7823426576725828,High
-0.5954326196646067,-0.3411407341741005,Low
0.010250685983197783,-0.8252874228796948,Low
-0.5301826552459022,-0.4046541782863768,Low
0.3559825335848694,0.3458348851146693,High
0.511792383383722,-0.013503329851364543,Low
0.05794811508090453,0.46908819672425905,Low
-0.5944587841046056,-0.3326137840638139,Low
-0.13603078213113617,-0.7943090123664224,Low
-0.12670818722978155,-0.7777332604391026,Low
-0.6212626981464113,-0.33601200919609825,Low
0.1724632707002688,0.446034306656388,Low
-0.6103085808996872,-0.36305717520053515,Low
0.05217364332936436,0.4508470691657953,Low
-0.5661073181669737,-0.4120002904821442,Low
-0.5036699158758543,-0.4065551971030884,Low
-0.37200063917630083,-0.4492034792218439,High
0.07625164897414932,0.40903425078136146,Low
-0.5838482470065165,-0.30528663839897496,Low
2.0107247132682238,-0.8691773605429367,High
-0.6573773763390125,-0.2981797300958591,Low
0.2496938655902624,0.40471299643875336,Low
0.2706330102718253,0.33407845627614724,High
-0.4944163907450375,-0.3893260349575557,Low
-0.5525500168252272,-0.3406490145936767,Low
0.1569944764437069,0.39345298397138506,Low
0.05492644911898581,0.48404225490858643,Medium
0.1512648031959566,0.42633739264594583,Medium
-0.10472893860917859,-0.7638910666681746,Low
0.2919013012226295,0.34104164059614006,Medium
-0.638460218696916,-0.26414492934010203,Low
0.07998183466030051,0.46594973109815263,Low
0.292476541710346,0.40250773848915944,High
-0.6674637022950822,-0.26756507542318547,Low
0.22309174230591589,0.42045926749269447,Medium
-0.519254417424892,-0.415515491978668,Medium
-0.5416909673519155,-0.3190709617842262,Low
-0.5212273771858948,-0.3782571823444858,Low
-0.5955693032385159,-0.32321710175940105,Low
-0.44940284337049763,-0.4046706368902321,Medium
-0.00014461215122674176,0.49000660898478554,Low
-0.16568786165040156,-0.7578574677851242,Low
0.040809619501450456,0.43796772591433275,Low
0.07262328135809937,0.43287145230146573,Low
0.004218096285342643,0.49478096096388835,Low
0.031015514702776636,-0.8684057931113479,Medium
-0.6687060717253916,-0.2496577013664374,Low
0.18723523546324894,0.4145291242982099,Medium
-0.6153191504992147,-0.3081559181535375,Low
0.7417305694595961,-0.07877219824804149,Medium
-0.6481122950874274,-0.28004098083895523,Low
-0.5682051035328333,-0.32596869220116786,Low
0.1070067707601261,0.45647920535157216,Medium
0.07437878362482309,0.43926664456146314,Low
0.042079670697240945,0.4500137741708785,Low
0.28257014793770197,0.3371982398903941,Medium
-0.024992764381130794,0.5109525205322627,Low
0.2653008454041026,0.37609871023212027,Medium
-0.6683418191032697,-0.25399674339548334,Low
-0.502879663915226,-0.3435330430438891,Low
0.7853876882848578,-0.19945869685608503,Medium
-0.6152142092246184,-0.3045542387402834,Low
0.26396844425804233,0.3637308446107089,Medium
-0.5929479885202892,-0.3088318753102932,Low
0.2691520610765368,0.38131707636850876,Medium
-0.49328658030539135,-0.3692386047018361,Low
-0.5262039013573022,-0.34914322884545457,Medium
0.27578385161200536,0.3492080129973082,High
0.2559059327079253,0.3640018946300655,Medium
0.27609721697278466,0.39030205024911724,Medium
-0.5925294212395267,-0.32961467025692714,Low
1.7934319917565793,-0.6735272446466608,High
0.18708402795036405,0.40037221618520025,High
-0.30977756900334696,-0.5116442580275922,Medium
-0.6325101253366883,-0.2918896643016007,Low
1.4540884980668694,-0.39177736112348643,High
0.061676084201738646,0.4259839406228949,Low
-0.4552706841233479,-0.40812106040644996,Medium
-0.5283721354032691,-0.34259411524908034,Low
0.29666254064116926,0.3434685257707514,High
0.0825938078650913,0.40674073499981034,Medium
1.1119054727135025,-0.31240374707446555,High
-0.022725708170673098,0.5014189175484304,Low
0.032230809647335934,0.49913175162120615,Low
-0.6790129366487401,-0.24667284488131602,Low
2.285751824664181,-1.0736563865857502,High
1.1169920269717775,-0.1282218830122886,High
1.7628572518920407,-0.8051447604243998,High
-0.5596823126602869,-0.3129914081134081,Low
-0.4030475270454295,-0.4583861481373775,Medium
-0.05340315348679703,0.5150140304939259,Low
0.37690252583044836,0.279319061840272,High
-0.018301866563751767,0.4987184553272609,Low
0.14580970603817345,0.41264186892277244,Low
-0.4466475080314868,-0.3688510611019338,Medium
-0.609616522029122,-0.32334936557593263,Low
0.028096714894694008,0.5332741282908413,Low
-0.004464097423593938,0.47518852638589915,Low
-0.5636096868129543,-0.35002744853603834,Low
0.132569982204772,0.44631174691958575,Low
-0.02960375629041928,0.5114280769396916,Low
0.015845363881094532,0.4533639143879419,Medium
-0.5233160475618956,-0.36413105812851987,Low
-0.5851283231841278,-0.31628641452436557,Low
-0.5681951166147193,-0.3403430902543886,Low
0.09673128434709666,-0.8980692087182395,Medium
0.06402074084216924,0.4246855034200381,Low
-0.43597238954727285,-0.4556736150588797,Low
0.35067981531523573,0.31180890186825316,High
0.19951865105670064,0.41590594774141676,Low
0.1382864469320173,0.4745831570749841,Low
0.27647498553564087,0.37643231689006107,High
-0.03660337157245325,0.5180467456001946,Low
0.0064387758135188156,0.5221353618563261,Low
0.1522989127555916,0.43079168190108963,Medium
-0.6972086610242638,-0.2433332504500903,Low
-0.47949903850395376,-0.37059290216154617,Low
0.2630514547759937,0.33337730585174036,Medium
1.931920702143289,-0.7881147591650325,High
1.729170204547118,-0.8104163482282309,High
-0.4190542156829024,-0.4162135069917695,Low
1.8045445806506313,-0.8709401581815472,High
-0.7162864192705308,-0.22126279035717727,Low
0.2268212744195438,0.38809537929414695,Medium
-0.6192144977525003,-0.2773390283942677,Low
-0.5707105494983078,-0.35544155843629305,Low
-0.0633815850335227,0.5384933912630454,Low
0.045359715175007365,0.4496887785926754,Low
0.09268493919226922,0.4736612935710739,Low
-0.5202656320303235,-0.36306789941833817,Low
0.3214568002941133,0.30833188145358353,High
-0.5830917306042611,-0.3169969056544399,Low
-0.510857823977056,-0.3549811339362292,Low
0.04918889166383433,0.45461399474584807,Low
0.041757250767410214,0.4806036158202347,Low
-0.5250565965125389,-0.38018609142369986,Medium
0.10180693805342816,0.4132733242323777,Low
-0.6427330650303893,-0.27334577392976245,Low
-0.5791565819968836,-0.3291687682729557,Low
-0.36564455234851473,-0.4242265026571338,High
0.040066405651830395,0.4748282578252313,Low
-0.49957229045543783,-0.38406549162156334,Low
0.3011806898602253,0.33935731425891247,High
-0.06668390125464857,-0.7985273763681984,Low
-0.635237307887882,-0.2635640210106668,Low
-0.5432079504569749,-0.3509192174293039,Low
0.13207780636312616,0.43360199504864316,Medium
0.014389993782184862,0.45902181538310716,Low
1.8092982334405072,-0.7351244732077895,High
1.1175330271860877,-0.3498093334508113,High
0.18750421422955432,0.39595394690856767,Medium
-0.5006276980892052,-0.353860665810995,Low
0.009850039493443041,0.5116136440028926,Low
0.149083020005773,0.4066459768428131,Low
0.18323833037334447,0.3923357358271534,Low
-0.6070323349436052,-0.30101562322874387,Low
-0.4911166410238525,-0.37548247255829714,Low
-0.14639088454811677,-0.7667686001340788,Low
-0.014903151825469974,0.4852746307864747,Low
-0.635664767086286,-0.3052566378906123,Low
-0.5517862811182259,-0.3474390156872814,Low
-0.6012183809741736,-0.35814564506458396,Low
-0.5913980771306218,-0.3438503358226652,Low
0.2559945822335058,0.39529198466017135,High
1.6183934413973573,-0.6013543832606876,High
0.006439018003194796,0.49773510648355046,Low
-0.3277842623694827,-0.4390827270216077,Medium
-0.5477362935777815,-0.36238831908349206,Low
-0.43852676570212396,-0.40791667076092925,Medium
-0.02339008418812316,0.5114064961277832,Low
0.2416033204836322,0.37874120725099614,Medium
0.3917744709708493,0.27294913848049135,High
0.09235638442344873,0.435922896470855,Low
-0.29109768058086305,-0.4637740576818428,High
-0.6495578710522283,-0.2566332856584311,Low
0.5507286056614945,-0.02419305191114912,Low
0.5288427920120417,0.011990911921106073,Low
0.15693217766269196,0.4024285659801491,Low
0.3235576793919498,0.3622652097196791,Medium
0.11240259730858004,0.4577343467380175,Medium
0.029441114330865492,0.47934800642378195,Low
-0.4868670992469879,-0.37792920379709044,Low
0.2523529037368216,0.3779280984324527,Medium
0.049496605783917735,0.47643550563014536,Low
-0.04371617528572963,0.514040831988376,Low
0.09942245692597207,0.401240584331199,Low
0.5875475799621582,-0.012967731205189625,Medium
-0.1442350259109793,-0.7405206793087882,Low
0.18273638539904768,0.40114743973375977,Low
-0.3317730734070282,-0.4629019550164931,High
-0.0830271847275052,0.5709759376777384,Low
0.1151327615811929,0.41586155169270345,Medium
0.3406218411069708,0.34101191342746084,High
0.11564656601752621,0.42051508727274267,Medium
-0.6162581821923842,-0.2958806072837113,Low
-0.6281924207444654,-0.2629004153744512,Low
-0.406348629425588,-0.4165634629123796,Medium
0.20256084133351482,0.368752984196157,Medium
1.6022976293895776,-0.6255587879993122,High
0.05870648864932959,0.45140591463578417,Low
0.0577906819694764,0.43755575531428004,Low
0.09960758802479608,0.4430595734684436,Low
0.2868608033439576,0.3630995319146896,Medium
-0.5825251494301317,-0.33062027507126546,Low
0.1570457532683669,0.43476984216505477,Low
0.30778205396505576,0.315287448065538,Medium
1.4527122370144523,-0.5236314586776991,High
0.6694981169857914,-0.0669078972695123,Medium
-0.03250388976213997,-0.8233671170031466,Low
0.039129878092002524,0.4609781558002253,Low
1.2863026813570053,-0.3137186317398768,High
0.10382039256869124,0.41816176981333253,Low
-0.039254675548041795,0.513551374542861,Low
0.013794447379483321,0.5001399703317723,Low
0.030263504487461734,0.4799255684417928,Low
0.5302134027809531,0.14288745308830814,High
-0.04124060728093715,0.490434337123864,Low
0.21104317872463874,0.411219427666662,Medium
-0.6445419174075652,-0.28416287412754204,Low
0.26558662034640534,0.37076962218291676,Medium
0.2581196896721646,0.3313691034715658,High
0.2668183096611709,0.3625736950391846,Medium
0.051249295943170015,0.45767027354044953,Low
0.018882408687027175,0.498442646638818,Low
0.09348558077600921,0.4409122750703012,Low
0.06335461630764183,0.44134616474685207,Low
0.923179391283816,-0.2359581959008717,Medium
-0.01382760243480119,0.5246044016783972,Medium
-0.5417374777124028,-0.36414736333705294,Low
0.08985443306734192,0.4861221990071726,Low
0.018465850199334666,0.5077538906811779,Low
-0.4908580644588468,-0.4049777630146746,Low
0.09339331728164169,0.4283366830515095,Low
1.3330395719903783,-0.449177078046673,High
0.19750075043530402,0.3806847624054487,Medium
-0.5684856136136447,-0.3106760487414002,Low
-0.5635650640780093,-0.33240205615807616,Low
0.753683928008132,-0.11627918833345507,High
1.4267600949757837,-0.5763290945803224,High
0.23324040416010572,0.3480686374928258,High
-0.5595498395195128,-0.3338229509422299,Low
-0.022881460114474506,0.5379647023623746,Low
-0.5873143943447082,-0.31316445078890054,Low
-0.5724692301275477,-0.3010989179561364,Low
-0.4379649053561997,-0.42639375260743856,Low
-0.5745937489760725,-0.3578401930506121,Low
-0.3820244935550719,-0.45833303274514775,Medium
-0.03538272539758025,0.5234985482624409,Low
-0.13708862288518658,-0.7480514602088068,Low
-0.08432309347184541,0.5515747945242739,Low
-0.38811987845940177,-0.41942112725516423,Medium
-0.628641626332394,-0.2822887147795543,Low
0.04035125014139196,0.4755661682444243,Low
0.22589164367078507,0.34974834546466915,Medium
0.18869470403974986,0.4171531781929395,Medium
0.15529175722300548,0.4368781829881009,Medium
0.26079455654125616,0.3783583133268936,Medium
0.9732153450683931,-0.12939805450815384,High
-0.059861126187029046,-0.8305257254066495,Low
-0.5284766454030803,-0.35745154717017746,Low
0.21144665036160826,0.38868653111792195,Medium
-0.002662357413563521,0.5062320403925623,Medium
-0.47832516184051754,-0.37584801449387717,Medium
-0.6464818128949481,-0.2737978233021018,Low
0.0710657416406355,0.46646840079173535,Low
1.0325251239976245,-0.28246999988532256,Medium
0.364095460552901,0.3194700334296302,Medium
0.1909092462644103,0.4151762255832828,Low
0.2246480328643291,0.37147798906591833,Medium
0.3949971989463864,0.3204335768865957,Medium
-0.4881143572211206,-0.36004376062597154,Low
0.782522838200659,-0.10508337216993907,High
0.08712018387362486,0.4536724890085274,Low
0.16402322054466167,0.41329521427514393,Low
0.18632607581003846,0.4468448490997584,Medium
0.10897290625530687,0.4531340289191307,Low
1.9344336122292727,-0.8795404930759864,High
0.24151866062193095,0.3989999694100076,High
0.09092940823787021,0.4677483693112475,Low
0.060119632491998254,0.43422549746391415,Low
0.34367576922509246,0.37790429843852424,Medium
-0.5064272586539931,-0.374917908983887,Low
0.1359659656983656,0.4453320105544972,Medium
0.041250693840990005,0.4565388446133817,Low
0.18617637228242023,0.4095508774425224,Medium
-0.612215160452852,-0.3246959186245233,Low
-0.11317228922614242,-0.7729701353186509,Medium
-0.4414228537536662,-0.3984112444124932,Medium
-0.5595755278666462,-0.34921470385113074,Low
1.784117147203968,-0.7071145669133859,High
-0.6245508397582323,-0.2984143745017623,Low
0.15581516967045028,0.3853759143798874,Low
0.14292770634668017,0.39444187471107894,Medium
0.032267958203908154,0.50395257104852,Low
-0.5877686586832513,-0.298112397335624,Low
0.28521442282914566,0.3493894560318903,Medium
-0.39923826181412075,-0.42679562567148377,Medium
-0.4150224520086646,-0.3899087734508092,Medium
0.2365693343577021,0.4023410300353468,Medium
-0.6341943459855773,-0.263010918140832,Low
-0.021439357471227605,0.504878276745652,Low
0.005747498272184015,-0.8237055161138048,Medium
-0.36948872021558204,-0.44698600406139666,Medium
0.5547899767200205,-0.006045057885683602,Low
-0.3711448129638644,-0.43696310084477913,Medium
1.6863132517195727,-0.6305351848311149,High
-0.1039473431023501,-0.7967817395662703,Low
0.12002821144295062,0.431778939467362,Low
-0.02955968743259052,0.48564909474964135,Low
-0.33316505438943955,-0.4603388145529514,Medium
0.041944843133766674,0.4361929441677951,Low
0.28921003358226305,0.3460552808568548,High
-0.026491119044851796,0.5078567387069047,Low
0.10144489717520083,0.4180419625723587,Low
-0.5574489170805406,-0.3841779682742743,Low
0.04699828483256985,0.43393596773747467,Low
0.24051427002369752,0.4088007428879611,Medium
-0.1297020537354276,-0.7526140600915284,Low
0.022600136779109103,0.4906745111724494,Medium
0.05987726759443501,0.4389084892240639,Low
-0.6180354674073032,-0.28965322790085224,Low
0.6709449259866782,-0.08278016432097213,Medium
0.0040354768251490425,0.47136746555318554,Low
0.29826628079608464,0.33450588728893127,High
0.1322204023778214,0.4136963873824131,Low
1.6601761422665449,-0.6603112631447082,High
0.05342871055227899,0.45679832995489633,Low
-0.4744548429960019,-0.40771689321784865,Low
-0.6072116951567303,-0.28614773639999536,Medium
-0.48056367290342,-0.39736868772266704,Low
-0.1399309316241132,0.5925885608530493,Low
-0.027575831655425875,0.5253179976057155,Low
-0.18240901499785603,-0.7461542428715567,Low
0.6749370706264395,-0.04972469787033518,High
-0.5261092647839565,-0.381031701869906,Low
-0.12887032131027693,-0.7613132763916394,Low
-0.5857518103745636,-0.3461510456929734,Low
0.013762312983292557,0.489620325460171,Low
-0.6195192968170207,-0.32454164161261856,Low
0.1651066076091915,0.4142387479742159,Medium
-0.5402480375602157,-0.3295758191316749,Low
-0.23027227297914876,-0.5333147040325814,High
1.8599483484122532,-0.783810711958553,High
0.2471927123257185,0.3467160560283018,Medium
-0.5266358005693845,-0.3490432132228672,Low
-0.543135147248998,-0.3356605483230839,Low
-0.4932716941758861,-0.38412036210929335,Low
-0.6971351191509209,-0.2254576103131699,Low
0.03628091588817278,0.45614799971425,Low
-0.01695956945032462,0.48769713418712635,Low
-0.48917432176768083,-0.3673206185882829,Low
0.29212000887999556,0.3509987646252942,Medium
-0.1404238431681179,-0.7731311209766992,Low
-0.5579262544198766,-0.3252755517676499,Low
-0.04487529776398491,0.5265608466390619,Low
0.09971600304439454,0.42058178153300996,Medium
-0.6347850450686648,-0.2772770815994912,Low
-0.5893774432173098,-0.3558854885113761,Low
0.3527387280554991,0.31986224029309845,Medium
-0.5725350957685855,-0.3525788108298241,Low
-0.047538386252598985,0.5430156983487467,Low
0.24730146607660608,0.37426648379899563,Medium
1.8460343724639692,-0.7456319265399417,High
-0.5463750342772365,-0.3426117737966937,Low
0.7891461843824858,-0.09364069681835208,Medium
0.047500180464616515,0.4425181005550196,Low
-0.5095395670324486,-0.38063335726287284,Low
-0.041526289544810135,0.5173977985232958,Low
0.3857658923241982,0.3325095509974287,High
-0.6549687373353318,-0.3031831290605381,Low
0.06948554908718457,0.4567057766255903,Low
-0.002946219865771038,0.4726396897188526,Low
-0.637887513349448,-0.28341212830884654,Low
0.29686881428187895,0.3731227338547317,Medium
0.16151760459785547,0.41637223535681744,Low
-0.533581540241653,-0.3373874632832672,Low
-0.40278325822832356,-0.42644420054830073,Medium
0.01509977418675612,0.4690852150508956,Low
0.48051977171975535,0.025784028759737565,Low
1.0849367877937917,-0.333188764829169,Medium
0.08002283065638005,0.4549429700918243,Low
0.1717193003601878,0.40516459509486635,Medium
-0.31206315836987786,-0.4700845241718007,High
-0.6423519819286108,-0.23708109703745756,Low
-0.4051713488938729,-0.4298012526747507,Medium
-0.5342287507379634,-0.37818906692455545,Low
-0.41001287625681826,-0.40002756991858407,Medium
0.16452831098839538,0.4344881297066725,Medium
0.27658808651220235,0.3492798274704719,Medium
0.3516136500264969,0.33685644642594814,Medium
0.006145363983744878,0.46698919775520353,Low
0.16742900735905564,0.4100189328763456,Low
0.09934022763431272,0.4117523488085667,Low
2.125230139661209,-0.9976513852763677,High
-0.05802111841273572,0.505611965846155,Low
0.034769304327570416,0.5037287142602582,Low
0.689631257205656,-0.04797049445164131,Medium
-0.4323035801112118,-0.41765799327474984,Medium
0.1464840396493985,0.43915906457474185,Low
0.20838602133695816,0.42263662929813595,Medium
0.1819028190273042,0.3985973422239205,Medium
-0.5152683752764711,-0.3611616907642565,Low
-0.07617284330805862,-0.7960752696737331,Medium
-0.605914964963629,-0.30463763384064413,Medium
-0.6012766326229602,-0.3038624281639677,Medium
0.15443257588460957,0.4026868260457357,Low
-0.5450480639367777,-0.35244637217863073,Low
0.08552038190311118,0.4519390916114371,Low
-0.5652374195524571,-0.3380351996591141,Low
0.28327467418421937,0.3653178502557546,Medium
-0.0006464784885709118,0.4797853091939813,Low
-0.37105501193361484,-0.4421079500181287,Low
-0.5402585972773791,-0.355778789778825,Low
-0.5746753178296341,-0.3577405320857259,Low
0.3924935823695128,0.28627821093591416,Medium
-0.6677938092759899,-0.30137350092351245,Low
-0.08481227388577195,-0.7750805550519854,Low
-0.6985526198082204,-0.2665246947668856,Low
-0.5441107732259285,-0.33115306102036324,Low
-0.5326998099768816,-0.3417177838091491,Low
-0.024744464952233702,0.4903480058435269,Low
-0.4831723469292689,-0.38806001069266416,Low
-0.6305565190857756,-0.2721823091819066,Low
0.31375299861777395,0.3331170951313012,Medium
0.2731967884633719,0.36712590714970317,High
0.14515522970871042,0.42464805298649777,Low
0.33591469772109417,0.3555970432041037,Medium
-0.6120567160083695,-0.3103465129832709,Low
-0.4296498715111902,-0.41224995355181837,Medium
0.047541218912886984,0.47338983837988813,Low
0.08394061318909773,0.44002815720287614,Low
0.22152327153597584,0.35074144693805953,Medium
0.00047398548417232345,0.5106864913280317,Low
0.2913944023549455,0.3846516592926462,Medium
-0.461930977098188,-0.38310094785202575,Low
-0.012424428923606068,0.49322538598923427,Low
-0.5209801273559441,-0.36202538386808175,Low
0.09636469178371826,0.45120542660334517,Medium
-0.6926170288871083,-0.23666487578483122,Low
-0.03951958922820842,0.5109988768260867,Low
-0.5219897722143682,-0.32122229433831256,Medium
0.011790154402515296,0.4705519222558464,Medium
-0.5585343510720253,-0.307743122302613,Low
0.2689845551871114,0.33029035663310113,High
-0.5314230164708027,-0.3528254231838581,Low
2.141638189835902,-0.975218513499635,High
-0.60422472689788,-0.330266302478885,Medium
-0.4950117994369428,-0.3605220256442072,Low
0.04222313759586549,0.4687192908412777,Low
0.22315835625614755,0.35438754632682645,Medium
-0.5520747996867406,-0.3268067125832872,Low
-0.5358621371013641,-0.35966340331980295,Low
-0.5603725081514183,-0.32447827982506705,Low
-0.6753618273507629,-0.24165939535169123,Low
-0.6148776329285145,-0.300299837406088,Low
-0.6515076081257427,-0.26932152470745474,Low
0.168190119880264,0.3720858938420294,Medium
0.5522216751583264,0.015536878711721658,Low
-0.46434379349680677,-0.3769396786596688,Medium
0.3083669947553471,0.33699158194302936,Medium
0.023039787983086035,0.5232281360617814,Low
0.16405042300907502,0.4121219606366743,Low
-0.6632229634577382,-0.2639099230491173,Low
-0.49949392895235456,-0.3641785870695069,Low
0.09562195978856675,0.5018338209264039,Low
-0.29889507430731077,-0.48435275430595537,High
0.12576200065550758,0.4053890074431937,Low
0.021004122324368435,-0.6913216340783184,High
-0.4522896888982951,-0.36749609041293313,Medium
0.4916423632222371,0.033915347807302265,Low
-0.42954271842649305,-0.3867538002665114,Medium
-0.06511096055544208,0.5577981755863848,Low
-0.5255466790619621,-0.36930369701480426,Low
-0.5510841934320033,-0.31990195412815237,Low
0.3388563028374778,0.30506761951553424,Medium
-0.022046836807919856,0.5079639745260122,Low
0.3091141598657974,0.3299722796378971,Medium
-0.5792071016678167,-0.37054628040780585,Low
-0.017688225270081237,0.523478475211894,Low
0.021174170248835944,0.4674314647649639,Medium
-0.5071601223884131,-0.3485902985515177,Low
0.730609239436623,-0.06834985769420326,Medium
0.24984531396245757,0.376577912442153,Medium
-0.572723912408374,-0.3039338369076531,Low
0.14666090791526276,0.4020541690048518,Low
-0.6066336871339073,-0.2952101096750521,Low
0.24476001046816465,0.41495950474124943,Low
-0.6913132825062467,-0.28040404877333813,Low
0.6305544662588347,-0.0424204680536131,Medium
-0.6869559263368004,-0.22982124870428589,Low
0.28626271217600785,0.34458288460281705,High
-0.03246937082118079,0.5115068054289955,Low
1.2788634057724761,-0.2519215422134655,High
0.23407627237570994,0.4050316692742748,High
-0.13458565837682923,-0.7482116750384079,Low
-0.42050337949303623,-0.41248760285364094,Low
0.1804850756343055,0.3823207744826873,Low
0.029773612487218437,0.5077750721062028,Low
0.10737267829317876,0.4315307681040733,Low
-0.6193124217178257,-0.29884262668059025,Low
0.12273595290996475,0.4054144112393424,Low
0.03327179558045801,0.5108527089681411,Low
0.03123645954520876,0.4640602592078954,Low
-0.5967856697564118,-0.3015475778316086,Medium
1.3383016925477376,-0.273904904532552,High
-0.5388204993149553,-0.36497423886465924,Low
-0.25977314984088073,-0.49786690148049495,High
-0.36791255251587124,-0.4582091848044776,Medium
2.050652359690403,-0.9095401514662314,High
0.052683413139051116,0.42473301721966983,Low
-0.06493671465424045,-0.8021794126592152,Low
-0.5219320245038745,-0.3429350917118942,Medium
0.5022189334707148,0.013072539030044406,Low
-0.5676943856569334,-0.34940241737969036,Low
0.13902798639092195,0.4355832392420552,Medium
-0.6288001022824804,-0.30215017729163196,Low
0.1871385681051353,0.36693811707982205,Low
-0.6482982704010285,-0.2957370762333899,Low
0.06457416627151219,0.4907018051084264,Low
-0.5324936828469703,-0.39644436057257154,Low
0.13424852996055492,0.4527205178379453,Low
0.20064462478706524,0.3697267378360678,Medium
1.6886417242509537,-0.6700712402450392,High
0.09868445767828654,0.42045932814493925,Low
0.12598586278990653,0.42893438439010234,Low
0.12560752181771584,0.4141861484004987,Low
0.10301340235731604,0.45547692013530205,Low
-0.5056223093220709,-0.3811964029705901,Low
0.055685009602657154,0.46851252525146836,Low
-0.507181385456389,-0.39312362205094376,Low
-0.5406200491775125,-0.3202059867073642,Low
1.8396544791765146,-0.8192477610107798,High
0.24230769665876972,0.38879968711683266,Medium
0.17776600171034174,0.4419322811623182,Low
2.160504461107865,-0.974424606127581,High
0.11051825089475331,0.4622503131486241,Medium
0.10915209806721615,0.435448207681701,Low
-0.593971657144064,-0.30992469651525045,Low
0.26849384630862694,0.3700404694383922,Low
-0.010438095916397327,0.4835978985946684,Low
-0.03976585897132062,0.5264656585551576,Low
-0.6444363648215445,-0.25397533895399427,Low
1.7692315399994578,-0.8155240684351178,High
-0.5107511306745047,-0.4408858849791409,Low
-0.3986955142837148,-0.4257734806438078,Low
1.0309386954181619,-0.19498374410748198,High
-0.6009276530817772,-0.3200468230273472,Low
-0.11326980075236126,-0.78865392685941,Low
0.19101762754211604,0.39243979667399986,Medium
0.11811054320795489,0.42073380526256265,Low
0.02079892441197556,0.4708311606721848,Low
-0.08315357203638268,0.548098091309056,Low
1.7956652529908539,-0.8503648428334287,High
-0.370266678504394,-0.4539864247243332,High
-0.41836204266275623,-0.4152536795003113,Medium
0.5952409574329159,-0.016677138945411396,Low
0.04549501414794549,0.4689236224559433,Low
0.4256450961465439,0.2837520973831815,Medium
-0.5729377274627847,-0.3221183127742558,Low
-0.5744983043691266,-0.3171175637537834,Low
-0.6122426751201162,-0.30609675575314155,Low
-0.6215331362976236,-0.29611335349809353,Low
0.02152999731014038,0.4622025168434226,Low
-0.03971933829180618,0.4979996108894339,Low
0.21028867399115725,0.37798211749280886,Low
-0.6307334860640763,-0.3022661356248152,Low
0.25882681034064925,0.3779989653747383,Medium
1.5701493722213675,-0.6882219058033233,High
-0.593243740273817,-0.3166147156870984,Medium
-0.3822131694754143,-0.4847178576939988,Low
-0.5920738582437967,-0.30619299679901135,Low
-0.4958528559495406,-0.3957959478233483,Medium
0.03705008086217387,0.4376100690824535,Low
0.15665959014483533,0.40057168313417535,Medium
-0.05529694583188466,0.5433258846146494,Low
-0.542164597802022,-0.3576853833795938,Low
0.15464862322854112,0.4035858072066666,Medium
0.35375067248446934,0.3157659160538424,Medium
0.08879285854408497,0.4566419454415648,Low
-0.5465029002937385,-0.29987457697135045,Low
0.1321680639708922,0.4332650940392989,Medium
0.31805467160617407,0.34670030029270216,Medium
0.053886247586173774,0.4527415977710527,Low
0.27942681761850496,0.3211816370468674,High
1.8922018504567253,-0.8303056165977967,High
-0.5067894854262497,-0.3609014702774239,Low
-0.4492201821177645,-0.40868414463393593,Low
0.0648283641748103,0.46482091980960905,Low
1.8853990089086057,-0.9052866244722584,High
-0.6137220592608413,-0.32957175296221164,Low
0.3870798361709814,0.3086241312461507,Medium
0.08367780726141855,0.4434214970221658,Medium
-0.6403479896251005,-0.2536654223705106,Low
-0.0008668739091666211,0.4691482252917968,Low
-0.04943344006702277,0.5182067826809936,Low
0.08477876096165954,0.4263315163108029,Low
-0.09625632732088141,-0.804579687423898,Low
-0.07799153955448646,0.5594825568097529,Low
0.07275784103254446,0.44892330570900485,Low
-0.07620813879081167,0.5298563240120117,Low
-0.5341079127345147,-0.36536994638019205,Low
-0.6316187607716337,-0.29411882389282423,Low
0.43586925459722925,0.04027421432617523,Low
0.15772262486603594,0.410035608267031,Medium
-0.514010639801241,-0.4037927998039248,Low
2.272926679543361,-1.029607806418423,High
-0.022549361931177236,0.4633969542976186,Low
-0.3391161406265879,-0.4464455516263601,Low
0.027961047456888655,0.5063440474513266,Low
0.0444507487601028,0.4370910893090265,Low
-0.5563428010402015,-0.32947400591052756,Low
-0.45394266045471715,-0.3922400599365109,Medium
0.42928047904869904,0.039803739714062425,Low
-0.6052894511893894,-0.3093480500630028,Low
-0.5788473085437846,-0.35739965534417806,Low
-0.4677388760848241,-0.39031109250336415,Medium
-0.6832049249920071,-0.2536719362787912,Low
-0.08276686750627271,-0.7882114276409661,Low
-0.04125411608109175,0.5502633854228672,Low
1.0037892683760103,-0.3260799389936537,Medium
-0.6245776097002511,-0.2978177707329239,Low
0.32296625790790134,0.34370418629189337,Low
0.18218959099950627,0.38571768212545,Medium
0.03240160913397472,0.49810534303719434,Low
-0.5088176204385456,-0.3754861336676074,Low
1.7131108984658245,-0.7810574003307839,High
1.9823278106337854,-0.925532207825513,High
-0.5099699728008582,-0.4370245202449218,Low
-0.36271674762751077,-0.46594186677881777,Low
-0.1184151162626173,-0.7650657042003394,Low
0.1869383374475797,0.40236302410435043,Medium
0.2673670126960166,0.33166476142112183,High
1.282811634336448,-0.2764102608981757,High
0.35603863734208496,0.2933173864288579,High
0.1449750854385059,0.4091640946099666,Low
0.23464299325129057,0.3558899236345693,Medium
0.031645166437472394,0.4791398623009998,Medium
0.04068941944711413,0.4358681994818453,Low
-0.5514810975260679,-0.3466172683238906,Low
0.1381225165614458,0.41951275601386306,Medium
0.044477793647499986,0.5049942086958571,Medium
-0.5952943235261317,-0.3119002535296459,Low
-0.12592352931301976,-0.7644723942039254,Low
0.1576893655109738,0.3890116973006542,Medium
-0.6453948577037928,-0.31025911205059864,Low
-0.5098837662132839,-0.34841948198551664,Low
0.3030011708519956,0.32831860492177856,Medium
0.3390607127950308,0.3562789298520245,High
1.0573268373650908,-0.1663461919751023,High
0.23839929774808133,0.39707758446450825,Medium
0.7738320371844296,-0.0806425991346581,Low
1.6494211179671427,-0.5766733896858385,High
0.10603110927138804,0.4082210604697576,Low
-0.4856217016323895,-0.40200789479374044,Low
-0.5876820404608472,-0.31414425958346565,Low
0.008656540769609533,0.5132563955562872,Low
-0.12938056506769458,0.586668222278918,Low
-0.5619607490405523,-0.32792122045369904,Low
0.12578159012018408,0.4607598364951616,Low
2.0897921040879845,-0.9354539018113756,High
-0.10463724133874042,0.5673578305125153,Low
0.10926851459759823,0.4357726032423015,Low
0.10817207849346944,0.4384529151812778,Low
0.0840456569906291,0.45539374246398556,Low
0.08407804383209488,0.43940510788952525,Low
0.2133836101445834,0.40690732346327074,Medium
-0.020922075219041936,0.5065222019691472,Low
-0.17005517872621673,-0.7189478525337338,Low
-0.5380078508927266,-0.35593058828644164,Low
-0.5921684842207484,-0.3228470425948724,Low
0.018302147487952003,-0.8453689765854878,Low
0.03815357713634043,0.4961405673730298,Low
0.29897862078705706,0.339807660775188,Medium
-0.014026472358480202,-0.8102596488962225,Medium
-0.5275356689496935,-0.3336030247627757,Low
1.5957269724603338,-0.6385143054086004,High
1.5383957270619442,-0.636217098587033,High
0.08035524685091405,0.47228031343776833,Low
-0.4501307407245311,-0.3906201516369565,Low
-0.5164100338686014,-0.35174644806645816,Low
0.3761193124409654,0.2924684441023119,Medium
0.5536973109570006,-0.00022742196216790633,Low
0.11248709702430526,0.43096801375117066,Medium
-0.5083697229355655,-0.3708030770659544,Low
0.017388697741416992,0.48469512937967196,Low
-0.5298692760637673,-0.37914507158289534,Low
-0.493678065108746,-0.39074169160554795,Low
0.04501530131423992,0.4620284820431959,Low
0.09772778120448466,0.41764000195238515,Low
-0.6532478059853519,-0.2793428483377194,Low
0.28721607441667574,0.37266931480596444,High
-0.5001346759330483,-0.3645495685522887,Low
-0.6810475514401029,-0.22631699830659707,Low
-0.4329274703588551,-0.41823872603144063,Low
-0.305756965224432,-0.47775118910424286,High
-0.5265848632412699,-0.3640805018026362,Low
-0.45870942472336734,-0.3503432005498765,Medium
-0.48755028251458365,-0.42196148268741474,Low
0.44543080605401664,0.04678242343110722,Low
-0.6003739080970791,-0.30679860766771094,Low
-0.45769598633304176,-0.4299585755939532,Low
0.3389257770814158,0.34034533684119206,Medium
-0.020443972520396092,0.4691460661560093,Low
-0.55408052285714,-0.3314765349603759,Low
-0.4521403653522586,-0.39757333454878596,Medium
1.217934065848311,-0.4238907411683898,High
-0.14239620088389632,-0.7602300136863388,Low
0.09994948631390366,0.4660614401623735,Low
-0.5495642072450998,-0.3814839096124404,Low
-0.6354664658133793,-0.260460906944113,Low
0.5228114692502444,0.014179812960483373,Low
-0.06436371476342462,0.5306926328303306,Low
0.2099224251021391,0.42082609828573947,Medium
0.08646961364797046,0.43897344283947537,Low
-0.06477628745521274,-0.8483609378825475,Low
0.15408098280607296,0.4206084994145307,Low
-0.5872181216960484,-0.35240710848735274,Low
0.07601456239223897,0.4416615366975748,Low
0.35015533477400507,0.2999550567744734,Medium
1.7249237995295326,-0.6118561248899397,High
0.06145458030860279,0.4488342106693969,Low
2.284842057927449,-1.0448281404388848,High
1.5128629660478736,-0.6470722829616504,High
-0.5374900972364305,-0.333689137419251,Low
-0.31395213055411036,-0.4870245046072121,Medium
-0.42675340033467224,-0.4096145392465246,Medium
-0.5399733887863657,-0.3594873041781947,Low
0.2739545561922595,0.3515664244606208,Medium
-0.3615896138033935,-0.4436533810245292,High
-0.5475648001193748,-0.33500600466982156,Low
0.21172650069738919,0.38163582301342613,Medium
0.2717671512531282,0.35989084323961573,Medium
0.07394448222733135,0.4630030171865389,Low
-0.5865356463501319,-0.3119514226622215,Low
-0.6124013568932184,-0.3331013644596562,Low
-0.6000656212481245,-0.3103266870999071,Low
-0.05896350164995956,-0.8497225476756501,Low
-0.5852332770455044,-0.34763148750088413,Low
1.5249574364163838,-0.6393175545514413,High
-0.5753015719054478,-0.31109257939563084,Low
-0.5579679361607996,-0.3374073963398697,Low
1.0385529300249614,-0.3511721543813256,Medium
-0.015988325060950992,-0.6946791835196279,High
-0.6441718167091919,-0.2778740438586558,Low
-0.045503553889655435,0.519801186846046,Low
0.3523639741882125,0.352865335751675,High
-0.035683678053013757,0.5030624581189155,Low
0.3597764732013684,0.33392197582616484,High
0.07227704505350663,0.4069830361926883,Low
-0.3690104672795467,-0.3953451870147027,High
0.13375851399797833,0.4170656211766647,Medium
0.5009580350807032,0.055331766246189906,Low
-0.3393437854519232,-0.4439148978851515,High
-0.24651032207399548,-0.5478950959421971,High
-0.03182832458919144,-0.8153498010599398,Low
0.10593176529446668,0.47172567019778144,Low
0.2949947723463875,0.34182763076637623,Medium
0.004101100133378555,0.5069895773684119,Low
-0.6961760064734065,-0.23217596699881188,Low
1.7863888798634597,-0.8196526899162918,High
-0.4291760172208636,-0.40200748850238033,Medium
0.19893602393511833,0.38367522599483084,Low
0.13834055038634296,0.4017241313140959,Low
-0.5931862857547121,-0.31210248218151226,Low
0.3127535454503927,0.3649664302539579,Medium
0.3371634115546397,0.2985374305023051,Medium
-0.638227693516912,-0.27273908858581575,Low
0.32651221246736695,0.32453452840160346,Medium
-0.6014113705328564,-0.3453725613318645,Low
2.048222187709327,-0.8495748323516413,High
0.2609501390801454,0.3765930327093592,Low
0.2476291474253013,0.40899136754257226,Medium
-0.5557114584204169,-0.30509450410129724,Low
-0.4859331651096677,-0.3890900999909208,Low
-0.02388970295935189,0.4993312561900589,Low
0.2615348391961594,0.3416055525800893,High
0.06017735921974504,0.4281061635209177,Low
0.24155724165599934,0.36868059820468957,Medium
-0.5047189983724154,-0.36340474903876796,Low
0.31056089585399915,0.3331726634092512,Medium
-0.44039536853028277,-0.4298623671153916,Medium
0.13429109654057902,-0.8717321149443148,High
0.0458658264654363,0.503244834917078,Low
0.31196159461162687,0.3253265215517876,Medium
-0.2150970021285929,-0.5331626390642255,High
0.05179954677465981,0.5127476613623885,Low
-0.4377192662384525,-0.40573762415893533,Medium
0.07534306396378598,0.4378461233300661,Low
-0.46441903765565384,-0.4282230021603932,Low
-0.551058281309564,-0.32126896389875836,Low
0.22658960256401295,0.39984678896616166,Medium
0.34339414838577853,0.3087725776755942,Medium
-0.5588783713165625,-0.373745571425071,Low
0.04863153898330319,0.5017797699412229,Low
-0.038147993414106296,0.5266595643043217,Low
-0.5496578427339796,-0.3370092557170119,Low
-0.5487808202320827,-0.35137985643668934,Low
-0.5874155323723487,-0.36422628812069996,Low
-0.5202579187831237,-0.37526031328065285,Low
-0.6148148318849996,-0.3532148403602977,Low
0.18994221883794704,0.4363296470886978,Medium
-0.6488375527660029,-0.2865865077133394,Low
0.020263520149019054,0.48799286067107983,Low
0.07627792954005508,0.45260314893699494,Low
-0.5286866717368537,-0.31993407722565914,Medium
1.629935771996667,-0.5974770346356733,High
0.12602106385107903,0.4664198490943917,Low
0.15782530390242844,0.39489337051644546,Low
-0.40441897518858383,-0.4446704769046288,Low
-0.5114853297697847,-0.37026951179524936,Low
-0.6181307093924757,-0.2842542163961557,Low
0.009654935620688532,0.5063634247996185,Low
-0.5434631910057468,-0.34886544335155256,Low
1.8973100003979433,-0.8873125267120064,High
-0.576758921378265,-0.3604144157595787,Low
0.30275677696667946,0.4083330877665873,Medium
-0.03541115118621313,0.5121501687662418,Low
-0.45403467582901474,-0.4105787398938632,Low
-0.5545164270432779,-0.3510218467751123,Low
0.09553930329365046,0.4360917125847855,Low
0.3314152875726861,0.3290301483939601,Medium
0.06341804943502921,0.46554861580863016,Low
0.08738010887889947,0.43164914171034996,Low
-0.33104470260630187,-0.4681256722501447,High
-0.634831346102823,-0.30367690599215164,Low
-0.32017041681379343,-0.4629646101756473,High
-0.0076421875008716444,0.48568952713925617,Low
-0.5279085411342747,-0.4044929919944538,Low
-0.5087041219881234,-0.3575710245338677,Low
0.30721275780365276,0.35439640323995536,Medium
0.12068384614124006,0.4106671789401385,Low
-0.5128734187555304,-0.42455672645288817,Low
-0.48915054258095575,-0.37253871285092094,Low
0.24326675137414422,0.3679432674282007,High
0.08827241627730159,0.4312828938466835,Low
1.348789684002645,-0.430425009032881,High
-0.0656117828242343,0.526158299073599,Low
0.15112475588764607,0.42001801187238685,Low
0.0736917192924863,0.447960683794592,Medium
-0.641614477559131,-0.2833352421391523,Low
1.0750098703611097,-0.3752594987095455,Medium
1.5365039993917449,-0.5923169177767642,High
0.4225279440585179,0.3528007467444988,Medium
2.1062257750053845,-0.9017764007720437,High
0.03964510928959297,0.46060280891934535,Low
-0.5123207014686413,-0.3758761017191463,Low
-0.5507317925977591,-0.31304566729997346,Low
0.29753697183772276,0.38199314045662003,High
-0.47497062191075745,-0.4151198323159226,Low
0.03675393507587299,0.4557990604248464,Low
-0.4670906201291003,-0.37654938699968443,Medium
0.08889909990433242,0.4516462736429957,Low
0.2786323743787743,0.36057182783465647,Medium
0.18273140366934282,0.41655796084518726,Medium
0.22686523214963983,0.3622259880780786,Medium
0.029284717109104297,0.4979144863610665,Low
0.04768414946475419,0.48380708276924467,Low
-0.5966992474384576,-0.3105507091524935,Low
-0.6219392745391908,-0.2901186921633818,Low
-0.5396561962811837,-0.34909718294105807,Low
0.7472093887660791,-0.07812319320152922,Medium
1.4469603817160948,-0.42520430511224355,High
-0.577597581180291,-0.3042776376433969,Low
-0.5901686003011126,-0.27681691025684996,Low
-0.5338627238732944,-0.33516542754725176,Low
-0.05660587959381247,0.5290977080903938,Low
0.11699604388893248,0.43341699150243285,Low
0.09312891825106029,0.4359042411491174,Low
0.25551984031084785,0.39870022532476235,Medium
-0.08366069812237836,0.5621889287551951,Low
0.02349207939792708,0.46979250543224005,Low
0.1858872411623873,0.40135185216906255,Medium
-0.5098763881104399,-0.34082580741487295,Low
1.082027401476733,-0.3247599579315586,Medium
0.23874238864315578,0.36561875979013225,Medium
0.07764280435121707,0.414812207033847,Low
0.08935544931407524,0.42410666967566846,Medium
0.0076260860763560645,0.4868079619191844,Low
0.04837623280316844,0.451395876823131,Low
-0.027381453597112526,0.5344446429664703,Low
0.17914048415799044,0.3687915498111839,Medium
-0.6160482143221713,-0.31490332675308774,Low
2.047457150280157,-0.8856309775970035,High
-0.058300051569053934,0.5110620852962786,Low
0.1872425233645305,0.3803821443426084,Low
1.904727229955544,-0.7496060304261886,High
-0.03784605609566066,0.49145866664113946,Low
0.12761987350668458,0.4690839976331066,Low
0.176806613093917,0.3780095497556283,Medium
-0.6165192074426834,-0.2982973313525734,Low
-0.6257680819464377,-0.2518337993135426,Low
0.27412970703476514,0.3416519920274679,Medium
0.02872002939301649,0.4619964881585885,Low
0.14755796229219043,0.44236419587005105,Medium
0.6025236203060966,-0.02707389817656164,Medium
-0.4131250589462604,-0.40411482288103706,Medium
0.3201738413085413,0.3437324842321917,Medium
0.0381208997460048,0.4732783327180028,Medium
0.07054412194895227,0.4864825417696136,Low
0.03236565150731341,0.4846075836414966,Low
0.01651735636043694,0.47490281895856123,Low
0.02417628894378021,0.4632131633814064,Low
-0.610163348597433,-0.31705809688408637,Low
-0.48937864695736644,-0.34112726021211504,Medium
-0.7001474602675256,-0.2519948720145493,Low
0.5770551629821435,-0.016030904360036125,Low
0.011654432957195704,0.47746391951555855,Low
0.1541374206824615,0.39319491353357294,Medium
-0.028879844342593497,0.5153099454121324,Low
-0.5545079900880333,-0.33735070314735977,Low
-0.39934249932534377,-0.4078866442366478,Medium
0.12361307754978967,0.46029244817955217,Low
0.10473553179013528,0.48167262514679143,Low
0.410524598118833,0.3076268616975263,High
-0.039361432074177194,0.5186735029368299,Low
0.10290063501235114,0.4712803959493873,Low
0.3167711276102776,0.3215810387578814,Medium
-0.04353846242267462,0.530931163360142,Low
0.33988101790533,0.3139839685400713,High
1.3886612560441456,-0.42747850876797505,High
0.0626046106721268,0.4764649679544173,Low
-0.34991344928187057,-0.45446086304471706,Medium
-0.5652372525154019,-0.35452824572249775,Low
-0.4830052723552931,-0.3822738473969396,Medium
0.3481429428364575,0.34209329006768996,Medium
0.045423243689630854,0.44585899415500385,Medium
0.04765978114089864,-0.8442360725494039,Medium
-0.07305185892597432,0.5293226268859064,Low
1.6498806622451323,-0.6336295566961431,High
-0.5367377925869499,-0.40206369845924184,Low
0.5116225657893411,0.03609470537579168,Low
0.25855605472164267,0.3555772415236572,Medium
-0.006358637590746119,0.5000020854973197,Low
-0.5472965150226514,-0.3585623227456348,Medium
0.13977742468024656,0.4335932852346124,Medium
0.15164164006026404,0.40024191887205507,Low
0.028919978510813737,0.5164524869643232,Low
0.24863057427398805,0.3968704434882837,Low
-0.05993575485674202,0.5282912024116924,Low
0.154178604947263,0.4039745247361848,Low
-0.5715683097650308,-0.32691198423621326,Low
0.05945127313534121,0.4515555292985466,Low
-0.6259842775795685,-0.3152337367075637,Low
-0.3549651706192497,-0.4231506251250478,High
0.20436586133172763,0.37491222052006046,Medium
-0.5915093733255611,-0.31366722049532425,Low
-0.6419827430164227,-0.2901610178253794,Low
1.68605133783371,-0.7422670124878165,High
2.0907237859368175,-0.9132220688028118,High
2.0870169400247525,-0.9199366542991319,High
0.26178541594462446,0.32738422053056354,Medium
-0.04749766344801226,-0.7989342635956868,Low
0.28414063616898644,0.35228450926171606,Medium
-0.5620368636465771,-0.3521802975999343,Low
-0.6344800656356284,-0.26674380313338686,Low
0.1794635288683465,0.38897917804552085,Medium
0.0032523016063704113,0.4948176461449961,Low
0.05553073653027735,0.47007409827498836,Low
-0.31342856951047127,-0.5219817282838269,High
-0.54528398555587,-0.3658365402844844,Low
-0.543425337785257,-0.36660387912534986,Low
-0.46844321623009894,-0.3634292066954366,Medium
-0.6247979540626059,-0.28072292848751906,Low
0.08815964558438544,0.4699624547047735,Low
0.1778075233515395,0.4033619781823782,Medium
0.08215689693356909,0.44259613919826835,Low
-0.6480662991702796,-0.24701777851244477,Low
0.0648597016419209,0.4576142901178951,Low
-0.3899158441038716,-0.4471204790054564,Medium
0.0873408191979278,0.44982943278343834,Low
-0.5633375528156546,-0.3556608673772514,Low
-0.00019981789314660325,0.4995173042046145,Low
0.03641890476914866,0.45279539351945974,Low
1.6750039547774673,-0.6771282938894411,High
-0.5565542491929922,-0.35261545922653537,Low
0.15450668689472957,0.45060490802940656,Low
-0.5484352800985643,-0.35517472395740607,Low
-0.6111464607366495,-0.29181611492708287,Low
0.16888958113800068,0.41935329217016426,Low
0.14595010195092428,0.38689205060633103,Low
-0.028277513861429626,0.5090466692295089,Low
0.3750431136516167,0.2908940061727038,Medium
-0.48549935024435587,-0.38038803511362557,Medium
0.1510959359177808,0.38158771242471956,Low
-0.4062341245566861,-0.4283350378496554,Medium
-0.5757401165761811,-0.30337037440336084,Low
0.3017074591685287,0.31949029211102575,High
-0.6404516275612661,-0.3212834407487597,Low
-0.5828940821738826,-0.33099065707925895,Low
-0.5347747352635632,-0.37979297902921216,Low
-0.6127336807871891,-0.31101233904432624,Medium
-0.5645178691331509,-0.35382339111823136,Low
2.1397878609552103,-0.9471084235624005,High
0.16658390898525444,0.418098460954032,Medium
0.11436051676060266,0.43411780188343874,Low
0.46646738066823845,0.037288495919053866,Medium
-0.4562957632905739,-0.3741628909126128,Medium
0.060324633882373024,0.44266870375716316,Low
-0.14457487619712617,-0.7427671593346543,Low
0.16389836224794063,0.42952650199115017,Low
0.5964958100885684,-0.00896929685627551,Low
0.19472236729064907,0.385939682955044,Low
-0.32889594770153296,-0.4739297840109887,High
-0.003557315454934873,0.5366768390948645,Medium
0.045433993122667826,0.45812999349176076,Low
-0.5804269054735356,-0.3038707719776209,Low
0.1643126757873664,0.4061587983712257,Low
0.6076543660344982,-0.026814654121798454,Medium
-0.6086625676621316,-0.30574832462819806,Low
0.05687165769584429,0.44097316928805974,Low
-0.531072414289982,-0.395890541395877,Low
0.18026681009424628,0.39686528746386085,Low
-0.020126993516298763,0.47447587935085234,Low
-0.07385822718797275,0.5581246189997172,Low
-0.04880739901139031,0.5004450903387173,Low
0.03356062672704074,0.5124790176445349,Low
0.00047213972521120695,0.487771470224719,Low
-0.551797352288055,-0.36181629645429936,Low
0.052472123761474254,0.4546161190491781,Low
0.18322166661364891,0.37596498366007725,Low
-0.5501761663859411,-0.39507808820714474,Low
-0.5728712562427234,-0.284600140651222,Low
-0.7321584260400739,-0.2194990660036658,Low
-0.4417833827611847,-0.40525636442615387,Low
0.19166733011693415,0.3770963430240719,High
-0.05039776656406414,0.5322018206363568,Low
-0.5739910069459879,-0.28609916088207676,Low
-0.054496921534283094,0.5349968456064951,Low
-0.393960632483132,-0.41145504357126494,Medium
0.03152521457783508,0.44638023104151137,Low
-0.49432494176271674,-0.3943735352061091,Low
0.5770303821014189,-0.001324479539339618,Low
0.24180673449541867,0.3935097772561459,Medium
0.3152688580009366,0.33027883096591554,Medium
0.3242173994336859,0.33376117890506346,Medium
0.44184185198377224,0.2861142627100288,High
-0.5026673937876026,-0.35257494729785144,Medium
-0.39948083164679066,-0.437675308934535,Low
-0.5664856166339793,-0.334727261981827,Low
-0.5157860641029323,-0.34004630994760066,Low
0.009703290526331565,0.477921047663989,Low
0.06904069940915702,0.4561621642856134,Low
-0.04664296151573466,0.4956050218658866,Low
-0.6426880882872467,-0.2782542518984634,Low
-0.5437954496982436,-0.3441805044078433,Low
-0.5937970133642639,-0.33842096589023285,Low
-0.567882247284675,-0.3502493763589575,Low
0.1324273236288278,0.38265541721644514,Low
-0.5233077527892732,-0.4143356458336814,Low
-0.0411769709202876,0.5049650159708976,Low
0.04345163328151036,0.44436413710364175,Low
-0.47785059665593466,-0.3767009464805934,Low
-0.5381736510615831,-0.35342950040892307,Low
0.06590353368741314,0.49014471207664156,Medium
-0.05176438430475877,0.505470847908516,Low
0.23713795451072261,0.43499239470453677,Medium
-0.5435722181628682,-0.3608925893753909,Low
-0.5495518053137634,-0.3329817313250315,Low
0.0338462336418317,0.4634633459265186,Low
-0.5205577810521965,-0.3770291356018908,Low
0.2419390243820123,0.3550354606473084,High
-0.6492957493064271,-0.27916467675115103,Low
0.27562869782648913,0.3488863723325565,Medium
-0.0200031465374943,0.4959832703811652,Low
-0.6297706536674257,-0.26269736607051936,Low
-0.6352514533269753,-0.2769711228880224,Low
0.2977912242709153,0.36780407322973807,Medium
0.28429280027631754,0.3518809300547078,High
1.532165361349746,-0.5500326585120698,High
-0.4496166768077114,-0.4059291575255585,Low
-0.5550978678941441,-0.3245726026258372,Low
0.3475367573143012,0.30652720404545347,High
0.014064039778194037,0.4671310201010348,Low
0.3369932705552213,0.36283143198937773,Medium
-0.02453710204427706,0.4767352180021953,Low
-0.5508152994045554,-0.31988021933922833,Low
0.1593482777492332,0.464554724930608,Low
0.04586864203208285,0.4387693711486287,Low
-0.5080389695288505,-0.3837676024463249,Low
0.14182585749481347,0.401840222257961,Low
-0.5172599942997825,-0.37528265929973575,Low
0.1823953326004284,0.4187229166038511,Medium
0.0059049700632810564,0.5250668857611892,Low
-0.5331732442564474,-0.3716794748966226,Low
1.0379881578310652,-0.32550878626859187,High
0.42002046951625993,0.05625248355561824,Low
-0.5969207544879677,-0.31722985917525476,Low
-0.04020661572470918,0.5183352275967672,Low
0.0012769363726997662,0.504868957139318,Low
-0.006274314065288555,0.5252844379548369,Low
0.008582276682867984,0.49551190882942187,Low
1.7721218010918156,-0.8222549618782339,High
-0.02049379212481789,0.49549553313536143,Low
-0.5250746986674324,-0.37777056137999976,Low
0.20747988732067624,0.4088908060189883,Low
-0.5622254655308137,-0.3465118063954654,Low
-0.10563020727784678,-0.7678840018659409,Low
0.3938029642705908,0.062067729324513266,Low
0.14197411356164658,0.4104091214072415,Low
0.862084587708382,-0.21180845383920988,High
-0.5714924253162735,-0.33958988327655937,Low
-0.6126762881468499,-0.2883959432658231,Low
-0.6078076823284373,-0.287788737224854,Medium
0.003677493330993209,0.44821042926618615,Low
-0.5034793640516909,-0.39136770402664706,Low
0.2942886329616079,0.3431639114116528,Medium
-0.08847039894957676,0.5439500768478168,Low
0.05261303874608514,0.46595448374425286,Low
0.15300579477805165,0.3935881596971479,Medium
1.6364161887197166,-0.6905418165357246,High
0.07394523538627246,0.4686869063036331,Low
0.21626580244716842,0.38164274449107405,Low
0.14031842291292185,0.42495184685432785,Low
0.3149216338268428,0.29844970294281276,Medium
0.039884195804473443,0.4702560445048133,Low
0.30008741377878145,0.35337903298931705,Medium
-0.5169101643749425,-0.3585758620017707,Low
0.10039673690238266,0.4175406991736199,Low
-0.13505248467200637,-0.7599800890656737,Low
-0.5674019890736707,-0.3424439972204726,Low
0.8144809253421303,-0.11050509182325219,Medium
0.10851432414571094,0.4288769482565884,Low
0.1601220654026141,0.4121150874169387,Low
-0.600013331060915,-0.3169778205699627,Low
-0.5663883461940644,-0.3435664633745704,Low
0.26294553255187836,0.348263190215396,Medium
0.5053942874372531,0.031415569903505525,Low
-0.5757198326225478,-0.32902349812580994,Low
0.30169642457549295,0.36077932845473115,Medium
0.15898682398515396,0.36528840498625315,Low
1.7230675767084997,-0.6854589914106263,High
1.2581431196746415,-0.3808337234820434,High
0.06443024792543,0.43486880127988103,Low
0.1160504820016609,0.4230641732528565,Low
-0.527068622108107,-0.3931369750133298,Low
0.03885052059764965,0.46294546460543917,Low
-0.5460119496578077,-0.3657105567549718,Low
-0.03378180451086721,0.529554859750922,Low
1.1146678335410776,-0.42278200508160974,Medium
1.832471129108647,-0.8058430147482392,High
-0.3834146790026467,-0.49317130584510643,Medium
0.005138876216138677,-0.8647666476213577,Low
-0.5596184936585853,-0.34193098923594983,Low
0.058827870218882694,0.4337890479495533,Low
-0.650274818981465,-0.2536668251271562,Low
-0.4569956449837549,-0.3772511584233075,Medium
0.22648436469432964,0.3765106231109373,Medium
0.04573309739774051,0.4425255766006534,Low
0.009192239944360026,0.4960082798971778,Low
0.0999833449875982,0.41567450525978744,Low
0.27905579839299177,0.3506451926982025,Medium
-0.6129020246565758,-0.32184852445797596,Low
-0.4306375448672065,-0.4720669702326128,Low
-0.6073787097021172,-0.29891946643231637,Low
-0.014079579705836953,0.49305940959344263,Low
-0.08136735282412988,0.5557848241807052,Low
0.04748447469526096,0.4563985483360222,Low
-0.5803774044105423,-0.3345893927491275,Low
-0.6237042418812142,-0.29019586839022693,Low
0.09887756725757957,0.43648020113064323,Low
-0.023764759874594532,0.467388829992301,Low
0.2875685600451614,0.35497246751272227,Medium
-0.5834126021722021,-0.34492201336203593,Low
0.2342544553703444,0.3635017441270273,Medium
0.21442025906264728,0.39707824195915153,Medium
0.11020950858521683,0.4619429408760555,Medium
-0.479491681383283,-0.3859298143814248,Medium
0.3435753582003963,0.32836226073898966,High
0.3401789256500811,0.28034937406759197,High
0.09860365142153871,0.407502341023839,Low
0.053184246939453284,0.4623501946585923,Low
0.4006711142896089,0.3061523891627422,High
-0.0048542102900526185,0.48733258120934486,Low
0.10278085377881907,0.43139180314126047,Low
0.33397241111498566,0.32166378569715814,Medium
0.14289456368890996,0.4497081653661579,Low
-0.662392771014481,-0.2508194218442822,Low
-0.5920386803152707,-0.28335029164603315,Low
-0.004963583438825359,-0.7216732108118205,High
0.14102963108277689,0.40335487914445733,Medium
0.06422947041332117,0.46517091569524505,Low
0.04006647240366551,0.47339187300230445,Low
-0.499850593053107,-0.3655258346667266,Low
0.013626814621609473,0.5032242824149965,Low
0.3585412018122135,0.29762683704318116,Medium
-0.0433069759267678,0.5255396510118944,Low
0.301582672435615,0.31588278146979465,Medium
0.05020585643316422,0.47876476472560037,Low
0.20962207913291198,0.3986787960451921,Medium
-0.05672696995980753,0.5193488400040202,Low
-0.5620720349733129,-0.3312619123054834,Low
-0.40172572302027393,-0.39662839365164837,High
0.10140237027375143,0.45104570053148263,Low
0.2861319966517898,0.3639712754738693,Medium
0.03363461812254864,0.48988591410532845,Low
0.18675214478725466,0.4004790981915506,Medium
-0.666732315892271,-0.2496025041444807,Low
0.27148057347379906,0.3366740889905893,High
-0.6054378399944056,-0.320373478227729,Medium
0.6690289486141432,-0.06503300318984379,Medium
-0.6743023483167573,-0.25575911159367093,Low
-0.4348431374347544,-0.4034792733290229,Medium
-0.4002707295539015,-0.4232446640145172,Medium
-0.5879190471813667,-0.36609484297662087,Low
0.020509122124565127,0.4967318591073303,Low
1.93544043103238,-0.9653964834121475,High
0.6500000968668369,-0.024824587896230155,Medium
0.23560126499452794,0.3166437882239307,Medium
-0.06562334760375954,0.5541922119427908,Low
-0.5144735676363162,-0.35969846619628704,Low
0.4023439265654143,0.07301969800296876,Low
0.09828506772307372,0.4425539400408668,Low
0.06656200887503616,0.4443204971596776,Low
-0.4827498054017544,-0.3881111932525544,Low
1.0909654782638063,-0.1613779747539248,High
-0.04390667755220756,0.5590101972561149,Low
0.3200174810840337,0.31868136924283735,Medium
-0.5929636164739037,-0.2707261271913015,Low
-0.5741937427936937,-0.3309495884059024,Low
-0.5509689293214507,-0.36336200279915565,Low
-0.6515996685615406,-0.2746348102866615,Low
-0.02474015364354376,0.5215480013426745,Low
0.18748246614570407,0.37280987042828473,Low
-0.586670502478321,-0.373179173889346,Low
0.0340957825878373,0.48801191119667564,Low
-0.5223955063913738,-0.38576566666742007,Low
-0.5140014168976196,-0.4066958046923551,Low
0.00449327741485861,0.47699581571034977,Low
-0.036762400356670055,0.509670060480919,Low
-0.6243263762438098,-0.30510205963555165,Low
-0.5877542649406307,-0.3128312613237684,Low
1.35115747580013,-0.43306040455780886,High
0.10132420885036308,0.3972619194155127,Medium
-0.04197261564477206,0.5367924975844871,Low
2.21823357319691,-1.0140694696941708,High
-0.6360367237575345,-0.3214180756375199,Low
0.1819149888652538,0.4055574311752548,Low
0.3334661157044604,0.3491471123094695,Medium
-0.027930093848706927,0.5415241578674937,Low
-0.5471719927775576,-0.379040309485813,Low
2.1373056735486022,-0.9343547512901119,High
-0.5301669359359171,-0.3730341571161604,Low
-0.4788622696232999,-0.3710128635906651,Low
0.049579768516298695,0.4565435693481691,Low
-0.550111999263343,-0.38333071050339235,Low
0.10166336781918017,0.4737751609894444,Low
0.08131170270683913,0.42304384780098425,Low
-0.04691027212132304,0.5517368394565013,Low
0.335785399715833,0.35161352457374717,High
0.20665856762276114,0.4277487238366584,Medium
0.013464657502521848,0.4607064108409278,Low
0.10861980408097271,0.4464036148239562,Low
0.09283186540186289,0.4469850747690661,Low
-0.6728349709250814,-0.23651428475699204,Low
0.005558429247937646,0.481080823641327,Medium
0.21667605418404112,0.4158330856928598,Medium
0.07304796276370507,0.4518852446835818,Low
0.14406037175533337,0.43677289038184375,Medium
0.09896734077412828,0.4129377796311865,Low
-0.6688569488451274,-0.23114813737600898,Low
0.09551370938137083,0.43950729895430696,Medium
1.009025970469913,-0.3129817357774586,High
0.01690845778068234,0.5036618204323378,Low
0.1073148891586928,0.4657603243598264,Low
-0.49279448631745665,-0.37152334256279906,Low
-0.5290329533686071,-0.3348290737450518,Low
0.00027917006863359406,0.5002153120044247,Low
-0.49271131238521837,-0.3399296892348944,Medium
0.4382215881667084,0.03785421524105409,Low
0.30752582190753175,0.36350061087308205,Medium
-0.11011600003398497,0.5633132966893575,Low
0.05067346796641481,0.43754560136687937,Low
1.9484175769211796,-0.7952768345205168,High
0.06795072190817664,0.4603877133774834,Low
-0.4348775583392223,-0.353305302910647,Medium
0.08985521131859292,0.4374032435649716,Low
-0.3529262888241269,-0.45006673680350934,Medium
-0.658185030929199,-0.25414284004352494,Low
0.499348892599619,0.03894013023511539,Low
0.08457853107755292,0.4717918848354832,Low
-0.4724525280507286,-0.40587389080958347,Low
-0.5438830612222897,-0.39827589199229163,Low
-0.4136323270351637,-0.39996414150764775,High
0.05848078456328959,0.41792243674340734,Low
0.06588019315263749,0.4692464212621752,Low
0.24303197489933304,0.40925874391653494,High
-0.5048510718096959,-0.36013425869637006,Medium
-0.5519358508530333,-0.3453810433319497,Low
-0.04408155907604844,0.5197360150395663,Low
1.4352478803158644,-0.5265964534956089,High
0.40676327405350543,0.2904615562628425,Medium
-0.32939391518620387,-0.48638151022923276,Medium
-0.42533278464738233,-0.3729922967216819,Medium
0.06661828298803774,0.435494174547301,Low
0.3621889790915307,0.3071320716590004,High
-0.10001136502123426,0.5855785758334312,Low
-0.42941799809993997,-0.4321791159413704,Low
-0.5946061834038934,-0.3156848910289851,Low
-0.017650182679733117,0.48601440795837203,Low
0.22267673741405802,0.40182272993826784,Low
0.03979720846181295,0.4827731784286945,Low
0.2616505696938467,0.35245767695455454,Medium
-0.54479920333399,-0.3030067292692423,Medium
-0.3801289252247006,-0.4290958150568213,Medium
0.5003823199015969,0.03454479542407224,Low
1.808792681072793,-0.8194440983224341,High
-0.027934129532106833,0.5209985992671932,Low
-0.5371031950718627,-0.3205366751009117,Low
0.12147798914610375,0.431206043205267,Low
-0.6263378473336403,-0.2964871420275622,Low
-0.40373084019071637,-0.4195615694596331,Medium
-0.006649383173305434,0.46777557852826446,Low
-0.5283784705623533,-0.38917729222933106,Low
0.21818019878809614,0.40313932116618445,High
0.12691550861776024,0.40628076259967083,Low
-0.4650780789159654,-0.41388621488979316,Low
0.26213418339222305,0.3636972519568854,Medium
2.097867357106554,-0.9096925219827889,High
0.17710415207100194,0.4311506484533959,Low
-0.47856728044491753,-0.3818899018599963,Low
-0.05079597235891875,-0.8058080685841017,Low
0.17621335434839813,0.4181914938680923,Medium
-0.5478814080239331,-0.3750420643284891,Low
-0.5095273492638567,-0.34237721832624174,Low
0.10764274186478384,0.432932267344458,Low
-0.6061106612047771,-0.2697491378919776,Low
0.0011156451757931007,0.494663362012022,Low
1.8594428719738672,-0.8168671753786954,High
-0.005482045146317449,0.49883899030737133,Low
-0.54598081602642,-0.34037357244418764,Low
-0.5513719001746347,-0.31774945770726354,Low
1.9834328421142449,-0.8975130474668966,High
0.22051223168376288,0.37489130279816474,Medium
0.2421163547999824,0.3919160687083926,High
-0.5539433198168076,-0.32948523928313445,Low
-0.5453001425875033,-0.36140227263029595,Low
0.2036515103945742,0.3954841636102301,Medium
0.06916029283970987,0.43825004149532576,Low
0.28280408144739533,0.3589687797013953,Medium
-0.5910112939860825,-0.32137774942142144,Low
-0.17114693189334262,-0.5730657209793194,High
0.22565988598181408,0.3790252754192691,High
-0.6201394665557433,-0.31330391232986254,Low
-0.5091698534861264,-0.37451643869172135,Low
-0.5946793790866598,-0.33758204605284325,Low
0.16256855055350172,0.4325653658376699,Low
0.1303391058126223,0.38869622886848554,Low
0.0719645938612839,0.4714292125631242,Low
0.1870470397175944,0.4004282034212503,Medium
0.26986803693985295,0.35914864651841827,Medium
0.07085888058545242,0.48750432857336523,Low
0.12015761710941941,0.4264660392026184,Low
0.20121089049068352,0.3486791947666774,Medium
0.11745616466326292,0.4446464459334851,Low
0.3168262639560464,0.3352000199552632,Medium
-0.6004943279240228,-0.31045903277617737,Low
0.0941657218181583,0.4506437524304244,Low
-0.3464713381378784,-0.4684112280714048,Medium
0.07981928582813358,0.443059067026938,Low
-0.594067388177734,-0.31384133787754104,Low
0.1608158919123035,0.4039127080420306,Low
-0.5800686090646998,-0.33466838160285206,Low
-0.020405894660309398,0.5138385556870821,Low
-0.598713714317977,-0.3209621654922167,Low
0.05152922948418531,0.4979378477327946,Low
2.1230204803896973,-0.9291087050336235,High
-0.4617077681418748,-0.4072596200708364,Medium
-0.5381284718755133,-0.32606328192135614,Low
0.07241939412018339,0.4531362253279957,Low
-0.005700614972119156,0.47091690951894805,Low
0.3202912335981737,0.3090919497978139,Medium
-0.5433557583945408,-0.365636866731981,Low
-0.6087374482801261,-0.3064863782504745,Low
-0.47021227986135616,-0.41034235162421684,Low
-0.5794166044082844,-0.36330239131807296,Low
0.007705176060989971,0.5131951599929016,Low
0.21599703502131762,0.37125845364177434,Medium
0.09382154484775718,0.4110217545418289,Low
2.1133081023909464,-1.0197939176212654,High
0.07671018025741128,0.440486730215882,Low
-0.5918570853597858,-0.3015150790565304,Low
0.16430339870402766,0.41207908161707973,Low
-0.05366992976462687,0.5148906531847204,Low
0.05949128166497358,0.458011633202123,Low
0.2647548810812551,0.40365884268613816,Medium
0.14294863731444807,0.4339965536737588,Medium
1.9369387697984524,-0.7944748620308535,High
-0.44855010869768724,-0.44058487175644656,Low
0.2999437949167123,0.37063237355073275,Medium
2.1537609488197926,-0.9918858026881858,High
0.19969909471590475,0.3951906781468648,Low
-0.5523625915181639,-0.3312367881672685,Low
-0.03914700096553775,0.5286149845542908,Low
0.0009368544429080305,0.4921094884628908,Low
0.020777397066083614,0.48224736992410855,Low
0.13062782797528727,0.43687398684328216,Low
0.06548904165362751,0.4878271236541629,Low
0.4888838960718811,0.04263926313659577,Low
-0.5758860128868425,-0.33943083724634227,Low
0.24638282191525684,0.38031533465071543,Medium
-0.5469115429192626,-0.348591835425357,Medium
-0.16532169092651824,-0.7211954310633766,Low
0.15196021427789663,0.4376972873070437,Low
-0.04231734544328347,0.4976779391559406,Low
-0.5434786674105535,-0.3527563048297826,Low
0.07548322690400455,0.4468963346060758,Low
0.05807582550360668,0.4355500026355196,Low
-0.3875359258842663,-0.4841511972950139,Medium
-0.43767936155659953,-0.4059618975253535,Low
1.6991698677235478,-0.6790899872322395,High
0.1188087626386114,0.4046797064490719,Medium
-0.5471457385730331,-0.3181196299345509,Low
-0.634270898213584,-0.2714055269712289,Low
0.15655820375776852,0.43873495623070724,Low
1.5587783736996508,-0.637209139736439,High
0.6358660426349119,-0.030002835667708505,Medium
-0.0077092208551827746,0.503125417430532,Low
-0.5183491555072941,-0.34749518514521804,Medium
0.08266873322784801,0.4755364485037634,Low
0.11852659539108279,0.3911355748755474,Low
1.9869372578926223,-0.969614360080083,High
0.12329035477898553,0.43811739743849143,Medium
0.0938567130816983,0.4181119675302334,Low
0.09327444304803306,0.4544481939711512,Low
-0.6479181432877643,-0.265370591822863,Low
-0.6384172471949592,-0.2601468389835085,Low
0.5242174814177023,0.0204814475841138,Low
0.23599142968297449,0.38033416508188334,Medium
0.07699803203689654,0.45706092997725245,Low
0.14575107300858325,0.44211985651649155,Low
0.1552654657630902,0.4120816556623196,Low
0.013013126981072154,0.4696746965100411,Low
-0.5668332025110903,-0.3192787258331622,Low
0.2789745217890951,0.3487200023221736,Medium
0.2551913462955211,0.33874648508740823,Medium
-0.4986212117679674,-0.3928630488847088,Low
0.05963299196039673,0.4574265790195684,Low
-0.5724275394857579,-0.31949209329917483,Low
0.1050758433039315,0.49702565818025,Low
1.6104298798058532,-0.711590744616449,High
0.07377899941753602,0.43983770731094984,Low
0.051598045098113665,0.4815112776704352,Low
0.2615322963393484,0.37737296063967374,Medium
0.26591612662879416,0.39592938476555284,Medium
0.8334809893456783,-0.1262253351522093,High
0.23216608017744644,0.4341900002610104,Medium
1.7338870649350226,-0.5423394529919976,High
-0.6112890723940697,-0.3106783189082032,Low
-0.48330403317578685,-0.36319549557861647,Low
-0.5272961096591192,-0.3457065029053376,Low
-0.5767598201112603,-0.3068246210679479,Low
0.02004736093117221,0.4836662218082143,Low
-0.4381042444488108,-0.3751703920434737,Medium
-0.46397472815407237,-0.3991687340851531,Medium
0.2301309098844464,0.3507579026318738,Medium
0.02194321453930914,0.5355858145958291,Low
0.026653980670168054,0.48393708693628135,Low
-0.6289245979136852,-0.29338948188206515,Low
0.04630520232623958,0.4823099921389993,Low
-0.003601924951419644,0.46808403150472255,Low
0.1319731189749419,0.42610629352543616,Low
0.26569979064966676,0.3510401064354486,Medium
0.20366575173311985,0.4145600804520183,Medium
0.22901134748975838,0.38522433091373176,Medium
0.002755147165120597,0.4717892992078687,Low
0.1674105777186653,0.4083217110456421,Medium
-0.581546326350469,-0.35574086723190207,Low
-0.5268121950734284,-0.3342667288181434,Low
0.1253561725413862,0.41237709566415803,Low
0.09007302839759607,0.44560881777499295,Low
-0.5580059459776056,-0.3430415388882794,Low
-0.007909068309259248,0.4942797790557488,Low
0.05426197819905049,0.4619700749266732,Low
-0.4066328886177057,-0.40308354008847924,Medium
0.04394122924915744,0.46414931906291657,Low
-0.5156738956063125,-0.3371721957733191,Low
-0.469432771592549,-0.40299506411519354,Low
0.020579546838969898,0.5223822337030436,Low
0.222198685401373,0.3779986507769454,High
-0.006827867964404377,0.4874071239109039,Low
0.2726872342950093,0.38375933474844415,Low
-0.07332897562154206,-0.78349501615372,Low
0.06617163279160287,0.5420957310026779,Low
0.008898453961025954,-0.7117895390673347,High
-0.7378772257636315,-0.17454499207330723,Low
1.5057356651983331,-0.5558803076683609,High
0.1777962083296325,0.3689507941929092,Medium
-0.03308173669626385,-0.7981395382301218,Low
0.025727791148437595,0.4711159955096754,Low
0.04356723565050874,0.42465519663847007,Low
-0.5736394338645241,-0.3209840553664819,Low
0.19946551069219176,0.44094503133819674,Low
-0.6319886558852819,-0.2752578470295492,Low
-0.4712740228505602,-0.38109304872593175,Low
-0.5596936273797024,-0.3010299116214382,Low
-0.5561244538589913,-0.36037547436159434,Low
-0.5621044195753502,-0.362219236396634,Low
0.047153908689890944,0.42516810080063494,Low
-0.07364527885772632,0.5175192781300714,Low
0.04656209536105527,0.4579967971078833,Low
0.1225381433914079,0.44856894521386736,Low
-0.5508483408704958,-0.3361587659598538,Low
-0.036655376747523616,0.5232740058258651,Low
0.15286065932848503,0.426372903843658,Low
-0.04865748965666061,0.5219597299418867,Low
-0.006306064931208999,0.5147123248721633,Low
0.11380883158314947,0.39998360991604753,Low
-0.5658145626608011,-0.32961199843074585,Low
1.1770957346125421,-0.354437093398747,High
-0.19730199312181917,-0.7373863207632007,Low
-0.5695434767788767,-0.3125840747221622,Low
-0.3885453239399765,-0.4746905166588314,Medium
0.09484439795046717,0.4412371271831651,Low
-0.6659754462658701,-0.2632099194821541,Low
0.8924354454851546,-0.2612349854110885,Medium
0.08232416744666704,0.43791514980465174,Low
0.1862702743977751,0.40334491360292746,Low
-0.5264996305873404,-0.3564044375192663,Low
0.03551986121266204,0.4940932934758623,Low
0.05600757640197068,0.43793521128539536,Low
-0.08066842797234419,0.5547105672877007,Low
0.07170777193491823,0.4622711082298886,Low
0.20047566156162833,0.38358224680783737,Low
-0.5471366929910398,-0.360306943640871,Low
-0.5648500496365549,-0.3145789253576582,Low
0.06717003171831437,0.46921281851564,Medium
0.4891677367979326,0.03240858977978084,Low
0.33451295348788157,0.29680358138589324,High
-0.630262181607077,-0.27835787070332757,Low
-0.5202878893686775,-0.3689880313969126,Low
0.39982270078726745,0.28910772956018155,High
0.42202494336617336,0.04973607823039444,Low
0.17526724523519932,0.38960032345436313,Low
0.8079530048223478,-0.11022376296742609,Medium
0.22154475041406463,0.40758286209060934,Medium
-0.5582852448207078,-0.30346458197493753,Low
-0.6094234753538376,-0.2772065929811744,Medium
-0.324259012104436,-0.4786150431130713,High
-0.5557941100606623,-0.3473463374293465,Low
-0.6000031438288387,-0.3286857433336069,Low
-0.5862857504083857,-0.3357997285772886,Low
-0.5477911643237127,-0.38795133815791716,Low
0.019008260813443367,0.5119776386454937,Low
-0.5703726520310239,-0.3728860119351236,Low
-0.5776387531959307,-0.34409442936529155,Low
-0.036513849122257525,0.4997246659777168,Low
-0.6322531378030867,-0.3052672017118124,Low
0.07495877474990276,0.42722424331351294,Low
-0.6319951363238302,-0.27374446741030484,Low
-0.5551343299731185,-0.3318332908166902,Low
-0.34268345816110796,-0.4602120839404751,High
0.013623546186800728,0.47960227864666793,Medium
-0.5496807990571657,-0.3716607390057271,Low
0.6251119610542981,0.10543929159286014,High
-0.5816193087049205,-0.3606966045391246,Low
0.30883333447679473,0.33952022916215585,High
0.09677094718124712,0.44169479899424513,Low
0.1299299583328999,0.4076399227917066,Low
-0.6063712099713943,-0.30186517975950516,Low
0.03545205756194991,0.4969481848720131,Low
1.406493735637883,-0.5294180341895461,High
-0.0034118201211211785,0.5051370619449718,Low
-0.46825113424444004,-0.39410103286639203,Low
-0.014570258231177968,0.4863989620026864,Low
-0.020847320617336185,0.4914683422739342,Medium
0.49726737197829207,0.031534014777702624,Low
-0.6857680689745896,-0.2313765152508565,Low
0.14633213027461067,0.4055369331429288,Low
0.5146354059518032,0.16444569812771298,High
0.013197405214333657,0.47734262192374655,Medium
1.4817397756897257,-0.5854750981295449,High
-0.5364686034685477,-0.34914858549154215,Low
0.38247573793027945,0.30025987661735104,Medium
0.03748040387924323,0.4246351818037297,Low
0.08708494046516413,0.4312102217831171,Low
0.33731717664261973,0.3281972628610082,Medium
0.23100762108757344,0.38743003648651253,High
-0.5476630893688379,-0.3601161520456097,Medium
0.4383301817023648,0.04848978264748277,Low
-0.6094519416492159,-0.30205621894653956,Medium
-0.3289637046756623,-0.46373930070621483,High
-0.649075423721855,-0.2672840986361437,Low
0.11457697379661591,0.44881475748689326,Low
0.048011444516771085,0.49540392132075406,Medium
-0.00862527122706247,0.47891517044733745,Low
0.12259962247326306,0.4680188909882146,Low
-0.05145160658761361,0.5403250076834185,Low
0.05115605038134252,0.4384835304362281,Low
-0.47543024250483945,-0.38889910410607037,Medium
1.3983491638944587,-0.44100343031324446,High
0.4361764371085417,0.25524292130309345,High
-0.6340313312227863,-0.30147945030438467,Low
-0.5627820433304294,-0.3055027038373613,Low
-0.508227465350785,-0.37451407518450586,Low
0.2878256218593598,0.3134229284860424,High
-0.015510674486451825,0.5291958419709842,Low
1.9544286891813567,-0.8348241189105207,High
-0.6187249905333962,-0.3465846019382878,Low
-0.3770579226974754,-0.40181876041714226,High
-0.5858658932552944,-0.34484830727881827,Low
0.05687481380021575,0.44494207089493687,Low
0.15593206533855541,0.42459694628172084,Low
0.04831056578929571,0.44377560086970014,Low
-0.5386372759473886,-0.3508033791138893,Low
-0.01859047992635776,0.4960247961826203,Low
-0.379171252660418,-0.4324881774288455,High
0.005670606584970761,0.52510648155024,Low
-0.006790695048273676,0.4737418394974019,Low
0.06739560246347259,0.45791583626122523,Low
-0.6591867115246957,-0.2850105625146925,Low
-0.6195351451535265,-0.2630385791391866,Low
0.07453512759390918,0.4273837308476991,Low
-0.6091622739152199,-0.3213718002517101,Low
0.08714470318223494,0.475494042798399,Low
0.7536989244711496,0.034560615309118026,High
0.530556675172002,0.02532573698661139,Low
0.31852468845481086,0.39028489267065647,High
0.15933885106023415,0.3814130636592815,Medium
0.028949578501164086,0.49492040433806717,Medium
0.05351146188402667,0.43716335662878125,Low
-0.499628394609673,-0.3679500947358778,Low
0.06807927614195897,0.44121962454231145,Medium
0.04778297995415687,0.4816515903480161,Low
0.24542201394032204,0.42829024082232925,Medium
1.2291654829576566,-0.27209626759147293,High
-0.00338515143178697,0.49206521080236465,Low
-0.3334898733707515,-0.46439001648922784,Medium
0.10724217499335986,0.4751620022030073,Low
0.06881528997925879,0.41359887580211974,Medium
0.3213092985273249,0.36477881263654555,Medium
2.1208358963425074,-0.9496484204349923,High
0.07708355916477716,0.4596505390970711,Low
-0.41354106801130014,-0.44743888208526766,Low
0.11623362019306027,0.42406459706856825,Low
-0.05292479813940232,0.5192515472253713,Low
0.13347804772359195,0.44150293205149194,Low
0.18467940858007936,0.39271256974659885,Medium
-0.09153423776662972,-0.8487476901270393,Low
0.23078414266879543,0.40430395491306337,Medium
-0.09437714923614288,-0.8128352055597677,Low
0.4522169570169945,0.0541211909438955,Low
0.05084975279454773,0.44337565695853176,Low
-0.6140716704501653,-0.318486844896255,Low
-0.6015054351579028,-0.30272795989216394,Low
-0.5611087447468468,-0.3235298293939704,Low
0.1292779581666026,0.45207755427076657,Medium
-0.4966186582628568,-0.38264804201352653,Low
-0.4939280191248962,-0.411026412028771,Low
0.07259237421926695,0.4701247462274246,Low
-0.5925421166161053,-0.3168828364198879,Low
0.19600633526406996,0.4548477754616679,Medium
0.1283466304552241,0.41006160898427635,Medium
-0.5541597069136606,-0.35440196313842964,Low
0.005958028415600336,0.4763201108324714,Low
-0.5779074022884647,-0.3487159440050849,Low
0.03090218772734865,0.4710542368041648,Low
-0.42927130078745984,-0.4066824991300279,Medium
-0.5571472757992448,-0.3243365558082261,Low
0.31129760579370735,0.3334528404217918,Medium
-0.5405843392707614,-0.35579887090591,Low
0.06349677490718136,0.4340724998222867,Low
0.16846049718773093,0.37711447310810475,Medium
-0.00898975763463572,0.4798592304970467,Low
-0.12513944350579836,-0.7509058151340248,Medium
0.1516268210250833,0.41236626847801705,Low
0.2846180734092073,0.3026638180853779,High
-0.5435102618753872,-0.3748733529731556,Low
-0.6417663402800483,-0.2773026504633835,Low
0.17911092853121835,0.37910395778135364,Low
0.12926648489299009,0.4326668773294925,Low
0.10047223460276111,0.4357085636233037,Low
0.2093145036694073,0.402030228506553,Low
1.9234028404505128,-0.9174130206214994,High
-0.513113138799125,-0.3521796813458703,Low
1.9100229321172815,-0.9066739766905643,High
0.1483240150730204,0.4033828461739657,Low
-0.465879837693144,-0.4037765899675133,Low
1.645940736754196,-0.6564575357220666,High
-0.06835072659453179,0.525594512652781,Low
-0.5064212454343674,-0.3767046599740213,Low
1.8221395282261932,-0.7284285404914089,High
0.012629127176256971,0.44474530438647275,Low
0.012888927186688881,0.5059993160267524,Low
-0.6013705975674344,-0.2908637290505713,Low
0.052639944902919844,0.4455108184286408,Low
0.3724447919137712,0.2961843932442587,Medium
0.08350031045925393,0.468818819344901,Medium
-0.10644810986060832,-0.7858655904171584,Low
-0.5582298606494638,-0.3594083630081771,Low
-0.5339904660239747,-0.3456874956921753,Low
-0.049144546302037906,0.5083395044536584,Low
-0.6160709972441503,-0.29479605736796893,Low
-0.5543487471934907,-0.3546620138435248,Low
-0.06492236358261627,0.530554676796378,Low
-0.6455386725395789,-0.30092330772420217,Low
0.07485747835147827,0.42197950750293856,Low
-0.05681572778825639,0.5699114985117856,Low
1.9311429969298375,-0.8254889843084328,High
-0.5285891689538436,-0.3658480910361504,Low
-0.5002710387934278,-0.3423352934456674,Low
0.11802099969122593,0.4202242464631526,Low
-0.0529335683790379,0.5154983557452656,Low
-0.055963211313685035,-0.8364008708935456,Medium
-0.5490555264163482,-0.3254631547485187,Low
-0.031064994429189807,0.4795198171035312,Medium
-0.0077842474876334555,0.4927809095594138,Low
-0.5539619258359824,-0.35357955608003744,Low
-0.5460765578736038,-0.36722097501469636,Low
0.16469193418984707,0.39018197664751963,Low
0.19480955237858388,0.42736762043752907,Medium
-0.5059401755830496,-0.3620523487645093,Low
-0.5645657536587834,-0.3632507601492012,Low
-0.024268683969211113,0.4775446388648068,Low
-0.46633877828282444,-0.40624691971471727,Medium
-0.5558860567105699,-0.3396766074854791,Low
-0.004077668445793603,0.5132283503532208,Low
-0.1331474339366372,-0.7721776638101213,Low
-0.5584097873737789,-0.35381081616473925,Low
2.026209074464771,-0.9860438187038694,High
-0.5904548198847417,-0.293988356867788,Low
-0.5245077926270904,-0.37805930428962065,Low
0.03683013379416189,0.45523578960106403,Low
-0.4763301162387393,-0.365797089574424,Medium
0.02707309011458947,0.4893508963377817,Low
0.0018421483543059614,0.47877383659886297,Low
-0.6201840458291916,-0.30889511243696116,Low
-0.6029140508865125,-0.3072128281817067,Low
-0.06270020323365832,0.5274606850634819,Low
-0.4975789353744413,-0.4131551963799345,Low
0.06263590614421455,0.47887808047613367,Low
0.03469228850100936,0.45342872134522516,Low
-0.5513009387444279,-0.34008650841225774,Low
0.10907509920010516,0.42492699313736526,Low
1.649024133264571,-0.5925303838136784,High
-0.5069345369708788,-0.3670799445943284,Medium
0.05260823737640935,0.4673256650602592,Low
0.1417278616083657,0.4146998150712292,Medium
-0.05810577854486393,0.5333458284237699,Low
0.15806623737017267,0.4555491505501601,Low
-0.5705486152680869,-0.3515654596205366,Medium
-0.6264557549901455,-0.25741950986226037,Low
0.32776766576625027,0.3054453487212614,Medium
0.10924294488602404,0.42953316242574113,Low
-0.5846565979741393,-0.3103137462379334,Low
0.08365140994459763,0.41291579486170304,Low
1.7812322077977616,-0.7093865779852307,High
-0.011270968771927015,0.4640488603127165,Low
0.2078959393232641,0.42113891003184356,Low
-0.42751162056471326,-0.4436443880261388,Low
-0.5547424457761982,-0.35305955236547915,Low
-0.44746415697904063,-0.384839529066027,Medium
-0.6412774461789814,-0.2668955987191728,Low
0.1760337131613684,0.4357765352391737,Medium
-0.620525727972228,-0.3146055710598969,Low
0.3777745671554087,0.3229506389195049,Medium
0.25453743201445045,0.34559343997177494,Medium
-0.5140405520704511,-0.3400674594259707,Low
0.2479781094845449,0.3916492260294695,High
0.24509906210692545,0.3923932750188679,Medium
0.09074821502133734,0.413255776511552,Medium
-0.5897726314673413,-0.3268960630000186,Low
-0.5026182911882533,-0.3938912597767249,Low
-0.005696614128803623,0.4972769784080714,Low
-0.5722695561907427,-0.33586147991061327,Low
0.12798327720625702,0.4483201443047652,Low
-0.5803713928275941,-0.3359918494822481,Low
0.11122135999870486,0.41903692018549055,Low
0.2688185540282505,0.3919866843215901,Medium
-0.05206294262153022,0.5045150664611648,Low
-0.009979867269805764,0.5000720232392936,Medium
-0.5932799762823655,-0.3097708501652633,Low
0.24149292911713205,0.41266528559049465,Medium
0.046290632795501385,0.4498296829588867,Low
-0.34954604507456116,-0.4655877992833307,Medium
0.35650602123578234,0.32137657274484027,High
0.04425066179985654,0.4493351625387546,Low
1.9541053921841114,-0.8490936138076003,High
0.2518088462373529,0.3664884506473687,Medium
-0.45157783193031875,-0.40108838611587155,Low
-0.5220975482957168,-0.3386319815848673,Low
0.2561578993466822,0.4225625121966178,Medium
-0.5441605839602813,-0.35164501890004796,Low
-0.5633063781500255,-0.31171955936879414,Low
-0.5326405877368809,-0.3634212059576468,Medium
-0.5717496582696842,-0.31691130390211303,Low
0.4311736321662163,0.05821746814953904,Low
0.029603007489754862,0.4621089909895236,Low
0.03159936016392795,0.47182890506402464,Low
0.07391528443650008,0.4213407564576931,Low
0.03108803767164986,0.47079414246342044,Low
0.014401562836898751,0.47475272024073234,Low
-0.5835078739914781,-0.32992144581868843,Low
-0.5870372773607058,-0.284604928537439,Low
0.16645765097378795,0.4169626373641774,Low
-0.625964802232763,-0.25860661531741236,Low
0.06721394570692918,0.4449999026167025,Low
-0.3784600201952304,-0.4745321484831747,Medium
0.6721877620630459,-0.03640829379094368,Medium
0.02610589571126598,0.4767292760176415,Low
1.9960081041584232,-0.9181692300950263,High
0.01719247826916459,0.4723175514995306,Low
0.3978809409496712,0.30873798848852724,Medium
-0.494610942626233,-0.41368598792678263,Low
0.05758271833423301,0.48989948305890074,Low
0.22964805405588362,0.3754697625749911,Medium
-0.572139275095957,-0.3889738597938911,Low
0.20272424798600241,0.3819038962973521,Medium
0.05411913033970017,0.43345749391471267,Low
0.35250200157526135,0.329239038038625,High
0.01983212734363171,0.5092740424012938,Low
-0.4916061814872532,-0.42920674332062375,Low
-0.4834998549405829,-0.36108204965053875,Low
-0.03532897536715529,-0.8367738576980699,Medium
-0.03489049814658879,0.5318705293393405,Low
0.07934095885184589,0.4341226494747429,Low
-0.6051934696463289,-0.27804357315242184,Low
-0.3026332413095537,-0.506393132519426,High
0.19263023240433974,0.3725206726734781,Medium
1.4754448030821232,-0.5991391279162044,High
-0.6241908269430179,-0.2960886053303923,Low
-0.54287437724276,-0.3561937222270092,Low
-0.0026223039235879764,0.5023107355873165,Low
1.5020829031873701,-0.6154189945907049,High
-0.5322633384784978,-0.374199614002905,Low
-0.5582803364036437,-0.33929279331178136,Low
0.0195245074549954,0.4602097103691113,Low
0.30421675669197923,0.33969676878508037,Medium
-0.5530343135734442,-0.33792003002607374,Low
-0.5755974559050878,-0.2886909794128135,Low
-0.3653330856494907,-0.4694881141445455,Medium
-0.6095276038152875,-0.31744988233229876,Low
0.16470827355882545,0.3947632950480401,Medium
-0.6555709761308333,-0.30193592359177746,Low
-0.627714196395617,-0.2774943541850781,Low
1.7605067299894614,-0.6840855390230774,High
-0.7319006831897943,-0.20961037123847132,Low
-0.579488292977381,-0.2727059069264159,Low
-0.6328903646674618,-0.28486759921948657,Low
0.3088866322001035,0.3252137899660699,High
-0.616676714272278,-0.3275800936825749,Low
-0.6045201711372399,-0.28950239984919657,Low
0.028581088907206564,0.4685216920148959,Low
0.35133855108825496,0.347784873687235,High
-0.5756950118121434,-0.3228396657804995,Medium
-0.07927191027794406,-0.8499300918680505,Low
-0.5460756984979057,-0.35336782434168185,Low
-0.5357230300237555,-0.40025813672480454,Low
-0.4820851420392014,-0.4084153007010998,Low
0.18663834085211617,0.4372520160136161,Medium
0.061362481685203585,0.4673637853676993,Medium
-0.06954580858287485,0.5505631378622752,Low
0.1419043602195127,0.410699026267619,Low
-0.049885808132401066,0.5192498045848227,Low
0.15044797191137338,0.42788578417462764,Medium
0.05215722237239695,0.47468760022812806,Low
-0.5991498875528235,-0.30461532457035534,Low
-0.5299303631031512,-0.3889370600960109,Low
0.04684014572444822,0.4753551767432507,Low
0.15351804638516653,0.41931681798371145,Low
0.11400313758722191,0.41188163108420395,Medium
0.27106784261187056,0.3703219335866107,High
0.2921686411888411,0.35339418737999884,Medium
0.10624553253981772,0.423878819266423,Low
0.22477627105638254,0.38345591597925355,High
-0.6380491779228226,-0.2761940474567776,Low
-0.5588169119945638,-0.3369552845188496,Low
-0.052123587916426795,0.5225947099119433,Low
0.01698796512479811,0.47496075361072787,Low
0.06514197679618705,0.44884950717723826,Low
-0.17087388934748116,-0.7301394843455985,Low
0.12819365093379054,0.4163887565216182,Low
0.20507496739748454,0.37452415610149814,Medium
0.21290312259158628,0.3841736833187379,Low
-0.03620709522895105,0.5281148314681324,Low
-0.5702810378179786,-0.33710053481138347,Low
0.006344870484310539,0.4864123938029511,Low
0.2068061019927886,0.38073459209430294,Medium
-0.6003059544398482,-0.3469535930990266,Low
-0.37762381718586824,-0.4377634472180232,Medium
0.021019743120048173,0.4917426190133849,Low
0.09488644787011413,0.43910172864487684,Low
-0.06692709951669362,0.5370438149975905,Low
1.7559367003739823,-0.687398735320675,High
-0.606297955307457,-0.3535944620770851,Low
0.07134342659621445,0.4640882368552154,Low
0.04795882064477136,0.4435967764711404,Medium
0.665221343495626,-0.06849214789889518,High
-0.10037474975422844,0.5592750007607918,Low
-0.6108622704167093,-0.319439325893098,Low
0.739053605268897,-0.06481334228880242,Medium
-0.5544894872862889,-0.33346469580940596,Medium
-0.41441627445299295,-0.417683091658144,Medium
-0.5955040395007261,-0.32388054024294033,Low
0.028189329198798463,0.44891775731947847,Low
-0.5832349238680488,-0.35093896637646366,Low
-0.5961365982192798,-0.3328565883720686,Low
0.33488080533270304,0.334299071411635,Medium
1.1215348952455864,-0.20184978408888088,High
-0.5320911053140946,-0.40213885530614624,High
-0.5702400843706708,-0.3142489570012452,Low
0.3223861412017822,0.28460949344371045,High
-0.5232619227465382,-0.37980382736833573,Low
0.2921695340499322,0.3459577469951999,High
1.8840871445534983,-0.9210642191179657,High
0.0771037890309072,0.4741775580522988,Medium
-0.5107385024263158,-0.36397680538733845,Low
0.08041540288534371,0.4618375595091,Low
0.09030236837637151,0.4579285937718375,Low
0.7326101804761929,-0.07236335511327002,Medium
0.08800554614216882,0.4302194794371311,Low
0.19751554841277263,0.3671811739805294,Medium
0.14649680945935517,0.4213611112298207,Low
0.08671742060470244,0.4774253694917665,Low
0.06133783339738336,0.44899026771161243,Medium
-0.520484965214458,-0.37281647925409134,Medium
-0.6587103542322358,-0.2674161722879602,Low
0.32851586639964026,0.3060769320674252,High
-0.112271428719528,-0.7918394049591347,Medium
-0.2976757473436261,-0.49279276547097084,Medium
1.8280435036806904,-0.7671925585733198,High
0.26450202086311947,0.35280002797858645,Medium
0.43337705144261096,0.2818539410570048,Medium
0.2726012855541411,0.3878743526356764,Medium
0.1397747160407361,0.41062329019335786,Low
-0.5333475430038773,-0.3408664485043877,Low
-0.5296531525112733,-0.3775643671070324,Low
-0.514662283463948,-0.37564050585875985,Low
-0.006505999272894247,0.48500154776129445,Low
-0.5341260520346844,-0.3430572647694681,Low
-0.4428823475126528,-0.4141291455031317,Medium
-0.6025561182153141,-0.3364772691504968,Low
-0.588156300116584,-0.332355780580349,Low
-0.036453115964942384,0.5332332455191651,Low
0.13746718504870925,0.38040255058234296,Medium
0.3361391972341563,0.3275615802060369,High
0.06962496072085173,0.4752474594074605,Low
0.13039027031630046,0.47610443721416873,Low
0.036715642618353306,0.46806785753841995,Low
2.0633109005607686,-1.0010154749504154,High
-0.5564851061475993,-0.33811194022217506,Low
0.021573225593050138,0.4842610465021129,Low
0.026946893145316286,0.4899354638584894,Low
0.19314866041264,0.4007862836887294,Low
1.6603413266840217,-0.5242393764480491,High
0.08382696604903128,0.4631891192145857,Low
-0.5522703718217499,-0.33378614707984505,Low
-0.4736771742756072,-0.37385715592030255,Low
1.6123462215146194,-0.6080967469304875,High
1.4328167907342821,-0.5151463233932063,High
-0.6628798265621234,-0.22954646463037395,Low
-0.5275510589199963,-0.33149203267924077,Low
-0.0884060341745509,-0.7745795138978745,Low
0.7865056807266197,-0.09136385938587432,Medium
0.44386872892117724,0.040550569703199535,Low
-0.4458227119134826,-0.37681129003590974,Medium
0.01389767074163728,0.5286331368923529,Low
-0.600937062920857,-0.31669114359593,Low
1.7089311382889842,-0.6731719691666626,High
1.1034319783710596,-0.1735075240544377,High
-0.45591590234590496,-0.4536485778512858,Low
0.13408067226554998,0.4239626256292769,Low
-0.5950224322535976,-0.3610889285773079,Low
-0.5935383532606351,-0.3082261059765834,Low
-0.4159662563064385,-0.41968957583573063,Medium
-0.02674112146657237,0.48515910086056546,Low
-0.593936387662432,-0.3125859634125463,Low
-0.0016141644995245064,0.4766205912355289,Low
-0.6589355478613201,-0.2766928611347259,Low
0.365400815139968,0.3008801266499942,High
0.0022219063437158293,0.4877680146632839,Low
0.014935909136109982,0.5016807117353419,Low
-0.014357006426496954,0.49630977453001845,Low
0.008936877929482945,0.4622249220126431,Low
-0.5659645258047961,-0.3522785063562517,Low
1.838367714468007,-0.7169674538914327,High
-0.5809158537324813,-0.34983711419886876,Low
-0.577485000812535,-0.2922654481597912,Low
0.2896996294546039,0.37207432743930535,Medium
0.3670069211716108,0.3225641989715554,High
0.08247288785013884,0.49772381307106317,Low
0.2400971573939631,0.40722187909580676,Medium
0.017475082335242476,0.4760705944317368,Low
0.10302260783354455,0.43304332423731395,Low
0.32477319571572083,0.33713417299234943,Medium
0.5137574022693523,0.012760443004464161,Low
-0.009661364294374142,0.4964373453937523,Low
-0.02272410599847241,-0.8233611632236074,Medium
0.10759466722879807,0.4574759282811154,Medium
0.21384136875484383,0.38375389911021396,High
0.15360552692184903,0.45036108859294555,Medium
0.14983123019808653,0.4348982725750362,Low
0.2636488050090686,0.39462191561059,Medium
0.09531406591095676,0.44109817149189634,Low
0.09129474797620957,0.43339642496626474,Low
-0.47085618863202783,-0.36475941012438795,Medium
0.24652008161985006,0.3893313805320714,Medium
-0.6000976738173449,-0.3103630523807723,Low
1.4925291303592074,-0.6037757537947686,High
-0.05940933155472339,0.5452618615962493,Low
0.10773809152237879,0.4378112513651419,Low
0.03573878408394149,0.4332542971754174,Low
1.0349407120511833,-0.3089491851217883,Medium
-0.5502017625917992,-0.35184727386026593,Low
-0.0378601517789966,0.5258547198061002,Low
-0.5377249017345876,-0.3788360958411139,Low
-0.5034001855077714,-0.412308680140897,Low
-0.029686223021828884,0.5225042972935822,Low
0.035191080652750784,0.46923310299886567,Low
0.5418525795141085,0.1350416668804199,High
1.7671562422378038,-0.7781587571830769,High
