PC1,PC2,PC3,risk_level
-1.3922663792321512,-0.7065917856556649,0.34968950422448586,Low
-1.367667968929478,-1.3505023221765873,0.42190450579257205,Low
-0.3042463077586923,-1.3416486202014086,0.87273177045004,Low
-0.23811732886973083,-1.0419546060215863,0.30301140784983666,Low
-0.5079445178981169,-0.07442717094234155,-0.08897697938932057,Low
-1.9835613443365945,-1.4815071750861868,0.49815353820698033,Low
-0.2121719514897659,-0.31241662022438665,1.6444750977222438,Low
-1.3828941657394613,1.2387012002806113,0.5771648781478247,Low
-2.395178338845828,-1.124212084953734,0.647154134561733,Low
-1.7592269055662868,1.381806961473925,1.3998546340622156,Low
-0.4511392586853927,0.27132842040496613,2.0029580145191925,Medium
12.779827701837307,-2.052802800691797,0.9372492725656113,High
-1.0758730977562723,0.6506989895981806,-4.5386867050679065,Low
-1.4069942106317026,-0.13592974809744973,-2.0601870661634756,Low
-1.5475202903861018,-1.2584125658842504,1.0069066961101258,Medium
-2.164778073018243,-1.1281540115316355,1.3604249826055543,Low
-1.6202352886205547,-0.40823873434818414,1.7300029469620084,Low
-1.2678018291332918,3.086890503064565,2.065973404593463,Low
-1.1433303646519473,-0.7224772397680628,1.2459075861414808,Low
-2.0642996815078445,-1.4836912638041422,0.48785537699881104,Low
0.5946861964266255,0.8667807628132058,1.2588090456123744,Medium
-1.9540433781226227,-0.7992066601933343,-0.34604216512776625,Low
0.5065942200304172,-0.19016206197145977,0.8157914216753444,High
9.713814207607149,-0.02855070279101467,-0.4422606093983692,High
-0.1397680018576614,-0.9987324899349672,-4.138932338567366,Low
-0.8129265056990721,1.297052932158474,-2.372972415842634,Low
7.569095199296679,0.1609744027632733,0.3515188082443357,High
1.7597720264205834,-0.5192443749688198,-2.899145519201137,High
-0.4146492752989477,-1.7004966505077843,-3.644286626060928,Low
-1.2977123317326775,1.5665894288214401,-0.5405297083749384,Low
-0.9153517843580385,2.366276876429798,0.7563514000345203,Low
-0.7283148897444949,-1.5869226737644202,0.9664136495010055,Low
10.488308580498318,-1.01908050432159,0.8691000321241166,High
-1.9415673276993917,-1.3332719382704086,-3.445754611032204,Low
2.23694897273289,0.8836155285352837,-0.9813052256126432,Medium
-1.5955405076361908,-0.09519504494161314,-1.0108227980783646,Low
0.5621689255618344,-1.7361535559308054,0.030147978969734486,High
9.351841555800567,2.0710829542887126,-0.8328442261004344,High
-0.8230119684845016,-2.162387873227165,-4.073081631913501,Low
0.7350219132754099,1.1979108001044882,-1.7679283550486466,Low
-0.647807985269779,-0.7832087726595073,-0.34486582424933493,Low
-1.3803003751609166,-0.856638262658015,-0.39862168933805864,Low
-1.2560140816612535,-1.21536085704597,0.43076731228263904,Low
12.938407403099342,-1.9645169099548265,1.1307638620937817,High
-1.7644385162634133,-0.256070330508424,-5.206723484434777,Low
0.4531190708831106,-0.7249200145730973,-2.107966287900528,Low
-1.8622286805900976,-1.48046988024697,0.0636022561465616,Low
-0.41187458315906267,-1.2156757956748026,0.5813202690724297,Low
0.2602817242920041,-1.5391412241188105,-0.30940376163046956,Low
-2.8589918869821407,0.4315986139787384,-0.2894407762589891,Low
-1.2404438731094711,0.5600596721727392,1.3022288437099818,Medium
-1.3116147879543358,-1.7600032851668155,1.5937757204680436,Low
-1.6796996888608466,-0.13209974623120235,0.8616031596313796,Low
-1.0453756380142978,-1.4186482609123803,1.1723420849428177,Low
-1.6512174516616183,3.3719404468037886,0.7201617278688459,Low
1.1815749236467443,2.3604688407130894,1.1470958803063755,High
-1.8616273681605744,-0.2786320370171941,-0.3766705190426451,Low
-1.0704681756549992,2.600727849790824,0.310408147511358,Low
-0.7056431732806516,0.8152738769801815,1.292702446774433,Low
-0.24425788285838398,1.5516716764794254,0.9022753244550283,High
-1.4670446505426344,-0.617084037466275,-0.4341815113983538,Medium
-1.3948036165288578,-1.014501397088733,0.5872213289187883,Low
-1.143100862582472,-1.3149752003717687,1.374353564411502,Low
10.325354357469333,-1.7820257994924527,1.1560821569822386,High
-1.3450789164157717,0.3492732401673944,-3.1030258516144817,Medium
-0.5531276830142445,-1.254929830046117,-0.9422805314528716,Low
-1.1621111082792555,-0.9690878143166264,0.5323382315543469,Low
-0.8358920993949197,-0.16169451482050792,0.2408311671077954,Low
-1.7370663491650733,-1.0281711512305547,-0.29749190674451986,Low
-2.307258080547046,0.03469382237637445,0.9432844595380705,Low
-1.1715281681540586,3.1299573034484522,1.719010328251453,Low
0.30825078825205776,0.8506768149402255,1.5275297969083481,Low
-0.7111510333863146,0.0074862829017155125,0.22422247876608775,Medium
0.2658706356842158,0.30211244147674804,0.3536833420516368,Low
-2.578890522401399,-1.0357934341867023,0.06920781822239382,Low
0.16782461481385727,-1.1679979104993385,1.613164620933178,Low
-0.45085492393865634,2.392612766799299,0.4864731354828697,Low
-1.5979571075608427,-1.5737192552207422,0.014933839706565987,Low
-1.3082287446327567,-1.2979963408974746,0.8085996175834252,Medium
-0.7944513152787369,0.12086208357772693,1.394940306519023,Low
5.294975217347538,-1.371672150640295,1.3140616865323609,Medium
-1.3819185553654978,-0.7383553898496126,-2.1256607030408734,Low
-0.09863466633547417,-1.4062606816617742,-0.5168244835998177,Low
-1.3823220295956264,-1.252637316728479,0.07209952414249284,Low
-0.3288141108200752,-1.3433188355486392,0.597069935808978,Low
-1.5766478665167394,-1.437024519794667,0.32248614577603335,Low
-0.10841925767365877,0.5881242070837619,0.9541570899982745,Low
-1.3245036523701172,1.5977533344715644,0.26990655453415413,Low
-1.0429849274047631,-1.246065458613203,0.4988262886195149,Medium
1.0242001479472738,2.130711770137419,0.6302143981132137,High
8.940500566917123,-1.9622809083576531,-0.43401693295107924,High
-0.7337608012947916,-0.8312946933977184,-3.805641722788433,Low
1.226148232832643,-1.666558153290293,-1.9429373004019854,Medium
1.0085863252196838,-0.1939386978405885,-0.9628832648923128,Medium
9.439042212617949,-1.094624606486139,-0.9749591410382411,High
0.23885063750857985,-0.7964774061936372,-4.765863444624375,Medium
-0.2656671350606317,0.8402402300648202,-2.5076298238990478,Low
0.26795476967784376,-0.6421350614978769,-0.04709958160004908,High
-1.2549912777805219,0.04543725718288743,-0.5759992009256459,Low
1.424186828808929,2.557416558872672,-0.2731552425454815,Medium
-1.7570404745489046,-1.8511545011113288,-0.3599565238143828,Low
-0.8188074471597921,-0.8758128630053668,0.9951551778335178,Low
-1.1613109898714755,0.5023434727455426,1.2759640556989134,Low
-2.0845869729711604,-0.2635912818735021,0.7240324917759319,Low
-1.7587744128665928,-1.2902626297319622,2.0117705386124642,Low
0.08692790692482139,-0.7164860615359078,2.157247799850168,Medium
-0.05796633414365031,0.0075141455548671425,0.07721305857105322,Low
-1.492220847196237,-0.612193566798044,-0.18255140523150065,Low
-0.46648395096177936,-1.2472095041049829,0.9903946308662911,Low
-0.8517934942692913,2.9683360145654616,0.4992075756707192,Low
-1.959056754445113,-0.40450709467803314,0.45002409904158314,Low
-1.5989348917101092,-0.61851213776988,1.268948438695078,Low
-0.9498663847723902,0.3661996456554391,1.6682819204022261,Low
0.13320553089825574,3.725463925117086,0.868712481839396,Low
2.0838803595151147,-2.2909882281259195,0.24381367660453496,High
-2.105575016359108,-0.7795932589881585,-1.302216392627788,Low
-1.4793082279516714,-0.09112421410947914,0.5257385407267215,Low
-0.24333422995677467,0.5336307757495112,1.5466251547164,Medium
-1.8641111735134628,-1.5872442115316092,0.3793858346564654,Low
1.5504903102871124,6.182111506660698,0.2660948565646319,Medium
1.2947646828180952,-1.7222511479564941,-0.6259101058951264,Medium
-2.1525894787193978,-0.958025933633548,-1.8451131441190924,Low
-0.32212059152558703,-0.7332833426426605,0.4106430728351816,Low
10.505551791662329,-1.973692882971532,0.9631107431667091,High
-1.688204302312254,1.4994437833762067,-4.054374328493999,Low
1.8404518084498924,5.047256853731726,-1.4211026458169007,Low
-1.359926245996706,-1.7001886683507186,-0.5931805678170611,Medium
0.6821714236696715,3.155790193182416,-0.25911440444003586,Low
-1.578554188529302,0.7730174204712967,-0.235165984308127,Low
-1.9054993971029168,-0.8474006005834072,0.6376365008129389,Low
0.04677938025805562,-0.3110270232021685,1.5801305226520659,Low
-1.8560513017454119,-0.658328477699819,0.5455649246044504,Medium
1.2910312095408758,-0.7239077078039083,0.8111463420036741,High
-1.451223727144616,-1.4953977996810652,-0.008244849457580024,Medium
-1.1338733542523787,0.24642373720827754,0.3246283027707578,Low
0.34555851560372214,-1.4631901685304707,1.0785169358868258,Low
-1.6404232341996072,1.1582222740276156,0.0032289639642900957,Low
-1.3863714111018053,1.057174325582717,0.6615844938190203,Low
0.4822375930933723,-1.5522228800566336,1.3395091995924178,High
-1.4203251743287457,-1.0834352627828994,-0.46445696695510374,Low
0.15808793524136514,-0.4728272962708339,0.40161054914660776,Medium
1.1170645077923742,0.04099149897818617,0.13365296478942396,Medium
-2.096201339694294,-1.3745267861317711,-1.2934109902007644,Low
-1.3591930376444894,0.1897567700317463,0.6516720595082048,Low
6.806559145351873,-1.698148348862418,1.8446666950890924,High
-1.174706057141517,-1.4257446445548223,-2.053219055669156,Low
-0.8554932050885417,-1.6628202934689673,-1.4082122712939338,Low
-1.6630824324106999,-1.3550146740807625,0.5137799249662032,Low
6.887879470851531,1.4263122963861203,1.359180940965722,High
1.9433759240703323,3.555159621831012,-2.3274602306687315,High
-0.2712652787043252,-1.523597862086758,-2.3758999356611135,Low
-1.603576888172519,-0.20069774668258364,-0.2691618650976612,Low
-2.1255642308268725,-1.330963467969457,0.8528758801906839,Low
-0.22253137511317206,-0.09021504989174886,1.442993655607746,Medium
12.591640931047623,-2.177162944060195,0.6622284749065679,High
-1.3775917042875219,-0.2403909741195884,-4.659509657402175,Low
8.966104525937986,4.1578273086834745,-2.4789485481243485,High
-1.621054248752168,-1.8882169528979098,-3.81522218926197,Low
0.37814470665594957,0.3289513402273114,-1.7810410888715151,Low
-0.3918865227979755,-1.8531376266096746,-0.25380953585995447,Low
6.918103651458694,-1.1165647419831042,0.02346981616555089,High
-1.1372700564853546,-1.3566391457471414,-3.534978530952325,Low
-0.07805245996222784,-0.587194507696199,-1.0443089594380572,Medium
-2.4268694445249688,-1.1967622377786375,-0.3338525943800215,Low
-0.9367911497145328,-0.42636030643330236,0.8661361571206448,Low
-0.8065185130400372,-0.585968391426545,0.8466112019300979,Medium
3.6002791723069034,-1.0702253927887053,0.4768434188303021,High
1.925229601388965,0.7379995249509032,-0.7141349629951333,Medium
-0.7846861729218384,2.4040509248184563,-1.7045573086946415,Low
-0.5520243453624173,-1.4902911046749658,0.07247995884370176,Low
-0.20471852836137924,-1.472775620052321,0.8612007741237896,Medium
-1.1478828938915386,-1.1315555980878291,0.022310130383076665,Medium
-1.3478566060603634,1.8291832707009172,0.44590063503874006,Low
-2.131482261314004,-0.2930944961039413,0.9588984413279722,Low
-1.390557722982029,-0.5181729185322627,1.056497895084698,Low
-0.9278179248272517,-1.1800695912084753,1.0163193586205204,Medium
0.5735100830875592,-0.6402918554384688,0.35869558594592155,Medium
-0.9711619270706799,-0.8008785243889884,-0.5350318577612236,Low
-0.43116588627536834,1.173636731200148,-0.007629327973811007,Low
2.068123154666636,3.3668161667159584,0.22765000720490633,Medium
-0.4826518217975089,-2.0104841041572836,-1.2407365575785199,Medium
0.5539398502302713,-0.6142382605616962,-0.6854897881433738,Medium
-1.9267256230922913,-1.3013655346931787,-0.28566263788263113,Low
-1.5076690985496246,-0.42023845306858104,0.8960411711375312,Low
-1.4537581930849555,2.009896408883579,1.010295008684125,Low
5.995589673661061,-1.1607608182593605,1.2370488516826115,High
-0.7427596820551673,-0.9896725664200632,-2.197415975858337,Low
-1.4414950558850685,-1.1564479549440307,-1.2782127614455963,Low
-0.4770658057498262,0.8709733389342691,1.056276121463439,Low
-2.6567056039591606,-0.4755586864040336,0.8311074935268704,Low
-0.6618091270733045,-0.7878311173981367,1.602457341569475,Medium
0.30988981755235523,-1.250157309511113,0.9746355451714775,Medium
-0.5400962332790957,-0.8707560111074873,-0.4654828778408504,Low
-1.3940999543918702,3.1210511773409846,-0.3373808915756128,Low
-0.6024657087478814,-1.0841706670963227,1.119196528641888,Low
0.8935122713382099,-0.9333530964726581,0.6203780538068189,Medium
-1.822169956239787,-0.47026873408182895,-0.9756737913240732,Low
5.162143727589768,1.328141971159758,0.6170025988183117,Medium
-1.6795635629290366,-1.1869479509694547,-1.487381080489183,Low
-1.1751529991413177,-1.377734392024442,-0.4970869549836524,Low
-1.4625839160783105,0.23644949386916123,0.7359065123172546,Low
-1.5126603688061926,0.46456523598823385,0.9775165708373843,Low
-1.4749465410383913,0.9257308301007936,0.9383025257591137,Low
-1.1011184717953906,2.575042490752607,1.041252395419717,Low
-2.401861777108736,-1.3513175423039037,0.5897312717873978,Low
-1.8838639402417032,-1.3971663965686105,1.470741405527323,Low
-0.08982219689734394,4.411154261305607,1.7604304041479955,Medium
-0.8155171355919073,-1.3352198841998575,0.42820059914902414,Medium
-0.29148848816850487,0.15486417973963237,-0.13297225989258965,Low
2.532934401241469,1.2648416114176146,-0.13539967524442856,Medium
-0.2398105685916213,-0.413955309431836,-1.4785107639647819,Medium
1.907184325033857,-1.4052878731567675,-0.8998648700478885,High
-1.1711154950514429,1.3195291336862978,-1.6247860880561813,Low
-1.2896842749186284,1.3470591799696208,-0.28673492186651056,Low
-1.1759810052705237,-0.5625572652085747,1.037202762306668,Low
10.96733650099304,-1.0801362172971927,1.1110946930171344,High
-1.4621239431614659,-1.5886588039894756,-3.7181449367695567,Medium
-0.29204057987739696,-1.4549758323587691,-1.8260670486197066,Low
-1.8870538023639698,-0.7657545383505902,0.02689515497206791,Low
11.187745513648679,-1.5756812709006955,1.0210531712496214,High
2.400937597498423,5.163771839126694,-3.8505616506350084,Medium
-1.3999928985445262,-0.562307993000589,-3.4583702492366637,Low
-0.28174449505953547,0.1992168036643321,0.19687371757814004,Low
-1.4441898690190005,-0.9424927238608007,0.6435268157087382,Low
-1.4755559617833307,-1.3549130587131155,0.2613807293281586,Low
-0.24146768435989452,1.2885168445348434,1.0778666121018279,Medium
-1.7809038098428467,-0.6320650713352968,0.3777841346792381,Low
-0.100521650222737,-1.6272245080123453,0.8875071776277231,Medium
-2.1219835399773808,-0.29774434052387666,0.42559533528101195,Low
0.04862729208140438,2.223686987965848,1.1814458649750865,Low
-2.3968786393185533,1.4910384666177854,0.5074544207156907,Low
0.695247519625118,-2.198307338364271,1.4926668625999961,Medium
-1.8415050630023413,2.4805108043615003,-0.32056299482681105,Medium
-1.0534125656779556,-1.6588964237050021,0.6312850687816879,Medium
0.8135556969430934,-1.2328520929121678,1.035078663602091,Low
-1.875251654243478,2.2423214604324433,-0.5427167954081332,Low
-1.5738704609656997,0.545586098456156,0.7782363153615546,Medium
0.5348411909364873,-0.5170556896242189,1.7395669693859148,Medium
11.113298369586174,-0.5406904323933134,0.9479037502452413,High
-1.1084077148172145,1.4889570713050513,-4.971565782048664,Low
0.14295016610122932,0.26353177676900447,-2.001757460420644,Low
0.24139925542507,1.7548904405654169,0.48130918433658426,Low
-0.19851899787236546,-0.6659182924524288,0.027220465708910117,Low
-0.2460370830465523,4.962822817609819,-0.5174231142632827,Low
-0.0017434959869350379,5.628420388772595,0.24430153602961396,Medium
-1.9350352937454895,-2.8204224328496847,0.6302768508160832,Low
-1.3541219294816056,1.6171333412178408,1.0144194945666933,Low
-0.6422131884716933,-1.0075167159222416,1.1896825480871367,Medium
1.2437897581259498,-0.5185971268860898,0.791553731851204,Low
-1.7246131041687485,0.2609644358544535,-0.43158032142722097,Low
-0.1373739253124889,-1.8720949605629078,0.3091415050514532,High
-0.14877713430734057,-0.09811929454523782,-0.048001920426470134,Low
2.4028309021536893,2.7620698833963924,-0.4495954685045197,Medium
1.4399051401844682,-1.8226647985400437,-1.2502946880878867,Low
12.313077416538862,-1.1828464283198725,-1.3933885584685215,High
-1.7718904486375862,2.8728332786060506,-5.178613527711642,Low
1.35009978334375,-1.247115980463334,-1.3277648839230078,Low
-2.080224555457999,-0.9198729434461598,-0.49046441626664256,Low
-0.5299496463349761,-0.47033080464264304,0.2319982719000797,Medium
-1.4307096707299665,-0.09351197213231442,0.11252109610253345,Low
-0.8739454009629039,-0.22037150012166945,0.6504596640179552,Low
0.5011768499297626,0.925494628927718,0.8014475249637655,Medium
-2.6072041417557457,-1.2311037466863544,-0.3125786968051085,Low
-0.1488831910078077,0.7831845345951076,1.1322239309385957,Low
-1.2849455610600051,-0.68529269734018,1.1929868773903125,Low
8.81910115382034,-1.2918108744006442,0.43657667370671305,High
-0.4475404831773239,0.8387643023662306,-3.105181498725355,Low
-1.714634512925824,0.020727849426690297,-1.6452584098974787,Low
10.800542694172462,-1.0913184913324423,1.4673070459888482,High
-1.6959980754321662,-1.679806764910872,-3.7592645799839364,Low
0.06602992288727638,-1.0857666397191439,-2.3094155465388164,Low
-2.485449499539269,-1.0269569464289625,-0.02339367339499047,Low
-1.3493448248423245,-0.6148030021261868,1.2374675440914888,Low
-2.1514057797335187,0.5481271492896915,0.9267351942774299,Low
-2.354725633698538,-1.6418484819781705,1.6389803914347827,Low
-0.9591959945314555,1.2609382562436784,1.843529481521602,Low
-2.048622973662097,-1.1827779661916378,0.736570795543682,Low
9.57427091707472,-1.2236980696234763,1.1705827800389585,High
-1.9249375996276872,-0.27118022227820676,-4.197986640823632,Medium
-0.21938322587438983,-1.3755412141841696,-1.6364479449493607,Low
-1.1061452157299716,2.3440451151857524,0.33647791931354937,Medium
9.727600091618891,-2.4614723315039724,0.9849828559386548,High
-0.451009258706134,-0.14015479880370843,-4.094876307777318,Low
-0.44266066229219103,0.9659483245701616,-2.2973915981526565,Low
2.839121488237752,0.07248449496621054,0.7397001648086377,High
-1.4956903880839159,-1.5932736669418155,-1.7995992467366602,Low
0.10028841912058922,-0.6799815487205264,-0.41674943073658205,Medium
-0.8282828056673708,0.6651939275142245,0.2648308573854494,Low
-1.2440366092946702,4.827911106632509,-0.21606993250835632,Low
-1.375424659268994,1.0998431067974825,0.3941326568313524,Medium
-0.30390893526086477,-1.496589808524725,1.239635927306688,Low
-0.29428015499396254,8.69746924485917,0.23401772206960486,Low
-1.3025881446659777,-3.3556807304062346,0.4316511994410081,Low
0.13172596297278308,-0.28438182555705105,0.8495252399264609,Low
-1.5895006087806154,1.5726326055649622,-0.13629952901297224,Medium
-2.245654130097704,-1.4999098093230046,0.6421149152724056,Low
-0.24739442073888143,-1.3195272834030927,1.7329710883362144,Low
-1.774147013661153,-0.8709659152550768,0.20537198833324363,Low
-0.7898133106357788,-0.38269076635279,0.3754443780929694,Low
-0.3451777819026458,0.8742097762788599,0.5183851311769513,Medium
-1.2181757094524013,-0.3765120287736421,0.04489145770097392,Low
0.07335045119909084,-1.4876937970405797,0.5028444500581035,Medium
-1.522457042142316,-0.051709711645596824,-0.09677622767910876,Low
-1.2159320373193612,3.362230617862446,0.8553456941464604,Low
-1.8998319019287901,0.8954417594556849,1.4566270203062777,Low
-0.5003943447972719,-1.2488145914270612,1.8616196319344556,Low
-0.38562124744647963,6.693984149348599,0.4391431775714254,Low
0.05941026065328187,-0.8599361781495437,0.18732185813733856,Medium
-1.49315947796696,-1.525323777916829,0.10390659703448024,Low
-1.3667566111170495,-1.3726799695035499,0.7546523683423343,Low
-0.2815269541185108,-1.2377289446127762,1.2047451279925365,Medium
-1.124245279322726,1.202950836450835,-0.01723014670607472,Low
0.4391906237450555,-1.5548801131474994,0.1630871284296567,Medium
-0.1402060565418816,-0.15696946116364516,-0.5024641333354299,Medium
-0.10235044024376701,-1.4338686880397593,-0.6783937095523406,Low
-1.1460377492091407,2.9935801391154726,-0.7290145191872592,Medium
-0.7476447185425414,-1.312034486165463,0.631312428359425,Low
-0.6332603743385925,2.3824155202417456,0.37243095893148936,Medium
-1.3517130474697547,3.2792582875733007,0.37709684925248704,Low
-1.3283081336279041,-2.2459583583554776,1.1624868324504884,Medium
-1.8855561292481708,-0.2032450770537656,1.1777172154814828,Low
-1.3819973980261078,-1.4459956002984065,1.1117380551651541,Low
-1.7845571120972963,2.322353796871549,0.5246775890482382,Low
-0.2149245736027753,-0.15588133700621987,1.2111331942374253,Medium
-1.231947041542936,-1.6459920174055396,0.9632786860637768,Low
-2.28386046271871,-1.2007862592539171,0.9697821571593135,Low
-1.4926240010531073,-0.27231415166721307,1.3114097390967518,Low
0.06527670793188217,3.7717540689521294,1.2735854661140773,Medium
-1.0253414182119247,0.04984854450553842,0.04330601143048174,Low
-1.045347255053816,2.1163033205585715,0.07225803877772406,Low
0.3484090411429155,-1.416705902337251,0.6273663554621195,High
-2.357641255196909,-1.4642674083533134,-0.506713207241377,Low
-0.09050062984548801,4.937751524406281,0.5804800263096458,Medium
-2.544746767889045,-2.428033436600121,1.021870763101252,Low
-1.307730303055762,4.553366024558946,0.9468138559848297,Low
-2.0725945836425677,-1.3989978580702334,1.554249419620833,Low
-2.053619012861303,-1.4438478395029144,1.755331198295633,Low
-1.7403036682663495,0.5990025994217338,1.5381520317752548,Low
-0.8558612426757068,5.5219656852552506,1.232293446519265,Low
-1.6807226580712928,2.9484051892592915,1.095900189407017,Low
-2.169370262597247,-2.0704919107055133,1.7946759920095412,Low
-1.9567304520815583,-0.9642895424640329,1.5894822650246783,Low
-1.0985532687156179,0.039424096135753116,1.1778720272788032,Low
11.201395118104227,-0.08746316220403869,0.9948975493472323,High
-1.9397632720266051,0.3693723941747452,-3.9378381423178226,Low
-1.008897541411403,-1.3880970826496222,-1.188056534877034,Low
-1.2838218747812289,2.990432577154711,0.8017618491644132,Low
7.902085161659374,-1.1262922962419812,1.2456708173320044,High
-1.8877173251224086,1.1221418648923502,-2.7841822529949103,Low
-1.3525958162900085,-0.6566625422400078,-0.6765020450985917,Low
-0.5422815597368758,-0.7072870442498939,1.2225996414310554,Low
-0.42535708812812717,6.310152596939386,-0.08805921469254707,Low
1.1330918905406173,-1.0903227190369675,0.052845574741583114,High
-0.8444151330870231,1.7060894621471332,-0.847071309725624,Low
-0.724070152297223,3.278622642627086,-0.2418821913701122,Low
-1.8492906833806662,-0.6289721072908909,0.7208164795876071,Low
-1.6535660844781228,-0.2503130425543116,1.5466555909309194,Low
-1.596744264512413,-1.6013549631089485,1.517794756673485,Low
-1.502649462843579,-1.2491284974908636,1.3704474562544129,Low
0.17821415717423175,-1.366485858079679,0.840734645514732,High
-1.2367336391339996,-1.0434291825632642,-0.29564413585291566,Low
-0.3157862049909617,-0.6577393914317072,0.3528474386719202,Low
-1.9718795966501816,-0.7704078665071292,0.45590996302571707,Low
-1.6536805816112394,-0.528763891913603,0.8611674928349107,Low
-1.2212796369001895,-0.41678419101416003,1.0445088260439617,Medium
-0.9903049222686238,-1.4702659942282232,0.6966183590264546,Low
10.842316556350042,-2.387403129689311,0.6303312772382917,High
-2.2446343444601653,0.512345433699077,-3.1580854579629403,Low
-0.5292913754016084,-0.5141472614525006,-0.895793631404213,Low
-1.0865305161839374,-0.8345345013098385,0.5334396436678777,Low
-1.5550969698765849,0.2362241040498369,0.24491459726473724,Low
-1.0382499319697207,1.563147295134763,0.3897690766837865,Low
-1.3261823379218116,-0.6083515723126917,1.2274947726051502,Low
-1.5115974817523496,0.5988033213520277,0.664265543552633,Low
1.1541502204144927,5.236823271654484,0.45754761121953097,Low
-0.9829951345695783,0.44056291328236974,-0.2715184264696161,Low
-1.7186956751591567,-0.6574751646208086,0.3331357273801579,Low
-1.562370345505632,0.2972252402228161,0.9356435415292806,Low
0.02305319318626238,-0.9772931253171834,1.289117721644764,Low
-2.1132633243834755,-0.15259899791440842,0.15781804977566688,Low
-0.9270832835507665,4.579135310885703,0.948238204733384,Medium
-0.18396735427198424,-1.621148039957044,1.1016342702743203,Medium
-2.0224023781298834,1.6805005954211552,-0.31847566498676033,Low
0.6818840017116599,-1.6437631977908713,0.8640922405870531,Medium
9.369601932372762,10.75671448163815,0.19316373981603746,High
7.902576557089347,-2.4911456158286773,-2.7069624360992086,High
0.439870620975727,-1.8838401258584807,-4.521791418170215,Low
3.3771628434370444,0.2396182098249623,-2.153667113848511,High
-0.10162656590665306,-1.2048266285851204,-2.499304174977514,Low
-0.9189381055843044,-1.6412597576592665,-1.7475160500521236,Low
-1.0172009087096645,1.152477464443913,0.10255118834484359,Medium
-0.8064266143815335,-1.3199268089274303,0.8843610408595678,Medium
-0.46156011667448005,0.5011936989383323,-0.0510233129389488,Medium
2.7448068246061768,-1.2744974363243418,0.32058617757227553,High
-0.2536258910631691,-1.1948070068769254,-1.6955842567276989,Medium
-1.3003745707960537,4.511532006959451,-1.3133087935444123,Medium
-1.9241964546451003,-1.9327327720502476,0.9172923327395527,Low
1.5976288173276452,0.16760895585954405,1.6137915128002516,Medium
0.44475876806984477,-0.39037113670309725,-0.8112450784102785,Medium
1.0702025690974106,-0.18648587260211474,-1.360176562655653,Medium
-1.7929607932763714,1.6194854718436344,-1.5596024335931347,Low
-1.4417130166997763,-0.33345390344285886,0.6784462500968235,Low
-0.1475969634357583,-1.0039210344860447,1.5172169671942612,Medium
-1.496917410776016,1.9398000333614545,-0.12290542800585126,Low
-0.5926030109727235,-1.8470725962945922,0.34853919841722014,Low
-1.4450157980460034,0.10662550917973537,0.417550780267842,Low
1.1321251627971851,2.50996978775861,0.34733480171768294,Medium
-2.171299763085448,-0.5198983081766955,-0.4448796193388337,Low
-1.441656038741455,1.3457262594714712,0.7063933739515247,Low
-0.2521354126531072,0.03563057504564286,1.7144220369382088,Low
-1.0513111081176665,1.793326416625147,0.5877489984420328,Low
0.07815986588989549,2.1110396636131803,-0.03662244565811685,High
-2.474854079414446,-1.849939487019341,-0.10696939687814312,Low
-1.5127096894021599,-0.937950036340022,1.1538505856075123,Low
0.4162179267341028,-0.4731785699376462,1.316112748748145,Medium
-1.3202111284284517,0.21659095420201663,-0.3945157248063888,Low
-0.33529036004200624,-0.9888836984395298,0.41594246074680624,Low
-1.2070906193278808,-1.4733434236579845,0.5149193723867953,Low
-1.1682724914114835,-0.3765653191711051,0.5458079825966459,Low
-1.546584073493175,4.662555386987999,0.20691062157570078,Low
1.3185972084623208,0.27547387314084054,1.821377959997728,Low
-0.49439380354459067,-0.38792099910491906,0.12869396506122704,Low
-0.4307413953737648,-1.3271739308188162,-0.18470495058789627,Medium
-0.5571117951091021,-0.563632579416614,0.08897409850367828,Medium
-1.3590399823087709,-1.1087704005765113,0.07741708791859256,Low
1.821742499252283,-1.4327336870513117,1.0102590197812824,Medium
12.852909579231342,2.5913692718601653,-0.7272370429059312,High
-0.9897764175470911,9.23600086989024,-6.133432014643837,Low
1.4799091775541724,-3.058242334551183,-1.8743471616497964,Low
-2.357410278395347,-1.487974313444319,-0.4637613205627616,Low
-1.2750345814920931,-0.8946289206829976,1.0797927996411132,Low
-2.6838796563926373,-0.783734328901155,1.6978172539141199,Low
-2.3307478875531467,-1.0634119903864958,2.6035061287132475,Low
-0.9178688408761673,-0.9178296994246962,2.0695852251844786,Low
0.08518368325090493,-0.8202298298971878,0.8024236148060868,Low
-1.5046302522053918,1.214122835771085,-0.16017096464541555,Low
-0.09118333999907029,1.0250609796996566,1.2796656603559895,Low
-2.91581319947674,-0.277807009535261,0.7362187687321301,Low
0.3143079452161127,-1.382001696312071,1.641060250091959,Medium
-1.7152297653440083,2.672796794362517,0.5340775298605892,Low
0.3378499215960459,4.07183316747919,0.6131177901309199,Medium
-2.0139754928803,-2.04819750886966,0.11894884372627719,Low
9.643011562468969,-2.0000386695188754,1.5165264543460164,High
-0.054277129994663165,-0.4958739065467247,-2.5579003293826763,High
-1.092027105920562,-1.740871508554445,-2.6108538304514433,Low
1.544627220089875,-0.6321790420733784,0.2558646749134529,Medium
0.13387794546410361,-0.19722255721962784,-1.0022276738120972,Medium
-1.8088598695822298,-0.6137675143714388,-1.4366830495121268,Low
-1.051395302041179,-1.0184178487145035,1.2302194375918263,Low
-2.453516040068054,-0.3378525839011596,1.2423580606860924,Low
-0.031191992029211746,3.755593870213239,1.4129715113096122,Medium
-0.058791184974139286,-1.9688041788533563,1.0442286569749963,Medium
-1.2302302931159164,0.013339519934408847,-0.2406911669770709,Low
11.038669970831416,-2.4348381685962295,0.3541571209032862,High
-2.738482625083848,-1.3813068693102786,-3.819006467288299,Low
-0.808426720906731,-0.3098000707112107,-1.4196495071380497,Low
-1.635069345088165,-1.4109635238157299,0.9364686945347389,Low
-2.1925312702285145,-1.4370843847304438,0.8262948850901021,Low
-1.9990434726373292,-1.0698668184002884,1.0600632547656743,Low
-0.9205432360736796,-0.39456725029825385,1.9528206951564413,Medium
6.31444248837767,0.5370107446159084,1.4748457642785016,High
-0.8964003282872268,-1.5642232038072514,-1.9618974312911777,Medium
-1.5638443224528524,0.22927768071079094,-1.6286262518740116,Low
1.6421922680316445,-1.6881323432753563,1.2862769063406372,Medium
-1.6527720180189727,0.14512248137894107,-0.5426504020429127,Low
-0.05330465307845539,-0.9462735918570656,0.3530355156943892,Low
-0.6645968950904828,0.45302632896155187,0.6231617386725038,Low
1.1747744009389547,8.220302186134898,-0.05106303085590116,High
-0.9452284126643647,1.4046325788875484,-0.7473493348073988,Low
-1.0229696777218302,-2.309413426161069,0.22174839833240917,Medium
-0.8110407366338682,2.173979743589027,0.9429080457346479,Medium
-1.4126472032985011,-2.2211135784069156,0.9213670439189682,Low
-1.105219921704791,2.7644771988247867,0.8026294078872249,Low
-0.48354554386636156,-1.595597228810999,1.1418970612777768,Low
9.067052223945126,-1.1300399345640908,0.29154295717772416,High
-2.0885508347560724,-1.4098512483357346,-3.173749696961001,Low
-0.6953847575394186,-1.2026576147293397,-0.9744633950322728,Low
0.0830562325476562,0.7580404648213339,0.08822503310774048,Medium
0.9752120572399227,5.370784723749471,-0.7796470043015238,Low
-0.031102375078740058,-0.49292307828816967,-1.4454299368696435,Low
-1.6982477865104406,0.5591249863873633,-0.37912468480311834,Low
-1.0707688513528708,0.3038983213063887,0.28718178447335024,Medium
-2.3638546964521048,-1.4694466135556958,0.8927745461736529,Low
-0.15319926050176857,-1.5137805868011187,1.7600288964354154,Low
-1.8209635737792214,-1.4614058732039399,0.3238042075065914,Low
-1.047350334264285,-1.006893702199851,0.5613455722382685,Low
-2.512814748934136,-1.0231093509531215,0.9497823234494717,Low
-1.9531880042312046,-1.4230061696089218,1.588585047624357,Low
10.01524755403456,-1.462194739241931,1.8652791388352428,High
0.8771941800436768,-1.5747258780140732,-3.334640263395932,High
0.4681473485577076,2.6108049010514365,-3.5739366704790876,Low
0.6080807581601251,0.15199059622982206,-0.8183537649160157,High
1.3098629141261646,-0.9057242440699033,-1.0607325664451857,Medium
-1.2772500009209078,-0.3948812507415098,-1.8034801986806874,Low
2.4546616177694602,0.0008490037433085377,0.6488532647986596,Medium
0.2088834076161923,-1.6016911033744647,-0.21770005832914938,Low
-2.275233124811034,-0.8244869999533145,-0.8488089015737876,Low
-1.1556819630973947,-1.4312094857622328,1.357656909582329,Low
-1.7661194934246105,-0.6795820155450948,1.3481876347705206,Low
-0.6992684060805702,-1.492504867100135,1.2876984029075154,Low
-1.3968686638486143,0.31069907115373074,0.8022005365109638,Low
0.7780409948158975,1.0419967801903023,1.424889997021527,Low
-2.6522593652858686,-0.6397431783348693,0.16826229124074826,Low
-1.5758451250360823,-0.3960511887053225,0.9810360910898854,Low
-0.8185923659932286,-0.9678670132058826,1.2542479301013096,Medium
-1.3981726827248484,1.4417125929484036,0.35000165540214456,Low
-1.6908948121104828,-1.600387011861546,0.7085154885206212,Low
-1.6746502648520671,0.5534380755131865,1.0637636832629618,Low
0.3282619852132693,0.510542051138742,1.2551453990226726,Medium
9.882587674434788,-1.574671825540653,0.2837612581108736,High
-0.7546398896322015,-1.1269407743840627,-3.1783759068599986,Low
1.162054520927509,-0.7391301904557382,-1.5298919281207282,Medium
0.8751533789723515,-1.7814429219836394,-0.9175548250984036,Medium
-1.256772847965893,-1.5483366101648377,-1.5866440557424566,Low
-0.5445992605888883,-1.4408620591622872,-0.03337533180805273,Low
-0.9160687208348575,-1.031822242749521,0.6031028481012579,Low
-1.5105095110565678,-0.09357543017975889,0.15557986693919376,Low
11.718727891656913,0.9340009158806558,0.6197836420862658,High
0.2754465948063707,-1.8154656708473564,-3.4738359861624835,Low
-0.4690706470980885,3.699768117505615,-2.53386462676497,Low
-1.9999894050361144,1.9838071549688645,0.12073119911412329,Low
-1.1872384056276906,3.745293783787141,1.1497403910744353,Low
-2.028197270466511,0.56696866316435,0.46100121101044417,Low
-1.085529992994959,-0.9949306622500996,1.989190876808524,Medium
-2.0269382718444477,-1.4482763774072398,1.2745192086428916,Low
-0.8602555120385793,-0.5169063892645428,0.952632038652356,Low
6.237613206637455,-0.8907709548298571,1.1722556648650064,High
-0.6679489111432281,1.4919009341713982,-1.9823156343620278,Low
8.762771641911325,8.433054226472521,-1.589505650699021,High
10.29488314344417,-2.777544441190474,-2.6506117941813176,High
-0.190387194370256,-1.0497624394914487,-5.3810144391948525,Low
-0.061368612057500514,-1.6708886756926329,-2.7362692769652606,Low
0.9182982148762436,-1.726652772498176,0.18285322284826147,Medium
-0.3414314898922242,-0.7225806169512319,-1.1428094406878015,High
-1.5035850802223472,-0.42320555836443613,-0.984610126823826,Low
0.7476504753682552,1.153607033568396,0.6168072728469479,High
4.490700576026514,-0.6537715599210179,-0.014373857520817138,Medium
-1.8091551276775462,2.4582568473469637,-2.150118625518691,Low
11.256837985933677,-0.6776237966018764,0.6740286800002354,High
0.051347065258506026,0.8841495463146475,-3.668319308505969,Low
0.4574157184540883,-1.731382551682018,-2.217501565430828,Medium
-1.8447765698624359,1.3629394036606994,-0.6560794274645371,Low
0.4347871807737815,0.027096882382724542,1.6950106568345158,Medium
-0.23323423637068727,-1.345516509585753,0.2855132402119473,Low
-2.4616680850608943,-1.3203542679826068,-0.8124542784478659,Low
-0.5234145080961186,2.5321770711944316,1.170409295213291,Low
-2.1294967514239644,-1.950489860168096,1.310902821387994,Low
-1.8120459480231514,-0.28847068873799686,1.009965346763459,Low
-0.7560497591438339,-0.8699961665644377,1.8410696777332318,Low
-1.5764063296640398,0.2130303262538495,0.7921656487509015,Low
-0.8865755813842168,1.499359920842468,0.6028595456090082,Low
-1.665760810322804,-1.1692149915337673,0.797755602412017,Low
-0.29167098438303496,-0.38544435669218113,1.0922056353533223,Low
-0.7812362980587418,5.6556241637657525,0.19432958329672184,Low
-0.3148809215060816,0.13138356714004598,0.37409483741671473,Low
-1.9846710434454962,1.9638906579993463,-0.034176643993451536,Low
-2.132339634200503,-0.19344707199067598,1.3643989082056942,Low
-2.2933930834262855,-1.2135500109413153,2.349658769147567,Low
-2.1105693552581193,-0.3003261021248412,2.414413408335381,Low
6.424640705891464,0.7969767139919431,2.1063670106611623,High
7.493973186483686,-2.13798448973622,-2.2431443079890236,High
0.9749956479115989,-0.6975169456635324,-4.120348336949379,Medium
-1.0321763379891349,-1.371226922052239,-2.016879393783306,Low
-0.7228210774400324,-0.5693768497224174,-0.37707547756092713,Low
2.0267101238450818,1.7026848122293101,-0.12140853667340758,High
-0.7005277385048396,-2.110743372787444,-1.7794763039785657,Low
10.18326544277411,0.09375028476709747,-0.4048356085440008,High
-1.299970047705113,2.1242429694775966,-3.4959631661780906,Medium
5.431163509435642,-1.785950682807334,-1.0895185204683713,High
-0.9973585154167447,0.2534946517142999,-2.721391878689823,Medium
-0.37604145872609884,4.65213253169835,-1.2236090919790001,Medium
0.3249263262930304,4.528186283774019,-0.30459502715224696,Low
-0.45762589030872936,-1.9965731649977567,0.18635324728732316,Low
7.910652175650913,-2.040974410646754,-0.21964761744806818,High
-0.19305970360346383,-1.287962611666543,-2.9434421091208005,Low
-0.8011279348567687,-0.19268629829679443,-1.7187941218298028,Low
-1.3216977632210092,0.6429157634066592,0.5742372875536891,Low
-0.22035695331284857,0.276261234278621,0.7631668845305956,Low
-1.4825183819728442,-1.3349803326991738,-0.2287344320890421,Low
-0.3422887807285094,-1.0796944907766957,1.1655956700284051,Low
-1.7023575883403947,0.17618243382112744,0.5927213759855992,Low
-1.9704137010385676,-0.5107016175292947,0.4508433356521083,Low
-1.0992827140475525,0.9434555721556231,0.9708480234871069,Low
0.09463775104783763,-0.2385894409457505,0.7118631888126955,Low
-0.26390319678260454,-0.9601419925216436,-0.033314338104639775,Low
-1.211472289641989,-0.8644235619898113,-0.2639404772941297,Low
-1.6385851962656428,-1.1138181014618762,0.26245211885777875,Medium
-2.206227503100882,-0.9469484183190331,1.3654042535487187,Low
-0.9638564880097915,-1.1924935948455089,2.1993821057623095,Low
-2.084635108293722,-0.7787584116651197,0.8913498702980908,Low
-0.6017627772038745,-1.4837802854916193,1.4228766723677775,Medium
-0.5390143459172414,-1.2649759824125852,0.5884447025329045,Medium
1.0025129382897322,0.8203117467788549,-0.15901568012642905,Medium
-1.221743985711227,-0.026641631221570258,-1.127184357048337,Low
-0.5279535389795494,0.40892267643818486,-0.0877901133992099,Low
-1.010836781883221,0.24313051340363417,0.3772482737632863,Low
-1.0770328445309993,-0.3423104754750517,0.6786893665011597,Medium
-1.9194668739255005,3.2107373813214046,0.35510474737094805,Low
-0.4872979783273685,-2.472453763228301,1.6725613411513254,Low
-1.499021822341717,1.1165854463559566,0.9141877129513044,Low
-0.16040927933384835,4.238917978724859,0.3592240337155398,Low
-1.5331153191549327,0.6698634179227629,0.34528449097071884,Low
-0.05180768155211146,-1.6320285671285657,1.2274226941307518,Low
-1.5111857198239844,-0.47984691945786356,0.46078632354562615,Medium
-0.293082708326654,-1.2352570950820605,0.6912912297756023,Low
1.0204733370730357,0.6416947805073805,0.5022081302473128,High
-0.0535308503299787,-0.013232969634013762,-1.1315847774956076,Medium
-1.965540592270942,-1.2750967970214926,-0.7206501282691484,Low
-2.309903933377425,-0.5346841544374623,0.8490560163074213,Low
2.0724171904206488,0.5962712006755038,1.9656055602682594,Medium
-2.2865740034354016,-0.6158510582927269,-1.0891516263529848,Low
0.07908000499163242,1.6155684889297948,-0.2037246296182872,Low
-1.509366478434216,0.791222837873272,0.3403858207639776,Low
-2.2280583130130722,-1.759718428084496,0.42102029903942234,Low
0.14524791405286505,1.1409892122285523,1.9960161940018766,Low
-1.3320146099992023,-1.2226048005074026,1.1222321998810647,Medium
-1.9064179923553286,0.10547211087482927,0.6688499028565448,Low
-0.008091629819307965,4.302449544578135,1.1754157504740934,Medium
10.03071424371123,0.7686018002921982,0.04051297374790873,High
0.10084519792850172,-1.3977630333820554,-3.476422649325541,Low
0.21000871668605056,-1.373926723786739,-2.172682524985639,Low
-0.45061132117811536,-1.1021810387233717,-0.5669202286635248,Low
0.14491813238298948,0.331969127709342,-0.2934494679300292,Low
-0.6894880765702681,-1.319476693805541,-0.13612688897915434,Low
1.2371902802019024,0.32334214726156285,0.43036696674218056,Low
-1.1631709138314257,-1.662129339343989,-0.05116828173441074,Medium
-1.8496148298301538,-0.8057792708869219,0.39053503648241755,Low
-2.1905322886233862,-0.9756210921485385,1.640204159958475,Low
-1.738739226451778,4.888851401360204,1.5636018755950403,Low
-0.5805128262767225,0.20200142106766875,1.437317044905152,Low
-2.486931067644345,-1.2281761009802723,0.41421458018233837,Low
-0.6000722593824741,-0.9787051000353185,1.5401285975147332,Low
11.204067896693736,-0.9185735390950217,1.2019515157022889,High
-0.7365408577410973,-1.4724098173052427,-3.648280345854433,Low
-1.2159283559670508,-0.4638274006514406,-2.193279641628983,Low
-0.5189519063925896,0.5553478434651857,0.24868407380558755,Medium
-1.1475680004354654,-0.07511179790326215,0.07592642722024523,Low
11.984336269431516,-0.8932090899789839,0.0516292877710955,High
-1.895405469481249,-0.7625790152336028,-4.353216520152172,Low
5.453043890694738,3.501957135596776,-1.3825373153705633,Medium
-1.089176901637088,2.1240972179958626,-1.8351296676664277,Low
1.8573061259564219,-0.6534551881636562,-0.4252845129855809,Medium
-0.6901427583079324,-1.1834038770519355,-0.9634807493167362,Low
-0.8837478433805094,-0.866322047735215,-0.3741398469571533,Low
-1.5915504901433875,-1.1999652226484467,0.44107218740884874,Medium
1.1626088210720653,-0.1295656154841801,1.0326079400515709,Medium
-2.9917868262853102,-0.8516750523800005,-0.6801703932972194,Low
9.273692313104096,-1.9489058030138742,1.6291841634646176,High
-2.475575354241246,-1.1152306372392253,-2.9609035640500023,Low
-0.7319580607957471,-0.17416390862535233,-0.8077607758349136,Low
-0.23423950128530271,3.3525410884473077,0.7222447226006552,Low
-0.6654931230415881,-0.3612544405267152,0.4947378467126075,Low
0.3048007619667751,0.07105956967019361,-0.10429294162095337,High
0.32756788962425143,-1.4532502022369511,-0.3996082333537165,Medium
0.3919778383177888,0.628361727910639,-0.3454136936387382,Low
-1.758608981205294,-0.6308300456408845,-0.4644379856664114,Low
-1.194031963565707,0.3751618135516451,0.7247868317448127,Low
-1.1118815497844172,-1.6573272009527704,1.1885068745493785,Low
1.3998150038274588,-0.49957179487966324,0.8057252692447683,Medium
-1.482166617161964,-1.047872078363335,-0.8952661032388105,Medium
1.214855787748864,-1.2576792967138075,0.061753536024248414,Medium
0.44255647903959366,3.4614845147674957,-0.7755828865204095,Medium
-1.5474562487184986,-2.066951856430426,-0.9509377058368603,Low
-1.089251129966027,-0.9740875063156024,0.6785279075937638,Low
-2.4962154708092323,-0.30465388597991166,0.6984101291651059,Low
-1.6100190234206735,0.2612914840863079,1.2106943931536673,Low
9.409427259161314,-0.8089306449423337,2.0083083624425266,High
-0.6682902361701835,1.4283878929196026,-2.9328865626791476,Low
-0.7576445897734413,0.49722877746681193,-1.6816515239007537,Medium
-0.31138034894021,-1.1792097204192729,1.1009332387065565,Low
1.5842088314232967,-0.8006311414143739,0.01193950215305634,High
-2.589293656649058,-1.1057727534579214,-2.033184392259941,Low
0.9809683004697957,1.18593582480703,0.6212190156831926,Medium
-1.300430293984107,-1.9776994528348875,0.28053237264253705,Medium
-2.253914494119624,-0.9868162514585265,-0.27788729656302674,Low
-1.7791426970579212,0.2957985395821913,1.2732124817664197,Low
-0.6597792773862595,-0.6615131694832971,2.206200614283132,High
-0.9711001706298841,-0.07764535150777499,1.202838461834714,Low
-1.5514548268634434,0.07629434462995972,0.3770020555674473,Low
-0.9799227709398864,-1.0207245113798242,1.0043575517885637,Low
0.9123561930556826,-0.5336659171895726,0.5947415467952826,Medium
-1.7224596097451152,-0.6316725815065126,-0.7230892625647931,Medium
-1.4749668828183582,2.189134565449928,0.11532090574496236,Medium
-1.9541979458229393,-1.3638390300705154,1.2589709074955149,Low
-1.9750755879975328,1.4800367179704887,1.243475155009051,Low
-1.3495978193751144,0.09821604000075744,1.629038438479324,Low
-0.1598168834567426,-1.8769337141266307,1.3494969020461283,Low
-0.9705230102562552,0.6718097348574139,0.12299071885442632,Low
-0.7004943974355782,-1.7100894011309375,0.6653447339895251,Low
7.464847428197492,9.253868320682793,0.3761102729049809,High
-2.0356746881480094,0.2255597068027178,-2.494739447358156,Low
-0.7284843894016364,-1.2283851254932217,-0.3969362214899905,Medium
-1.8425252621051766,-1.1073974016069263,1.1341785097915364,Low
5.611984973358456,-0.8567410363294925,1.673639367239423,High
-1.905088611277475,-0.6847550370499403,-1.9333293143405998,Low
1.90940256930179,-1.1035924197944715,-0.2611837876771451,High
-1.1488433614358151,-0.8464103025334142,-0.4355798639695911,Medium
-2.231952827985702,-0.12462795864263039,0.349239638367476,Low
-1.0334490519197144,-1.2151724441214706,1.9293199978096056,Low
-0.994627253790919,1.6626499671175803,1.1248235365746218,Low
0.05499527035521174,0.5871031500809007,0.837027101821793,Low
-1.920924126657797,-0.3988950841472735,0.6787052617890802,Low
0.5244738400839145,1.1531846047715095,1.0713750670121538,Medium
-2.6504958674372916,-1.5459399028839218,0.01082399832791395,Low
-0.011558872290910537,-1.8277210517455627,1.5037638219834049,Medium
-0.6876636095883034,0.3741039420879603,0.8569775511476131,Low
-1.9674284575550172,-0.9167700146833058,0.013373221018756386,Low
0.22577952551561584,0.4040396700162928,1.1058722423122627,Low
-2.1131433339952346,1.1955973068650403,0.5998600833371244,Low
-0.34419217057437873,5.639062980388118,1.3154716567190472,Low
0.6483320540394342,-0.9211501663189503,1.4870509948306039,High
7.566886182779038,0.6586627958531668,-0.6240474406673232,High
-1.3726228312239785,-1.890032582191565,-3.343358743977659,Low
-0.857276941170192,-1.0851892525897207,-0.8453597741639247,Low
-1.1843652588586198,0.8054088738650435,0.8717519777836193,Low
8.174849775773172,-0.8367533277382174,1.0482269308370966,High
-1.4551168415364062,-0.6871449981529987,-4.384003807673986,Low
0.027161131683655755,-1.0328249106888283,-1.3211822071426402,Low
-0.49079706651561666,-0.0992291104228594,0.7034493764847418,Medium
11.232536229444985,-1.9396394066564493,0.10106768635558151,High
-1.7193061910816096,0.22365608498363823,-4.648608812742599,Low
-0.9510807219490197,-1.6899487339636046,-1.5401208637139705,Low
-0.7834899683537706,-1.577812755959769,0.8805420142282602,Low
-0.4539051078516958,-0.725435020530688,0.3442344559088058,Medium
1.0418171199128639,-1.4072188379607458,-0.4563625947081507,Low
-0.8423837931327383,2.192841120822064,-0.3702734157348462,Low
0.6405310532072346,-2.214800377459256,0.2131616458669544,High
-0.8839181697882695,-1.142428087375949,-0.6796053946289011,Low
1.2873157719869412,-0.5119683286441025,0.06924386691715051,High
-0.42769895115175394,-0.8387994055690569,-0.5355800534987026,Medium
1.1502685492655238,-1.8542077377983126,-0.21356659007932527,Medium
-1.6644003913836671,-1.5274052040238477,-0.894804484044575,Low
10.46811022015748,7.370583197921031,0.11576931121660984,High
-1.4243034333577735,-1.629160942327946,-3.3384062896408704,Medium
0.9884869372659212,-0.959164779009163,-1.2452882558195344,Medium
-0.4101227339660231,-0.5350704784017128,-0.7895549630197352,Low
-0.3072810050813844,-1.14931153966647,-0.8745206872274812,Low
-0.41261748884775784,-0.6637475406176139,-0.09368204216650325,Medium
-0.15634294338595936,0.9262425148215782,0.1407939644750544,Low
-0.8507824079914171,2.6014261071307563,0.27212825604885016,Low
-2.334156170940436,-1.8086154794338354,0.6981213243419501,Low
-0.6393373151914009,1.068470473993245,1.4413940280819824,Medium
-1.4792504991695066,-1.8425543610739374,0.8738172011354003,Low
8.473589426277423,-1.6563510371802288,1.082395999255637,High
-1.0928266865708411,-1.4998044186010924,-2.6974147675763875,Medium
0.7788602607127693,-1.556848843174261,-1.1487570249399144,Low
-1.283805814793889,3.038782700656311,-0.30687237103850723,Low
-1.2019209701885318,-1.2941631660706918,0.5746668292676026,Low
0.24655780234498562,0.492253763386718,1.0603324523699051,Low
-2.3314719989882593,2.669216759320233,0.1255859900106194,Low
-1.8391645186330503,0.9028827731993863,1.464789176001229,Low
-2.136337411085875,-0.022585287025496916,1.9229799403947594,Low
-2.3491478108814836,2.4164644104874444,1.6566728459367341,Low
-1.8210038752219084,-1.5087733954588687,1.9530251712738378,Low
0.6130593399666895,0.967837336920995,1.4623287298156915,High
-0.3809914276403072,1.1432194664957838,0.2058158007808876,Low
-1.4970649301820533,2.056442705855161,-0.4685226437512996,Low
-1.1754211282711007,0.9327854364479982,0.688097473486319,Low
8.362898506863527,-1.387266458235588,1.7561562703733946,High
-1.7380532155624626,1.2946898290861084,-3.3803560913354533,Low
-0.5322161734508367,-1.5029738086029218,-1.4183682392452432,Medium
-0.5605314079794873,-0.8526893429292305,0.6336541931439812,Low
0.40347587082907654,-1.0068063391796538,0.4346595620483777,Low
1.6306936558570126,2.870571564535838,-0.595971274325515,High
-1.7553833327886883,-1.3355418014148968,-1.3052502236802046,Low
-0.6339880497802218,-0.5016382603129824,-0.1816266269316661,Medium
0.26855201426724734,-0.9276072342739,0.5548067753544764,Medium
1.45150588231265,5.264724015463159,-0.3831972073255815,Low
0.8010968934287986,-2.1127250055926736,-0.5353602621770294,High
0.4102366032462997,1.8363834995416601,-0.872694237952692,Low
-1.1942781946751029,1.8459270980084033,-0.7455354656474876,Low
-1.5760721453796267,-1.0428589391231782,0.72770164448356,Low
-1.6197752876340046,-0.47858142369083373,1.3362711159130072,Low
-1.5254688585150271,1.316017240146077,1.140498511879535,Low
0.5289074535206656,2.684472069318128,1.15529691161549,Medium
-1.7910650843523022,-0.2911759183383222,0.008324695427642002,Low
-0.8195003394447435,-1.5442614696968306,0.6923088840768751,Low
-1.8596844408491444,2.2812655051049764,0.6540921844268506,Low
-1.0328770646956482,-1.2413345185761928,1.0915378900229895,Low
7.167872165081588,-0.07035705005973664,1.0833228781490807,High
-0.803951722623517,1.368923657801275,-2.688208048817244,Medium
11.725713051033622,-2.4815932258825226,-1.0087900048129668,High
-1.8320373362875333,1.2939738167499646,-4.190993849896853,Low
-0.4920587055646285,-0.2052624310536802,-1.8532063542195503,Low
-0.10074671734040191,2.407017809785044,-0.054926924100508645,Medium
10.832627889208851,-2.686189709666267,-0.5449081353049489,High
0.24394393707273684,-0.6549204371449655,-4.620054833733963,Low
-0.03679279003511368,1.6024970862192807,-2.447646450267146,Low
-0.576992927511595,-2.019175327900836,0.1587915984217507,Low
-2.3141432003447866,-1.3238985272940502,-0.1039964937304235,Medium
0.001297026267892944,7.082279838097826,0.6075873371558091,Low
-0.2088745678637158,-2.3678327678180633,1.1524318701743281,Medium
0.6291715964000129,4.995651158960756,-0.39143269095508487,Low
-1.6425879480423542,-0.22635560738445806,-0.7049348618111326,Low
0.663541446443863,-1.7032024831182178,0.5825302241854258,Medium
-1.7449188743816877,1.3756885740408606,-0.06086033477969947,Low
-0.6944340885027052,-0.06688176120274492,0.5944068496407275,Medium
-1.8121340016948952,0.1010677801566688,0.44248548002660715,Low
0.8266510970945565,-0.6109068449810736,0.5998612506150616,High
-1.5732936116109848,1.6623652866596883,-0.7272090673198428,Low
-0.7076430677213091,-1.3996843843073838,0.46314377344273583,Low
-0.943440581296334,-0.6198969340922771,0.845632280277427,Low
-1.2563591466806916,-1.224389052713145,0.6825102406851588,Medium
-0.2905140481843945,-0.12827122168162414,0.7275106975991787,Medium
-0.440673005913182,-1.3632189449977599,0.7007855418091579,Low
-1.8990178450217008,-0.7689014029078856,0.2452022692256614,Medium
0.22066974992692226,-0.5343548996240607,1.4255734001084635,Medium
-0.4337608943189834,-1.7643972788813995,0.4045644047707192,Low
-0.5460670415862767,-1.171617069830213,-0.132715748145113,Low
4.37378050844249,1.0446689540614194,0.330694332275139,Medium
-1.1105487808125203,-0.9202584600780596,-1.9897785357282418,Medium
0.07905693179185752,1.5954122318763593,-0.3991606115480947,Low
-0.5855685867960391,0.5136850257503177,0.7743620530578693,Low
-2.252945804032711,-1.597682746242847,0.19472130689112835,Low
-0.8792135945141287,0.5959707982003125,1.1840029388718218,Low
-2.6353364968932813,-1.5598960409782938,0.8478171812097824,Medium
-1.1249707508076356,1.3921031444018575,1.6645285217838917,Low
-1.069240132341457,7.495727546728528,1.1054547342057044,Low
1.0216472858464827,-1.7579498535163853,1.4474050885320164,Medium
7.376147105059671,0.3229116470258204,-0.44048038918673016,High
10.481138522852076,-1.723576791478845,-3.057305523543245,High
-0.0740691973007003,-0.6150622115183358,-5.44034080669636,Medium
2.86622648228452,2.5947483178136967,-2.9896747193377866,Medium
-1.686935699750091,-1.7533076332114963,-2.6830648408658764,Low
-1.670189865367571,-0.918909004132792,-0.7129710065788756,Low
0.09736331326831466,-0.25316033340682326,1.150998154954347,Low
-0.5087300342531393,1.2633234603477672,0.26526420085530183,Low
-1.0923469491699267,-1.079585179404607,0.485136907754991,Medium
-1.7251919566400724,2.8881036516143435,0.6039731188357291,Low
-1.9743208900988862,-1.9611253705065674,0.9727908160813192,Low
-2.285989190740093,-0.7466799330051573,1.5337399532215128,Low
4.288715512810178,0.7126055126286055,2.400097336409777,Medium
-1.2854824997087495,-1.592410703132541,-0.8955319228314125,Low
-1.3647169357246147,0.2071138379011853,-0.5114256391556797,Low
-0.5029934478769528,-1.4913254164687608,2.09662692384145,Low
-1.7465734052829782,-1.2676545346232637,0.9854690819842682,Medium
3.5434005488598417,-1.0870889589578958,0.7694818616776079,Medium
5.7098451776872485,2.9282300725101145,-1.7086400407897877,High
9.250304972150081,-1.1494727669809612,-3.6553539154269927,High
-0.3359417221562717,0.7488859924119641,-5.1385675690195365,Medium
0.36984574281925153,-1.4186044842893744,-2.3523635647841017,Medium
-1.4943243389125442,0.22205077052667152,-0.9708991631794672,Low
-1.0692503925198482,-0.8430228398117268,0.1685648277605967,Low
-1.1811162588678399,3.8165500063985367,0.46791506060475624,Low
-1.850388571742284,0.28699421780727896,1.2442514122819095,Low
1.1088820257676255,0.412389070352385,1.068172726026259,Medium
-1.828925031432612,-1.6450027298450576,-0.694900557658936,Medium
1.3190969879935848,0.5364009792908688,0.4028040724209518,Low
10.935473458566843,-1.2714891017897292,-0.5657969904866177,High
11.062101896238376,-0.5409948527575773,-4.688675488411893,High
0.42538593606678426,-1.589442933524062,-7.269625514909672,Low
-0.20939217700909954,-1.2201087074204626,-3.0852355739531845,Low
0.5398550156286914,-1.0107023329498874,-0.5119484277974069,Low
14.453155606241417,-2.0543693827858887,-0.8981507421822157,High
-0.5114435388484989,-1.3674509882744375,-5.9985052198106725,Low
-0.6318904654197954,1.5445849079576517,-3.6381274552757925,Medium
-1.5741578143920891,-0.7497946844935429,0.0798622652667487,Low
-1.4098937923378392,2.0878032893867338,0.5828714917212007,Low
-1.4603452092012688,0.8269667756152617,0.46512594175246347,Low
-1.1430992924275527,-1.2202518964346964,1.1992865819326937,Low
-1.5821780658079476,-0.06103903930004949,0.679900729965844,Low
0.29471080416876516,-1.8765551504773927,0.933244680493232,Medium
-0.6996903276772306,4.006897917577526,0.10974322933721442,Low
0.6733727662617451,-0.9645585336597896,0.6274894402104559,Low
-1.3136560684709657,-0.8003300628512702,-0.2828074748525997,Medium
11.13885575775878,-1.4213490147966732,0.7227529340429583,High
-1.965049248793967,-0.464689336450166,-4.069300154903757,Low
-0.3011014128468016,-1.100865855761434,-1.6859089136285577,Low
-0.5659832536569857,-0.6097955794629053,0.22863746220460202,Medium
10.374491764402833,1.5967912784707408,-0.3885122512567881,High
1.3438812663629918,-0.339099613448278,-4.0118460443142485,Medium
-0.066541029392609,-1.4049180212204913,-3.2270293458322143,Medium
-1.1828882751488263,-0.8181200761801908,-1.2225383399541705,Low
-1.4874352880053152,1.6152828537276924,0.4951891344212493,Low
-1.2303177934392309,-1.9787012753275992,0.8729097444724072,Low
-0.569799296336994,3.583970930328375,1.0257241500982712,Low
-2.317717310672317,-1.5785421680978122,1.369444461653459,Low
-1.3958373248467102,0.7039381871903243,1.9497412325550394,Low
-0.07974694200271751,-0.36961129154376027,1.5147726329173283,Medium
-1.472987572460074,0.11998847174135718,-0.002261536649456318,Low
1.1708041523145103,0.7433933016525185,0.3974830860337671,Medium
-0.7714754036690641,-1.49152805591563,-0.3351265218070282,Low
-1.9582469431182912,-0.6489104817259108,-0.03598878146231521,Low
-0.6445165672829936,0.06409199706908535,1.1934407051467804,Medium
-0.9958302307349554,0.02998375290330079,0.43705855285180273,Low
0.2956116579450278,-0.8179522980217238,0.578416152105516,Medium
0.664040617510359,1.3759885814739357,0.16820986475644906,High
0.5429366410366193,-1.3476865142111742,-0.8880885470452586,Medium
4.13193473368733,-1.2937279059170512,-0.6485033068293983,Medium
-0.7924523818026079,1.3404393642405543,-2.1522802182524075,Low
0.9773304666986965,-1.8328185411964837,-0.5943836205636888,High
-0.3675478545224155,-0.20161971754519906,-0.9065035596662566,Low
-0.542990004747594,-1.492438853945765,-0.6019640019827759,Low
-0.28828657347822456,-0.533007382607685,0.09747596072467354,Low
-1.313524503291679,0.5271024903921943,-0.007161975760024575,Low
-1.3326472300356504,-0.01220405293377051,0.9501493206546524,Low
-1.5759846433624238,-0.6958443103845516,1.0107025795813045,Low
-1.4130018553856671,-0.4912172673292392,1.0231253398908393,Low
-1.7376500801096002,-0.8068409455441573,1.220379931843654,Low
-1.8762295044539934,-0.5108901161837105,1.3092124887118544,Low
-1.3002904745433563,4.154754499165894,1.372351221662576,Low
-0.9901869274387912,0.7479792274418066,1.227473543213255,Low
10.578574658367177,-2.4052413617074344,1.3330909236184572,High
-1.3962832257415374,-1.4011976972984455,-3.774725806483992,Low
-0.6378341648072416,3.386613502498184,-2.224795587317421,Low
-0.5242774002815066,-0.962834323725291,1.0353461780093045,Medium
8.932537355209973,-0.5610926058939447,0.1039439462878271,High
-0.06799407644835889,1.0293367420380863,-3.762373800615098,Low
-0.04591341324904949,-1.243233826481155,-1.8972998828603789,Low
0.6506198534630052,0.1425017434035661,-0.17669300918305733,Medium
9.41420363874408,5.165033319673161,-0.8400986313994779,High
11.296694049788501,-1.6413849098812132,-4.46658442873359,High
-0.6183896260739206,-1.6301397985697716,-6.387291326498564,Low
1.5380317398030325,-1.2187227327009476,-2.201245237547337,Medium
-1.4379404402216176,-1.0911093175839917,-0.9431108253837156,Low
-0.798910935147798,1.2008717253629553,0.15497793660815734,Low
0.12026104850702352,-1.2943687681322893,0.6888975659744702,Medium
-1.9905123063519525,-1.3902065271290402,-0.3898241432703921,Low
-1.6796275503346194,3.3707112279158498,0.12791095687203755,Low
7.784006274367726,-2.430879579788865,1.3863396376324642,High
-1.4643703314605332,-1.3860385111751024,-2.6612653394276906,Medium
12.304602847966889,-1.6221164105226213,-0.8595114006084829,High
-1.6258088885638196,-1.1014725149129025,-4.579959398288347,Low
-1.2554137640574181,-0.7327662922088083,-2.3867910570275734,Low
-0.8660547452133677,3.61009074767248,0.0480375879891421,Low
-1.2926090633870797,0.64913653467518,0.48495219288126473,Low
1.4025996776241954,-1.410869373579629,0.6245816582577373,High
-1.910553837666547,-0.5643748662256283,-0.32899032170116915,Low
-0.336263198731413,0.3690040165647214,0.5116765696789596,Low
-0.8524136641775922,-1.2231053440983781,0.9240312145053151,Medium
-2.0495797284240576,-1.3053418742344591,0.8071964042291787,Low
-0.37639672256775464,4.910877370547532,1.08702759372814,Low
-1.5853063876715496,-2.1301421693127747,0.8204294544460627,Low
-1.6659156498891088,-1.3236656817811978,1.2693216936742973,Medium
-0.6348321303928576,-0.3327419443961308,1.342420036484687,Low
-2.1453263370606117,-0.48430566546097603,0.31724440995245984,Low
-0.2586154015768944,-1.8105260667001242,1.0093479036600976,Medium
-1.188178324252183,-1.0194627555861715,0.8585472896763668,Medium
14.046344415339385,-1.9034004246741303,0.7132339664823095,High
0.3477454371605897,-1.1914149006928292,-5.2285061948748375,Medium
-0.19431357275399708,-1.4447640036045835,-3.847153535863855,Low
-0.7784439200051788,-0.4213869322107496,-0.38680550834954575,Low
0.001719773101878382,-0.191303352466005,-0.13998947541595474,Low
-1.0630457616277995,2.1186012134196877,-0.9078302141544742,Low
-0.01341205779974168,-0.9520947602637747,1.0027803935540656,Low
-2.453459596709256,-1.2886899719622296,0.3933607903995816,Low
-2.60331474313847,-0.4139236012584457,1.7093085506657428,Low
-2.2363519460320367,0.6837547936739331,2.354788670547423,Low
-2.0678703007708314,-1.492231477457249,1.8505109048108268,Low
-0.4494055043631333,-0.5183487877293748,1.52435982103965,Low
-1.5475900253176298,-1.5611968197289685,0.4211433676013739,Low
-0.7631030706858218,-1.3537743209621995,0.552818651865528,Medium
-1.5708040320565932,-0.6077762051180525,0.11469151199409634,Low
-0.3991327500996232,-0.7909008172830377,0.7061413413231814,Low
1.8366190969279748,1.258612207500838,0.2604671052662816,High
-1.5607125315128654,0.022189484505139974,-1.3225711530965296,Low
-1.4060063354538623,-0.5332750816802347,-0.2858226672604335,Low
-1.5472239182975178,-0.4693633394155332,1.4913352399538262,Low
-0.5806777820840044,-0.2676528778150537,1.3106005754260341,Low
-1.0397386993230253,-1.54296328539466,0.21350932555546906,Low
-1.4438414218612738,2.9066464210537086,-0.0867589258725742,Low
2.10597033376121,10.661731212843218,0.8243106861063368,Medium
-1.782017174366385,-2.9013738860561586,-0.7112291978570576,Low
-1.0413483118750506,-1.1525005429490947,0.6658953158496554,Low
-2.0322104907930627,-1.0858784835545614,0.8320034991710317,Low
-0.21584400559559594,0.8517360972430789,1.1259114279574012,Low
-1.6885707005340522,-0.0648395895464123,0.24379241866241724,Low
0.8447171485212142,2.441639528393813,0.8591447138525796,Low
-1.3888310614174977,0.4381739635514655,0.05717489438147703,Low
-1.1062493008604768,-1.0898417089226002,0.33891762042643225,Medium
-1.7958657206650346,0.21485310491782772,0.5754600838908872,Medium
-0.16392650907474207,-0.08073506190239531,0.9277167933272656,Medium
-0.9988509590174245,-0.2747671612021998,0.18464922985424717,Low
0.15371660525406325,-0.8812232901448056,0.16921385781167037,Low
-0.8748210925962114,0.012634590356032729,-0.175415022289645,Medium
-1.323190250738807,-0.8601272480562531,0.4671961794050339,Medium
4.384347043291445,0.28346663185943044,1.2849034673254496,High
-0.12390091692163474,-0.9969718799978102,-1.455614599637711,Medium
-1.0745771497762977,-0.09162919050919499,-0.9888208698953276,Low
12.321077526597346,-0.2773538395881763,0.8301287893638531,High
0.17562600154970956,-0.6456899298841144,-4.536014804306498,Medium
0.5527739023181876,0.2775294269716646,-3.5280904505241732,High
-0.5013343519504784,-1.1102495466411553,-1.4356735588370473,High
1.163271054256393,-1.442739999654197,-0.2967410188067271,Medium
-1.6727931891729806,-1.468320355619592,-0.9825944609256041,Low
-1.2562015902915977,-0.32134365894306244,0.36944046253844004,Low
13.103574181795198,-0.32648221278474876,1.7851889404208428,High
-1.4274502113367138,5.17182145055334,-4.7720332933285885,Low
-0.2560195984369559,-1.8476643601633846,-2.0846736913677804,Low
8.103134643026834,-1.3535969775215289,0.5869477340107132,High
7.576010484981109,-1.6656913281365031,-2.812754836640972,High
-0.7758496972320337,-1.879726953068641,-5.067865141517833,Medium
-0.09552528373792118,0.9473138703583455,-1.197446561709176,Low
-1.4412024844822764,-1.536657730846214,0.11283439640432254,Low
1.072085734237927,-0.49881486470567765,-0.13989878634444267,High
-1.0097621973268158,0.1397716814078835,-1.014516561121247,Low
-0.048928525656020835,-0.22276899300013156,0.5138402766713825,Low
-1.0871297969577312,2.362486670246454,0.5849533272178344,Low
-1.006283945836726,-1.114087178849823,0.3764695463508699,Medium
-1.4226230640841515,-0.8069528920900884,1.3890230668614294,Low
-1.3291350694992232,3.3398562140434733,1.3995662531809412,Low
4.378947423688994,2.480309214931865,1.3942323498784062,High
-0.8451486130048124,-1.7744080774515456,-1.5318288185649445,High
-0.9037887670621886,-1.533263023914994,-1.5360255154209959,Medium
13.221511811350888,-2.1703617250469134,0.6206323739612057,High
-1.9305875973569608,-0.910003525963818,-4.446890191478356,Low
0.6398537545157179,5.342808761887419,-2.3585293423908564,Low
-0.6314554076072985,-0.9470074398391732,0.011048204478412763,Low
1.7938394706550267,0.43809489041975436,-0.12165997255637594,Medium
-1.8373075299040906,1.7016500552494667,-1.5502963950233777,Low
0.014637361086466662,-0.7849535699143648,1.1159055439960446,High
-0.6944900809448461,-1.0058499854494214,0.20150720906765357,Medium
0.9281385204578473,4.843257156851081,-0.12974885356321988,Low
-1.9083132604507556,0.7618693250216151,-0.4668009220974753,Low
0.1606304756010822,2.2545968325626475,1.3684840789623882,Low
-0.0647430712327115,-0.8232788154306513,1.3332052132833336,Medium
-2.2950304566911206,0.978532567664971,-0.2614091052201412,Low
-0.48531474558912857,-1.6774512385032223,1.4250929237325027,Low
7.734016450987504,0.2771061651080065,1.4451222627636158,High
0.554721401352081,5.638889939783543,-2.9940910104956044,Medium
9.23509482039511,-2.6714234017613463,-2.1491824301014266,High
-0.7295161009337603,0.7798530973070272,-3.4544525331447935,Low
-1.4397044835093895,-0.693163855441239,-1.4359606630048563,Low
0.17174165051899978,-1.3011999469576185,0.6174301815512143,Low
1.4557111242061063,1.6005092540973405,0.1743152069792837,High
-1.452337379632757,-1.4484604240836696,-1.8506830290062246,Low
-0.02091270696697533,0.16260117868822532,-0.05955754728929597,Low
-0.6354364499236007,-1.6062717694045794,0.4919481852796402,High
-1.600819321804126,4.186645766386203,-0.052254524865540754,Low
-1.5641433027169298,-1.8201903663959396,1.015935091064253,Low
-2.244762389717845,-0.9405096667153553,1.2485053200576572,Low
-2.153021268260387,-1.402206328408114,1.395694297838546,Low
0.3973814891151648,3.79182025592544,1.490206937453681,Medium
-2.0238371189299613,0.19027102697792878,0.4686947055547613,Low
1.242469665710659,0.13709370012985675,0.6135809753592713,High
-0.21035758803858853,-0.11175411680262931,-0.11934583876841039,Low
-1.461761491423714,-0.8379812133840909,0.5709448897830429,Low
-2.675166037355199,-1.3545912754345562,1.2963722301002156,Low
-1.2068821521052449,0.06074618941390262,1.925216252333019,Low
-1.5925529377115233,-0.9392064628910494,1.152014645894295,Low
0.7925823189826131,6.588049335357907,0.9804704188492559,Low
-0.7996827842951479,-0.019369195944259295,0.10642008837115456,Medium
1.0827471094696022,-0.9914455890565024,-0.05155102088672367,Medium
-1.020134495866325,-1.4080162206836813,-1.167446431767442,Low
9.662651042168328,0.8730675672615735,-0.16091964341295614,High
-1.4192184149808365,-1.6251262971638596,-3.508630311085559,Medium
-0.4590810458597178,-1.115938976460854,-1.8826795843424304,Medium
-2.0954838182146256,-1.2119355489631067,-0.2384991061772694,Low
-0.2996657878948936,0.3212579476745651,0.7129870927120289,Medium
-0.4005198709013816,1.4670839506612823,-0.4757322190819356,Low
-0.9704743604561542,-1.3808676031306353,-0.5603352332343844,Low
-0.7170337772841805,-1.3374907441700645,0.2536668908914457,Medium
0.6349053789186297,-0.48055977052106835,0.7456960861866242,High
-0.838312897977087,0.8268843624275624,-0.705007083589497,Low
-1.9072709628832942,-1.424137311037514,-0.2376397678944952,Low
-2.103951098972664,-1.0140469643183294,1.1646629291564574,Low
-1.2161892949570405,2.092639620680246,2.2767073408322216,Low
-1.663567385367893,4.49051173421424,1.420132238153552,Low
-0.5485165752307363,6.369810125942884,1.1332320260322903,Low
-1.9494846354773583,0.04907485048481624,0.6502628420618066,Low
1.5441157800241445,-1.7175002158180284,1.423701448659697,Medium
-0.76407570872638,-1.4979203440880307,-0.5562545534184723,Low
9.296662055257292,-1.2900209190260519,0.049460521659291365,High
1.987018563389746,-1.793193712202015,-2.991863475460979,High
11.197019197677731,2.9425644650004106,-3.226158132290176,High
-1.895130683546008,-0.28465086497919934,-4.969082366091492,Low
-0.9331560257373905,-0.21046808380464868,-1.4269492703773687,Low
-0.3390493111742234,-1.4023802319656316,0.43199440460441985,Low
-1.7003897669988488,2.44255389677883,-0.23621573323311326,Low
-1.1089357131312607,1.1784079436350368,0.8302898906373125,Low
-1.995100539422111,-1.5103055929800548,1.6192034386515621,Low
-1.7574640893283735,2.506173923124925,1.1286281516278769,Low
-2.1064090293031508,-1.3213059732097487,1.1917866189749298,Low
-1.945645360405638,-1.4088495759768103,1.7163126708505179,Low
-1.3135877315519056,0.8795601050096313,1.8481591685883327,Low
1.3957721400851402,-0.39908880592888496,1.0849117687507062,High
-3.016112029021567,-1.5710093358779111,-0.7723612358422037,Low
-1.0723622079128765,-0.8736377116706223,1.1329001022837812,Low
-0.3010407114538262,8.962476429263445,1.3937700875648904,Low
-0.8580874954543918,-0.6281639382154915,1.5415383911460465,Medium
9.502248027442336,0.7049828968795686,0.7059657030026328,High
-0.7861557359721651,-1.6809032542706797,-3.5957463978758297,Medium
-1.0565751345534031,-1.3621758136195554,-2.179503661457342,Low
1.1688242036023095,-0.6153722685643556,0.7930147104466577,Medium
-0.987168124685934,-1.046534072200286,-0.5555962996448089,Medium
-1.3619501139641543,-0.9317797618639705,-0.9330712613295554,Low
-0.8018185743735025,-0.9609070194108413,0.875975244765653,Low
-1.3577287205215782,0.12224881136031218,1.3027987713496352,Low
-1.2056809724749844,-1.0172078912436244,0.8068521607957092,Low
7.949577382595648,1.9940973108588995,0.8121100224233554,High
-1.5030908784919526,-1.6993421352290423,-2.7321928537362905,Low
0.22087237569472526,-0.5264217492834726,-1.168292521412016,Medium
-0.16302336967786754,-1.6403350945036317,-0.15645122378895937,Medium
-0.6772391202511057,-0.36036585414119043,-0.80754728290086,High
-1.2918818606685298,-1.40796096608713,-0.7737480334773338,Low
-0.09223571018507284,5.012444540571291,0.7547958669351646,Low
-0.9796830749083483,0.20825774039178324,1.015844387076368,Low
-2.0523486848678263,-1.1520841809080096,0.6603266189950614,Low
-0.9173332279159893,-1.3226697607549753,1.647071303192391,Low
-1.6021418662401816,0.2508729257989967,1.005184525751446,Low
-1.2261684036838634,1.2901530810257575,0.6101107592481769,Low
0.5136306777705136,-2.0200577576636163,1.1161071529848696,Medium
-0.18582700544258293,0.6683915229847651,0.18453188366343765,Medium
0.47800692699851194,0.9012362615568859,0.35782504325499925,Medium
-1.6095694849185034,1.2440732361269926,-0.23409112581316122,Low
-1.2466738407362374,0.5017673128282023,0.2980132552977898,Low
4.418409135120192,2.751407881391027,1.1646904437897168,Medium
-0.3821807485749375,1.8435882153728949,-1.4188006677254368,Low
-0.6576899435447057,-1.481365558525217,-0.3404836050040659,Low
10.190175647560737,-0.4114748758846886,0.5906808800193598,High
-0.5439161161492437,0.7239569095139065,-3.55252891675024,Low
0.056288528825100444,0.08858999214028536,-2.12992002192283,Medium
-0.2784641562671895,8.659507179156487,-1.0380801049194708,Low
1.3059107998340898,-3.2980898078812007,0.278164002887036,High
3.391931875122263,-0.6258301561873264,-1.129405734033889,High
-0.8465526912048505,-1.0112825964642445,-2.0558837291982663,Low
1.4745031732336025,-0.6903112310533076,-0.1090150358485182,Low
-0.36192454750315534,-1.2458782848380423,-0.6443399743667909,Medium
-0.20398377260469372,0.6533001599973411,-0.8408033707818591,Low
-0.4787758660199387,-1.6064124834161353,0.002787295650511649,Low
-1.6142266516397261,1.4220690051174096,-0.11866298870561741,Low
-0.5734894250501151,0.6333350639920604,0.4174040346113155,Low
-1.7952428500270272,-1.0527290398218454,0.265567662219222,Low
-2.0688618784222736,-1.0451289729816085,0.582059163162971,Low
0.6653296467178298,0.770549325299772,1.6234714523922542,Low
-1.1273103176080654,0.26882671186813745,0.2396916472229919,Low
0.2428738128234689,1.8484855881586433,0.5290015467071202,Low
-1.4242632155425625,0.9059099718878703,0.16208748689311164,Low
-1.599652483235322,3.9224279620119584,0.4690314138992218,Low
-1.1518522264578737,-0.7662139003560521,1.393869393735299,Low
-1.780945137745221,2.8169760338840693,1.0238514079913932,Low
-1.4024807653065257,1.0257194649451862,0.8945034054500227,Medium
-0.3865997800799342,3.0938252965217985,1.2021916176456051,Low
-2.0037457703000907,-1.8917822631544006,0.5843029313215106,Low
-0.7464910308655072,4.2807712313182735,0.4172668843629215,Low
0.44348640975359227,-1.2173803603100524,0.9760218074776678,Low
-1.708932510395861,1.7747360925380657,-0.18464926546358004,Low
-1.7080444661143215,-1.7621725693491512,0.7449972324214417,Low
-1.9109358562744687,-0.26085700427669095,1.531255696605771,Low
-1.053117560769799,-0.901376059316114,1.9182144778566401,Low
-1.8746013206995995,-0.8353662371598366,1.1255404638222626,Low
8.82250205938914,-1.5516448508491465,2.131149595080872,High
7.181322425882153,1.2591180770224721,-2.634860697207055,High
-0.33815714120785134,-2.057432611154283,-3.9495192112035054,Low
-1.311863139850658,-0.8144063192176669,-1.299865275416091,Low
-1.0552850504758986,-1.2410554246632328,0.2679633083815341,Low
-1.2720209961436812,-0.2725833075443003,0.03690838684829662,Medium
0.889806154720754,-1.707445592173943,0.9411666304627071,High
0.27304406426403793,-0.761280587631478,0.07606714541853354,Low
10.381728122462569,-0.9970000705354464,-0.8082233674121057,High
1.2277325246922377,-0.55405807950655,-3.6388917715691322,Medium
0.8412467462073464,-2.1183942954041357,-2.8637951115602323,Medium
-0.680867396820741,-1.3689147748626738,-1.184983197521434,Low
13.298452694594694,-2.068264058369658,-0.3461626249445018,High
0.6826911492337249,6.001886170081924,-6.016546021940665,Low
2.6086254800089317,-1.9343774814083725,-3.036784341654456,Medium
-0.9517600699322031,-0.2688076709994982,-2.1790618962605683,Low
0.44927698110275854,-0.8380803788626566,-0.7421243877169693,Low
-1.1307631595595402,-0.12702595934593758,-0.7143797999081652,Low
-1.317507037782197,-1.4519324722253124,0.24979486621605257,Low
-2.1426088180806904,-1.4864254615309338,1.2650855138040165,Low
6.920149686884643,-0.25899268025260963,2.2885392732956853,High
-2.0304865296754815,-1.09158068761763,-2.3523242681303658,Medium
-1.6738727298929754,-1.4735105544612155,-0.6974440924105313,Medium
-0.037372324170530935,0.826584381822816,1.6951738153378597,Low
0.11526833185552889,9.7101703545486,0.1298139058455616,Low
-0.8570500575928277,-1.7607320575488719,-0.376449565575893,Low
0.12773593346270148,0.2038339751332418,-0.10580765619306194,Medium
-0.2867570663137602,4.477802796055819,-0.23652717811121218,Low
-1.4279923835538304,1.1849279048074772,0.28533475280620835,Low
-1.6838351666216989,-0.5850921977262793,0.8137495690736951,Low
-0.6141740593384281,0.8322578022100077,1.3178802257578948,High
-1.5965120562464883,-1.5110086973259444,0.45549742639216567,Low
-0.25811755547611115,-0.3456766255611882,0.5210822022266461,Low
-1.7859437721704863,-1.119680800918777,0.3455897610754568,Low
9.705953028127146,-1.7895222144583567,1.1852658193698038,High
0.9926846348977815,-1.2916002861036366,-2.7009615418852206,High
-0.6371765648827206,-1.4411460920416974,-2.275011722037192,Low
-1.738555907102903,0.2801972605099422,-0.11885896350282912,Low
-1.5851103385478722,-0.9335761302362441,1.0294432022472513,Low
0.5650276515622218,-0.45600962946793494,0.9443608583845199,Medium
-1.417307379728031,-1.1504818386539641,-0.25070427329520206,Low
-1.1552094252498193,-1.0809468397318405,0.04179126416387978,Low
-1.5217301651400519,-0.35220588150556226,0.44617922691231404,Low
-2.1362402471141007,4.89298435037342,0.6968759012200543,Low
-1.0897700085186277,-2.3849309545748194,1.7385009533576001,Low
-1.929593885521197,-0.9876484151255315,0.5947574788588708,Low
-0.3529836371158485,1.8637297255090794,1.0042451069246623,Low
0.978255207433628,-2.1102535872780184,0.982325982488613,Medium
-1.0968621545439599,1.6225522168027366,-0.8310997822582287,Medium
-1.7803149088190005,-0.6159467713549158,-0.05927038415946265,Low
-1.7287396193658944,-0.9835966752615309,1.0150292803351797,Low
-1.5389778346824894,-0.9974430286818684,1.2164656330821468,Low
-1.9348030847361057,-0.7656972989453469,1.0123419098871551,Low
-1.5957494620478518,-1.1765104519239524,1.340938602931266,Low
-0.2102493384740519,2.46175624538235,1.4159420448423738,High
-0.8357136717551009,0.08894397099892745,0.060753386890102574,Low
10.582202100910822,-0.23138897260273752,-0.17989580097404625,High
-0.9718386866763773,0.9726118228695853,-3.2347886787657525,Low
-0.3415600127307061,-1.2492822193416708,-1.500632599043227,Low
-0.9937125962871967,0.1472064503552353,-0.4714103165970179,Medium
-1.910616737017709,-0.6276008266498314,-0.15684355017623045,Low
-1.0487676762248934,1.10959442284568,0.40335298952044324,Low
3.5517435680987632,-1.421998328085739,1.3043385647555563,High
-2.047383403883192,0.30760166236787445,-1.2946893238004131,Low
-0.08810979531775939,1.9184772493459596,0.018809534803028986,Low
-0.24553026913633155,-1.4347720374782484,0.6006156748845399,Medium
-2.408815064437107,-1.407605980359354,-0.0517373506663074,Low
-2.1516018721409154,-0.4183814686085222,1.000066014506222,Low
0.9246272997049221,-0.5717199412828246,2.8115952867884526,Medium
-1.8141650843695785,-0.030214771060943807,0.12427455256828969,Low
1.4300867196615086,2.7353978159295513,0.25581737160761425,Medium
13.177314173314823,-1.858576741602989,-0.17931272000561124,High
-0.4601058846252729,-0.6417801897160287,-5.659816524222128,Low
0.6697628284219835,-0.08824087734909412,-3.111848887530196,Low
1.4158909421365493,-1.6832832353255636,-0.36249472156034085,Medium
-1.2359583241219065,-1.1540066175641723,-1.562380886458291,Low
8.820030519172334,3.0721663010729983,-0.42544346562443713,High
-2.0787203888129846,-0.5813726331846684,-2.7779091723940006,Low
2.3299051912806257,-1.6858678943869612,-0.3955982683640975,Low
-2.165007212368904,-1.1516708559919384,-0.6999574674196893,Low
-0.468769382595714,0.6288209005003854,0.4072132041974297,Low
-0.9063343862035569,0.9918060132680144,0.5484849328520135,Low
11.211785397172184,1.5938167251911237,0.5542088060919627,High
-1.4904005502494417,-1.5127888264179274,-4.48074590880661,Medium
0.1626984844191343,2.937495677215033,-2.1664507375541118,Low
-1.563794434035918,-0.7751068634715303,0.21438412206853535,Low
-1.2251016754572153,0.4029518159057846,0.39284194238212555,Low
0.1687631231404418,-0.03485558598495455,0.7015307178426301,Low
-0.7184154020616338,-1.0279133165974794,0.3132950197137512,Low
-0.9097234865779277,3.8452491165394016,0.2029937924728307,Low
-2.1727756663339517,-2.1893113322141278,0.895416522541016,Low
-0.9882545432572847,-0.9465189673000852,1.647672699824262,Low
0.5598600132816312,2.6079188272029805,1.2986574258793113,Low
-2.227255593798983,-0.4073115104126657,0.06377750157096436,Low
-0.3067350619612225,2.4884529087859835,1.1536477635418847,Low
0.07922178853957591,-0.2598080185019274,1.190560982306789,Low
-2.139653051190273,-0.7974744241014016,0.08877376253895394,Low
-0.09215780549493467,3.2040395325867435,0.695612926424318,Low
1.042985031609559,-2.059107333017034,0.6277497895441188,Low
0.6872026123055328,1.4922615300624538,-0.7720321860515185,Medium
-1.1474516251973894,-1.5847316763301156,-0.9319205507323476,Medium
-0.22031281250874313,1.3822428898407573,0.2225286549371715,Low
-2.201964688804749,-1.7624020885818326,0.3506225326482432,Low
-0.7614580373507355,-0.180039657835332,1.3846025403398936,Low
-2.4961334152576233,1.5844613480252536,0.6947965302054119,Low
-1.6083660359219991,-0.8542801861484284,1.3346839146960028,Low
-1.2839612901534887,0.47962865089398976,1.7391917534078638,Low
-0.6756688666186587,1.0965128654449487,1.1460404347407325,Low
-2.7027143460211436,-0.018798532777274248,0.2767433357920386,Low
-0.965170212473651,2.98113003564393,1.4069882141661982,Low
-1.400023574712596,-0.9282652412049073,1.1524448404208014,Low
-0.7488986373894866,-1.6597013040064308,0.7317779010509122,Medium
0.006412687243918254,-1.4570621524051364,0.9015601395572018,High
-1.9102531247469692,-0.7194760349311905,-0.3489887778227508,Low
-0.8972868574039022,-1.4816434175835225,0.18874416707921887,Low
-0.6232627931337487,0.6375739034111595,0.9614810260893022,Low
-0.9278159045830351,-1.3137209773194565,0.788962802172608,Medium
-1.7769493942155377,-1.425299524647205,0.0871952761499264,Low
-0.9945406491149436,-1.3818318418413498,1.0493760697716505,Low
0.45921938674142443,1.7581461527908162,0.7801685720510295,Medium
1.104575744630095,-0.687706928208407,-0.4318002414887788,High
-0.727172254077428,-0.9038930115886844,-1.3481140332332533,Low
-1.602337811227064,1.8345589583244721,-0.34663308296090656,Low
-1.9185156508819672,-1.777085663064288,1.2507937106277873,Low
-0.2602845080822869,3.9817996527224335,1.0611680239124477,Low
0.13775800324586032,-1.0967321098687213,0.7082621612249066,Medium
-0.9403468641647728,-1.6125398943993838,-0.20243153430414648,Medium
-1.9260549362009871,0.3263005605184006,-0.04092298699739269,Low
-0.12644387019938008,1.1713318270917454,1.642938280010395,Low
-1.050032075815058,-0.6562550942052967,0.5100044910492386,Low
0.10071120243511084,2.0475470193173604,-0.1862343188751262,Low
-1.5644865897741616,-1.8690239199483445,-0.23806882787534922,Low
-0.6009704160696788,-0.9995442791212198,1.0376026072350988,Low
-0.5988084908253758,-1.2636505077788078,1.1018902029756485,Medium
-0.36982881931496375,-1.15344091454676,0.03236397750436703,Low
0.14088942449735745,-0.5506988771547296,-0.034826811569895665,Low
1.3577188168161605,2.7828782360199322,-0.2638828781861607,Medium
-1.375607546020678,-1.9643629032661394,-0.8631678997090588,Low
1.2485452247284339,-0.8668745330137158,0.1945638934403756,High
8.807870415531621,-0.6096889387313235,-0.6041159248149764,High
8.404809075208972,2.778023618216259,-3.8938606937035116,High
0.5785548471777201,9.190408738034655,-5.375074100461362,Low
-0.962404089001645,-0.3959250982287309,-1.9826561856417937,Low
-1.5452123329882557,3.7249554128651354,-0.03802279675372526,Low
-2.0641052086966405,-0.20687952629437253,0.706016785693251,Low
-1.64463922078266,2.4798611484701922,1.976474655864743,Low
-2.151897301266049,0.13327504711176877,2.18186475549112,Low
-1.2000186541383815,-1.8028681154341464,1.9749014192562058,Medium
-2.220384401516082,-0.798674243301863,1.0805174299889748,Low
-1.3001156496331567,0.4185094151366847,2.5204040413645448,Low
-0.8280955190568289,-0.3162191057287819,2.0140274342159965,Low
-1.4955753542962953,-0.8871556575559864,1.588892172357697,Low
-1.7262945741865163,0.41989682638380105,1.4732017524384087,Low
-1.7095478244965174,3.2634220181279874,1.1805195240368174,Low
-0.7885184510168353,-2.170633628692025,2.1251976563732207,Low
0.9922433511487211,1.2756725574222432,0.9181519916427462,Medium
-1.4049944736638544,0.2521235541737944,-0.8479494116160579,Low
-1.2965941427771948,4.30814201540234,-0.032464234628741415,Low
-1.97041098844196,2.597891699723877,0.8928665910230535,Low
-1.979386940668334,0.14826785492190095,1.082751805702835,Low
1.264486479991619,-0.5261742751377625,1.7323449239618978,Medium
-1.261187141601628,-1.334439553349402,-0.4970564820848332,Medium
-1.4549412060095788,-0.3076314676867143,-0.049248731875634916,Low
1.3205431401051628,0.8191103799363886,0.7770548058005265,Low
7.476028875117416,2.0436892512471885,-0.3823157833011732,High
1.0179283042704304,0.2207598313667343,-3.331082362368,Medium
-1.118749162529274,-1.572530225303543,-2.4483505578253166,Low
0.13507579012512236,0.2613345441845103,-0.08219444726399537,Low
11.250386879244571,-1.6516377908913231,0.11959480401320732,High
-1.2768441038493414,-1.6899926916126058,-4.78354320003859,Medium
9.295775488540565,-1.9462318514484613,-2.033690072065147,High
-1.24197006447061,-1.2094958041960329,-3.4201604034597,Low
1.192396180819444,1.697868022935281,-2.315834062306088,Medium
-1.691358679690528,-1.4192593212373912,-1.319578509702105,Low
-0.11797808043755889,0.32908128349195637,0.37705476704325874,High
-1.1559630384724018,2.822138981647324,-0.20322843572102484,Medium
-1.8927357306073236,-1.5822286864319985,0.4352234299458878,Low
-0.8535511807524795,-1.6504945320824869,1.3183179437866106,Medium
-1.218763261971682,-0.8624721418522049,1.0595910477315185,Low
-1.879100420469934,-1.1835010892698634,0.8354757526755815,Low
-0.33042241720828347,-1.2921602682534494,1.2085360848348232,Low
-1.7972118844143359,-1.2738022283001005,0.1678154471357373,Low
0.2367367237715989,0.15396251651902934,0.573508956276133,Low
1.561218888077095,-1.6770864505425958,0.4963293078609747,High
-1.5413820734189405,-1.1397681102669122,-1.329064635625628,Low
-0.6689978180067568,1.3387626098322054,0.07427700127996843,Low
-1.510289997228404,-1.0701739291048273,0.8069753885674634,Low
-1.407518208716485,1.997040724304159,0.5557898087555585,Low
-1.116611581320885,-0.750322453365919,1.2118294105185239,Low
10.20789193727112,-1.0685691615450204,1.1380306265264286,High
-0.9485503686718053,1.184729589799114,-3.420226699570685,Low
-0.5729488194386755,-1.8499940279678622,-2.113318460355238,Medium
-1.3899270197048068,-1.0162718086038296,0.13142554002320528,Low
0.8990924206455507,0.16213048602945337,0.09766672310189105,Medium
0.1668294469344648,-0.8745956848745322,-1.0116965913183293,Low
0.5714076621860632,0.6000459716965254,-0.24841647730362346,Medium
-1.725125377585451,0.5252260178991961,-0.4872869613145071,Low
-0.7291953580839133,-1.0166095873837808,0.6286327382977718,Low
-0.9461801309444928,0.07050173208628091,0.7106782064242683,Medium
-1.2188874785993855,-0.4196473222594933,0.6486552037308861,Low
0.6527877781189212,5.141626535194519,0.4852049092171566,High
0.29410732119243543,0.471767910269682,-0.4825291952116048,Medium
-0.25160433026760987,2.8833605577221784,-0.7725446260609514,Low
-0.4483859813778124,-1.5412404850799664,-0.1552936011645941,Medium
-2.371043848386398,0.6048317849464445,0.13105672853298855,Low
-1.1232521649155347,-1.659158117362246,1.7111823832195283,Medium
-2.050939505958482,-0.8147334849098213,1.326818212601464,Low
-1.7608931131594574,2.6121390231980115,1.08135977980271,Low
-0.129614862633652,-2.3404347816193773,1.7717195343154386,Medium
1.0384059577619418,3.182012038929037,0.3545187291230072,Medium
-1.3269270014152204,0.10884374950060877,-0.9208222301926701,Medium
-1.4771794748054115,1.0984521155868598,0.289138193224634,Low
-1.5808693840452146,-1.1710741244796747,1.1832644057055293,Low
-0.2192765656623364,-0.949795525895208,1.5976513660857277,Medium
-2.584995358602975,-1.3051130720531496,0.23374028638879013,Low
-1.8160802773273261,-0.02175454611112713,1.1136564940346885,Low
-1.5500143008756369,-0.8198784009376027,1.7799557919711355,Low
-1.7541246801629373,-0.12480882339735065,1.1510622738814562,Low
-0.8402283184112406,-1.6918860043906443,1.369177553219062,Low
11.883740432159723,-2.0230783170779754,0.8942309269089879,High
-1.1445124342691237,-1.3454358276770357,-4.5976166806837675,Medium
1.0220389295379488,-0.7387652299496297,-2.34083590604942,Low
-0.8240004465251216,0.8252465562706439,-0.8292732574106038,Low
-1.1089865041035118,2.6104958888374474,-0.38547446855009976,Low
-0.8694696488658075,-1.7266843540705592,0.15992772710283346,Low
-2.2035633892322326,0.17177850257961993,0.9335663154665409,Low
-0.49779407822664856,0.4605650614816134,2.0962725027798967,Low
7.0342839303990745,-1.6330706011700602,1.4024052091709278,High
-1.907767296231462,-0.8380867410213747,-2.20872653278573,Low
-0.5839220681217061,-0.38012123741309156,-0.12765493529450028,Low
-0.7190604767421667,-1.0248483690996635,1.0277772991622027,Low
0.5714091562790375,-1.842323270758512,0.49800684697550596,Medium
-0.9680694822309794,-1.4104488233737356,-0.54801276416279,Low
-0.5420274439521119,0.6569534085065134,0.7772020223594456,Medium
-0.7011817361234525,-1.7415501960221322,0.4550449500485411,Low
0.5836551118669671,-1.4113696297605083,0.29302576475121433,High
-1.560624368354968,-0.5363000069138053,-0.4264352446238714,Low
-0.4280536519646288,-1.6221465727841262,0.155289604875561,Medium
-0.6784395382723558,-0.6062149207519791,0.8216376864786279,Low
0.7262970049174202,2.9341272654072874,0.5882617161488894,High
-1.910370290351197,-2.0622672660838237,-0.7421463298266525,Low
-0.1352731665931555,1.2390062333137386,0.5459381704969549,Low
7.150964697782852,-0.9897213889079927,0.7262199654437669,High
-0.9828881074718837,0.523780496989518,-3.5590894618922317,Low
0.167042590643976,-0.22190542904264535,-1.456892344313417,Low
-1.2821726745666155,-1.0154491626717255,0.14567144799073933,Low
5.927466341091522,2.3401991845835535,0.4054794241538467,High
-0.11513628959675155,-1.0274182028789116,-2.3624611963182374,Medium
-0.06770877292515415,0.8805991601056816,-1.8294658136437372,Medium
1.29371918552765,-1.2305323331350346,-0.05180834522616054,Medium
-1.9554581692248767,5.115790714660705,-1.1978726318326525,Low
1.1034871514610471,0.679387221035277,0.6716289030418443,High
0.8885840092252569,3.8888467660415897,-0.8026962337013601,Medium
7.853513200073168,-1.1173433319062163,-1.100082526941176,High
-0.784214661495334,-0.6716171454178708,-3.0215534228523744,Low
-1.4940510381759762,0.3940237490192066,-1.4844019000195892,Low
-1.2650664990320288,1.3812316129443776,0.9527618236289395,Low
12.020339192307901,3.808510447393007,1.3538135998247942,High
-2.36728565236163,-1.905574448501806,-3.872524955770663,Low
-0.8874430763270391,0.7822399197029982,-0.861145542426927,Low
-0.6152680005326241,-1.4507203919174594,1.6204443821652308,Low
0.15107699876942762,0.04667600605648654,0.4999179024756542,Low
1.8829503814040744,-1.6119754976592497,-0.41605292328903726,High
-1.9400512413307802,-0.43385184680947064,-1.431823961296109,Low
-1.5304027078189675,2.68977909600889,-0.2065481516303198,Low
-1.8807408122552813,-1.9842478988429353,1.9459842503134184,Low
-0.11078424043973371,0.8737902539984892,2.305808571204468,Low
7.735651591624932,-0.8657260534550153,0.7188503340076545,High
-1.4412588061681315,-1.5511471845824267,-2.59306451153572,Medium
-0.6453031695558294,-0.5659161850428525,-1.0877740284467718,Low
-0.5698727087228306,-0.028221209637896993,0.3434456835108573,Low
11.004823936409881,-2.032594802423984,0.21238566583661558,High
3.0660229683474145,1.7986833766135792,-4.196195587252151,Medium
0.822837911998416,0.2610038892909452,-4.165804396146547,Low
-0.6783405154010365,-1.2055059906798384,-1.6262561529057242,Low
-0.9707473530941353,-1.220643152132792,-0.3538403886220547,Low
-1.4592190743350348,-0.3017731453038915,-0.1959199790374072,Low
0.5564186346432708,1.4018214169241872,1.1385389123571028,Medium
-0.5085941583879781,-1.2709176146111247,-0.1274471240092018,Low
-1.0164849742816477,-0.7310503298076572,-0.4134567584959876,Low
7.283887302424883,-0.3640260906024229,0.3410102105360859,High
-1.239111851118729,3.499892561142972,-2.3872506813099634,Low
-1.2019264769497944,-1.666781964501649,-0.6406592581174891,Low
0.25189338376096826,-1.0723517935561282,0.4532690703554315,Medium
-1.1285908526225208,2.7481532156852446,-0.7909163735137804,Low
8.649087772339865,-0.5884830286016876,-0.18070225471108406,High
-1.8434818349453386,-0.06044114516587793,-2.387436749162664,Medium
-0.399382730773069,-0.5097291493785375,-0.8314179684167183,Medium
-1.7064508127167732,4.54825646349659,-0.11036435727311508,Low
-1.1206029364617724,-0.36628850847012484,0.1042054547807422,Medium
-0.1706579560323671,2.524378647597119,0.18117149316244913,Medium
-0.0266496014022429,0.18455172540555012,0.42008735085776877,Low
0.4058813670991367,0.10693385647824769,-0.4499577571462285,High
-1.6242930474081867,-1.2090873740418093,-0.6845751501865909,Low
-0.50004534922226,-0.9622706100424924,0.13653572744087394,Low
-2.1193480097147854,1.1561999258788396,0.28312525429119006,Low
0.2008913020939098,-0.920372406410816,1.7770133771243868,Low
-0.9262789461995983,-0.6406932993950322,0.6202710603105184,Low
11.97804578682673,-1.5143567086619427,0.3268188325255721,High
-0.33725074432080526,1.5294694932589323,-4.183287115845308,Medium
0.5961646499574593,-1.7955159411675288,-2.5877968934991484,Low
-0.9130662705310538,1.6611490024987459,-1.0768490140758098,Medium
-1.1301480098625487,-0.7738540197824687,-0.6088508469361292,Low
-0.8091579046297215,-1.3338777579747452,0.4247760141728784,Low
-2.0895193165284867,-0.19445360230820014,0.7222091657289852,Medium
-1.9861167455982582,-1.0117639596057566,1.8338705779763627,Low
4.730908515778493,-0.5339220024912406,2.654948636841027,Medium
-0.5612936701711452,-0.712592531637808,-1.5930783861936557,Low
-1.1615873378393136,-1.3657244887197426,-1.3678424954368436,Low
-0.5876659131731081,6.342613884771865,0.8541101674297218,Low
0.038043531643084896,-2.381366944572378,1.4788413906323084,Medium
-1.8597506053113995,0.6124283521891514,-0.2724624819368836,Low
2.218608544494572,-0.5736187099523127,0.9856537155728442,Medium
-0.9200818179016945,0.35918590199126527,-0.9627741238637904,Medium
-1.945655090837548,-1.2012330042629737,-0.24726364265506748,Low
-0.7817209321479714,0.7393683382701826,1.6027394196825433,Low
8.77920179485438,0.17443664570862039,1.058011094122419,High
-0.5964116670379233,0.5535698086432145,-2.577846306114385,Medium
-1.1669573139121474,-1.5191437395002252,-1.771703905674324,Low
-1.934365484145971,0.5031163859246592,0.1947459827496466,Low
-1.5244824880800516,-1.3164505508345903,1.805685800033471,Medium
-1.6526205435857908,-1.4155110257399566,1.625092202563813,Low
-1.4718812693103873,-0.6859656246458425,1.1472738275203014,Low
-2.234978258544612,-0.5680634382432778,0.9492461566743244,Low
-1.852748101717597,-0.2162288319856604,1.7444876039355632,Low
0.6420582744234197,1.0990361226273602,1.769885845277104,Low
10.816994528061203,-1.6414301584518964,0.1528199266656323,High
-0.48526631838818024,-1.5764260559443364,-5.080858797424098,Medium
-0.44566996232335354,-1.3756908597590554,-2.7130279271526763,Medium
1.4121135381198522,0.6933483255879788,0.8061172713904577,High
12.39769068768816,-1.5645617640139793,-0.9088328882273483,High
1.0805087340523636,-1.409847955313387,-5.50208384800944,Low
-0.509388472316414,0.4432740145703422,-3.060203568206251,Low
-0.4172509241879314,-0.8173572147588205,-0.23879789778354624,Low
-1.3849774216957424,-0.33201677458632944,0.347566843985144,Low
-1.723394782145033,-0.3389596180985093,0.45235148416949994,Low
-0.7781842288112107,0.2697089783616906,1.9328735856870671,Low
-2.024545017728598,-0.023233570112730566,0.8817025737075704,Medium
-1.0435930173041654,-1.2140907296310912,1.4426284811980978,Low
-1.7025795383971005,-1.053185414809692,1.3477216902229499,Low
-1.8168894714500408,-1.126052532392249,1.1639925951761725,Low
-0.6494790062833777,1.0266265888435784,1.1677126163982097,Low
-0.5610335647199235,1.5803874322263387,0.5480623465497656,High
-1.588478828917599,-0.9526038444141038,0.36112434981988095,Medium
-0.36840849709834383,-0.13252779006120705,1.0107762683229027,Low
-0.02068461862743714,0.011398931172209793,0.4320511570608142,Medium
-0.9509766787044117,0.39838663569299476,-0.3212441149167863,Medium
-1.8741251832863528,0.9753102320183703,0.605124291740458,Low
0.2649823637295991,-0.2042404930521389,1.5401930424123937,Medium
0.7814820381810478,1.1382163097175413,-0.1454556937354151,High
2.8037766282964895,-0.4537649168929957,-0.9046492908034606,Medium
-1.592760101893323,-1.7004625165032634,-2.0098765279390696,Low
-0.9803328389840513,-1.2388950491240938,-0.08127103159408802,Low
-0.5685514641716651,1.4086834925072158,0.6204650188476959,Low
10.297456917728134,-2.4636032981104066,0.8001935625558586,High
2.289765968995136,-0.07816383779571237,-3.861800888499356,Medium
-0.21060954261683956,-0.4032537832854868,-3.7807068668094232,Low
-1.2737786488803278,-0.7510668916441914,-1.1506394029547231,Low
0.7965422675732129,2.158503726748288,0.16972024458069512,Medium
0.7549308987435935,-1.859885593257362,-0.8175048919849746,Medium
-2.107193746580283,-0.7617155846068507,-1.3451361373202926,Low
-1.674753518577839,0.8045200321263132,0.6551357823318538,Low
1.0791931507755061,-2.0459272588945128,2.034392521934414,Medium
-1.320309748464815,0.43738033758722317,-0.1770223413170557,Medium
-1.2321932075578121,0.9935612718962357,0.12609729669198272,Medium
1.5126417065616709,2.9530348943128026,1.0351073774540052,Medium
-0.5335141407567945,1.8338897755677275,-0.9081850386923058,Low
-0.849081994534412,-1.4015703015478571,-0.7486486373721845,Low
0.8813853812705962,0.22731212375516982,0.55936569119485,Low
-1.425819256920811,-1.7268843666991052,-0.83491844672927,Low
-0.5389804472071684,-1.0203927142617273,0.049684851741286076,Low
-0.9699963743497839,-1.4967071634813511,0.5017310145990196,Low
-2.6277092723959607,-0.9819702837948238,0.5492163742781093,Low
-2.0055700286663884,2.21705291598669,1.6399835374867835,Low
-1.7367641372040874,-1.2555451098293215,1.6213237104834335,Medium
-0.16035506107373734,0.38706800119570506,1.535127054433533,Low
1.1785366046867962,-0.8242032289566352,0.6556273010298908,High
-1.3952192081115244,-0.7754507745752175,-1.158701974798326,Medium
0.687883685114596,6.049103533094435,-0.34204370182139443,Low
7.63904894056788,-2.0687624909578073,0.43195937948256025,High
1.2904877279855609,-0.02915519871446378,-3.464619256015122,Medium
-0.380733853729629,-0.9506092784635719,-3.078193424998417,Medium
-1.144066638507489,-1.6265609563708936,-0.567478275362195,Low
-1.665266829953759,-0.28141773364703754,0.5430988237430115,Low
-0.708104570490996,1.799467955551445,1.8463822925945066,Low
2.2651115615932045,-1.7209728031842875,1.2995624449711567,Medium
1.513576997724898,-1.3372542069950384,-1.3191511403919818,Medium
-1.1851901249968846,-1.2602679046474503,-2.174990724201216,Medium
-1.6489294688607081,0.676609738295503,0.06711950114098522,Low
-0.2475595636793625,0.37996765209839684,1.605886222747049,High
-1.5154186149622482,-0.8780243079126393,0.3331339298144418,Medium
-1.2297444880217512,-0.44647547731117926,0.8451050642344234,Low
-1.102157395406404,0.6536225336706452,0.9198217683364883,Low
11.728943196045655,0.3672623712417229,0.9595715200762954,High
-2.5277344864081215,0.3178895420193296,-3.854574322275872,Low
1.0892183312144048,1.0233262849102962,-0.864901937285236,Medium
-1.161302284136798,-0.37407954461828313,0.2241533010563144,Low
0.6591595414821082,-1.202525118646238,0.22318934430035703,Medium
-1.4580677856990225,0.812647946281646,-0.6170253259343358,Low
0.624722304291511,2.3004425643161666,0.860681019928442,Medium
1.5480922115616451,-2.1955040829606465,0.029705771536833653,High
-0.14757169419931185,-1.1931236494063715,-1.3478028547337686,Low
-1.6216861868292265,3.8491554259633327,-1.1472800239895025,Low
0.4596679283037282,0.6675690168425181,0.9170532694849647,High
-0.576915178894696,1.5805189305611096,0.04289046822411938,Medium
-2.0414387374423355,-1.3482444718277387,-0.35080133241936806,Low
-0.6047819181064709,-1.3407766005509645,1.2376535401616513,Low
-1.8236609840813633,-1.134492735669815,0.6710885715982926,Low
-1.4146740343705853,-0.8937261017182305,0.5286930595632473,Low
-0.6345237829623509,-1.018925766156974,1.207155973613112,Medium
-2.222367213530986,-0.19571121231643576,0.38577616957305416,Low
4.915833672740829,0.8275463974811269,1.4635543982342551,High
-1.041636903607068,4.798343255919293,-1.8963236366048526,Medium
-1.8303093305893487,-1.6226743672903303,-0.5318527904297753,Low
-1.261105515834593,-0.2031443580494666,1.1971544513282266,Low
-1.2006560053206503,-0.07789771617068972,0.736318755103116,Low
-1.9502177132112162,-0.4018021756758221,0.30436672261087694,Low
-1.3706709349440394,0.14628233723005135,1.4586130451470467,Low
-0.1674604016313618,-1.792700521339959,1.2697241380633033,High
-0.8670324800277819,-1.4372893355744305,-0.04222847053767047,Low
-1.8124798447248216,-1.305995855271897,-0.020947195348772745,Low
-1.616045788429094,-1.4672834016576024,1.0899004086505437,Medium
-0.4381404640823788,0.9825610921251741,1.823214125571783,Low
-1.162102713048324,-1.3277195340946826,0.7776899793051815,Medium
0.17105212632831482,2.1190516648400473,0.013867562072036075,Low
-1.6568468703513475,2.671155424710942,-0.13671035061623382,Low
-0.4982881900520946,4.729668238508407,0.8227545426425191,Medium
-0.21393084548236269,1.1232840993540911,0.4436379041226578,Low
-1.6886594904478682,-1.721859370097194,0.3938663537642712,Low
-0.13093986124791945,-0.19767748732413454,1.2997599083745008,Low
-1.9167638311851385,-1.4531409785808087,0.44985414398083584,Low
-1.6703442165430735,1.6631620167332615,1.0424835525782377,Low
9.806249759540261,0.8103207720814664,1.3675482252788842,High
-0.6027306394210877,1.3268285825816408,-2.877904322316075,Low
0.2601394987254323,-1.2738203119446376,-1.7713966827235117,Medium
4.080605460244999,0.9605757532242971,-0.6353464254003327,Medium
-1.082733652315494,-1.6072305477953222,-2.1635407502284183,Low
0.8090164289308107,-1.7362998894474169,-1.0273702118314738,High
-1.5514044302527465,0.7172811456070213,-0.44975105771416246,Low
-0.8240392093541128,-0.8831816702193177,0.7806055461319136,Low
0.2665249580508073,9.182575034654699,0.5664796825124102,Low
-2.2644699396186527,-2.872022036529565,0.05034700360362808,Low
-0.9892791531583174,2.0306673895772813,1.2863713663034422,Low
-1.4579275112934595,-0.6960865779014338,1.5414986389960974,Low
-1.347791311209351,1.8510265921572382,0.6633277592181152,Low
-0.4258203612712252,1.0247672835339456,0.7562746614491506,Low
1.2143761574471366,1.8689750558740872,0.0062208586244288004,Medium
-1.7357761717800828,-1.6550520294536506,-0.8002498425705694,Medium
-0.21513651176331797,0.19025017065396882,0.5632470881814825,Medium
-0.5289081770352039,-1.5166681600312681,0.706691033218029,Medium
-2.1151925902536135,-1.5464171467092405,-0.07659681035802943,Low
5.477952388777114,-0.09698130121966148,1.5495943409267687,High
0.2555203374091252,1.6166672126696213,-1.6114483931282397,Medium
-1.8278601196080173,-1.2432023623117725,-1.6540563443289096,Low
-1.5472814743432581,1.105681692655901,0.8924173756669728,Low
0.690190830949947,0.35486776211159043,2.15425155044258,Medium
0.4265844926421776,-1.1432779753907674,0.32175882904733283,Low
-0.024413691770878647,3.5649074157200564,-0.804439479189273,Low
-2.130448596160154,-2.119557956769353,0.02800873694951768,Low
-0.9685049204042709,2.4737096901721825,1.5259707628192298,Medium
-0.28681347437821103,-1.3192293243533249,1.2654343674764046,Low
-1.9936445002785648,-0.43927032230025065,-0.2511006694672043,Low
-1.2948798655260112,-0.8044958492554166,0.7490605585446335,Medium
-0.42573262159675984,-1.4171139063537348,1.5407806366012466,Low
-2.6370078088149653,-0.7168618672020216,0.5561174847470423,Low
-0.8151576038558349,-1.188470646305883,1.3948852473114002,Low
-0.841912746301805,-0.6834712869923268,1.158177085817698,Low
-0.3587964567248931,-1.169806902628797,0.5308052732710166,Low
8.481990714889939,-0.37724855592373346,0.5038800110250223,High
-2.1474749912969093,1.0438756043941666,-3.4192786725162456,Low
-0.7462584254059358,-0.8872568411275782,-0.4486516155870781,Medium
-1.1933166747806236,2.8184189212290933,1.072060112828478,Low
10.144045852182197,-0.589466472539252,1.3025995227036447,High
-0.7656232896434695,0.07158815857704338,-4.53162583147712,Low
2.456179046066909,1.0056018646197145,-1.5852259711947867,Medium
-1.2684920176739567,-0.6842840676937941,-1.123202758753167,Low
-0.6121520169424809,0.15855852002903562,-0.22913582962034426,Medium
-0.8599690854034697,-1.7519678006956239,0.5151896956151097,Low
-0.5777442285720237,2.577814854181265,0.6658608889515736,Medium
-0.5973115448563004,0.579052156960707,0.15632914341591436,Low
0.10719170513829657,-1.7971104373737925,0.3756711244444735,Medium
-1.089807520602025,1.4505368447611737,0.22545391591078812,Medium
-1.848328545748018,-1.8823457461734847,0.10017078923039249,Low
0.06337427642100664,-0.5884971188260728,1.2962345724248074,Low
-1.5019882021812434,-1.2092450901985352,0.6645066328396667,Medium
-1.4535599214400536,1.128331769283096,0.8948446499666332,Low
-0.8263430823380713,1.1264420594938753,1.2248873527483604,Low
11.565023054187522,0.7658519060840723,0.17400412202284715,High
-1.475288019135033,-1.8729622553226142,-3.847662187086624,Low
2.2672851611933886,-0.5295074925501806,-1.4321962904627044,High
-1.2043746536594784,0.12204767774417752,-1.7049377768516814,Medium
-1.5744704901872923,-1.5545561586715544,-0.5107010970192772,Low
-0.9396694910725907,0.6479675792169524,0.5781866963061418,Low
0.9943619796304662,-1.918360861704209,0.7698224090008924,Medium
0.6425000168595354,-1.4208465976822247,-0.723745261559523,High
-1.6165050003217178,-0.6268649877264849,-1.2694643442597915,Low
-0.8061296903109327,0.34034380680731474,0.3642050720548913,Low
1.192661099991714,-1.305740383918509,0.962225550467379,Medium
-2.559688197091888,-1.1503669077616783,-0.9246313005108069,Low
-1.171673557695229,-1.016864410124495,1.095667146064233,Low
-1.4538144457505067,-0.7273697824444576,1.4434021426151467,Low
0.12737043490486558,-1.2229048031961165,0.6898271350612706,High
-1.4242459167813133,-0.502872581809291,-0.21695208883319725,Low
-0.7882781130570188,-0.14642270132525312,0.253423295516585,Low
-1.4703802260688232,-0.523642781642945,0.9165831205260704,Low
-1.0832268971945693,0.937823206880403,1.0690276142293773,Medium
1.8805900745520392,0.4708156037811047,1.2489323951782447,High
-1.895904192892755,-1.359874769272128,-0.5339469794782902,Low
0.9704704208315097,-1.1311072803579318,0.3581040378392284,Low
-1.0890721821386067,2.561735284523922,-0.3488170351464848,Low
-1.9455135374090216,-1.706309661960719,0.24661057749149878,Low
0.6620733619104824,-1.3073001785781149,1.278928831121867,Medium
10.783315847659441,-2.0348090909268057,0.27696736648923137,High
-1.1583259615801271,0.21933671356910175,-4.587906657822812,Low
-1.0141744832836215,-0.2522468937741783,-1.7998670388934712,Low
-0.020989339655234994,5.9723977028666795,0.9805080654269627,Low
-0.699093309930099,1.8112953364186724,0.27091041731676635,Medium
-2.1578004662206833,-1.2800737401513376,-0.1210112288787059,Low
3.3868989325696726,-0.8647882218296531,1.4887875855971007,Medium
-0.6930588899876691,-0.8175850999475239,-0.3886619381064361,Low
-1.680710008833579,-1.219373294046563,-0.6527966383812736,Low
-2.401541142807843,-1.3240197689407573,0.6247360382201431,Low
-1.6980043222727979,-1.2071327608025704,1.8372626405181491,Low
-1.4674480038563846,-1.009315824243704,1.551886559289975,Low
-1.6621123756928218,-0.9244083108629333,1.0385659633521562,Low
-1.0973025979168203,-1.0166731201865031,0.9133815401575084,Low
-0.6302738929962963,3.738510480497133,0.8031377747503555,Low
-0.8600557846854282,-0.6551506254121009,0.8681520549883118,Medium
0.6317412996996851,6.324861483992763,0.028551182794445115,High
-2.132613152276816,-1.8636401687016424,-0.9418666093935886,Low
-1.7908079666495667,-0.4579926135287361,0.9569590203190129,Low
-2.3757545834680993,-0.8003881705589331,1.8798917933758348,Low
0.9605525654303643,-1.5776245269517646,1.7419495920804986,High
-0.7452745093007007,-0.8712771719689583,0.02727456476403127,Low
-1.5336119109977209,3.4099033313945637,-0.018101943374666724,Low
-0.28010896983530925,6.526994733441842,1.3687652530193326,Low
-0.837307635909019,-2.3039585076402744,0.9238491919680227,Low
-1.118800728718871,-0.9700977861763885,0.4334738760849932,Low
-0.5157784139138865,-0.6394555844494674,0.45183228085544147,Low
-1.6477636723967197,-0.6751429188457956,0.4364023312873678,Low
-0.9638401153999723,-0.818845891666513,1.365554148608423,Low
-0.9841719997243752,-1.4681525362205403,1.0030315248095394,Low
1.044422517466753,-0.5806316869340159,0.9192814913214845,Low
-2.214814032420486,-1.1487680441952737,-0.4453088572450023,Low
0.31655521040292856,-0.6533610040887755,1.0545886516447438,Low
-0.47178689494946185,-1.6110541649974346,0.37880986061663124,Medium
-1.5251298471115906,-0.3557898449508865,-0.47569665921358106,Low
-0.9777592839297186,5.822968770531782,0.4483341267891187,Low
-1.4656589621709284,-1.964273942652241,1.0457067826050097,Low
0.5635561766396938,2.2740188525605225,0.7260771047805323,Medium
-0.0023918180138239524,0.7686476770222752,-0.3874121849150448,High
1.4992730770012777,3.6437549533019506,-0.8783690793392859,High
-1.0342617210577267,-0.29899865889442223,-1.546207955581718,Medium
-1.51399007512396,0.10609816454832281,-0.22960051674912244,Low
3.026216869736526,2.309698560066288,1.5987005689077773,Medium
11.83592320820999,-2.760610368566309,-0.8431648704918914,High
-1.9054644027351968,-0.6050463083684048,-5.669875647454613,Low
-0.3138336810996431,6.811167412748186,-1.7070654772190184,Low
-1.1329868415834934,-0.1583806931648652,0.6024056579844705,Low
7.29199351977659,4.204859226438883,0.20156070805724294,High
0.4097554333672784,0.13843822046601675,-2.816740000321124,Low
0.1975884512443888,1.9475358557838547,-1.5503143892947766,Low
-1.1674929316908824,0.5262355663015595,-0.06302822270935578,Low
-0.3471349442692968,0.8156007309746047,0.19640755313167055,Medium
-1.566811768243478,-0.5741658490315084,-0.11671601740704453,Low
0.4647581291117609,3.158965543665275,0.4404482041418613,High
10.253546750768352,1.2217575129315057,-0.24403035142422283,High
10.682394212578156,1.238123258994133,-4.006687327509785,High
-0.7723022406710542,-0.575153922874565,-6.584683822943952,Medium
-0.07206475251858044,-1.025505558254388,-2.123095453920558,Low
0.984953781538125,-1.8131568275140644,-0.21768911081689038,Low
-1.4764389515192613,2.00612183158392,-1.1498813610188618,Low
-0.45394535989638407,-0.49196646626501334,0.9509797402580087,Low
-1.7782138162344916,-1.1476620716142238,0.6560543503438928,Low
-0.8126068256855499,-1.2921405896356861,0.9184020333606097,Low
-1.741055121765723,1.8691684009222178,0.6600910323141796,Low
-0.1887339032450793,1.2055284238046364,1.1493791535050715,Low
-1.7171409787756753,1.4303555441766713,0.45314536787779747,Low
-0.6834611083875777,-0.2887068590010278,0.9979113822160292,Low
-0.3322549967025148,-0.6096046136053525,0.7940971955785383,Medium
7.991688057390313,-1.4232173534514596,0.3724295666238972,High
1.3221912691381612,-1.8418419206059304,-3.2908167617435358,High
3.455122029224621,1.6571033778505277,-3.087543414686662,Medium
-1.5798792620875524,-1.9864032803370175,-2.1185868558371537,Low
-0.12283752821260835,0.5646512920302775,0.027354109997151405,Low
-1.5700447815469434,-0.6220442576180242,0.4057228001618951,Low
-0.9309086701383384,-0.10466307323065605,0.7903340618341155,Low
-1.8983642937641607,3.2810989350118667,0.3856658811149994,Low
-0.4019431050466605,-1.806415301605222,1.2748286449240371,Low
-1.1692499777034802,1.0943915827185138,0.6606834164753026,Low
10.597895406961717,-2.453595846498438,1.1532168254654642,High
7.128793578437246,-2.025003150612865,-3.911737117670042,High
-0.12931881982113086,-0.7852868389589066,-4.8875537892850245,Low
-0.6970904159446851,-1.4674458748023256,-1.4419187395882669,Low
0.8447544102676806,0.2624674424895234,-0.27401008121516346,Medium
-1.6018771056844023,-0.838911808125023,-1.1029042403955311,Low
-1.0618505980049242,-1.8082546801629384,0.3937988284747558,Medium
-1.3959347215766713,-1.2294934350698727,0.9783604138043489,Low
1.6178912889943926,0.5618180599711191,0.9138840490759575,High
-1.2348204376022776,1.1096991196446608,-1.0769850349492915,Low
-0.4126370032130005,-1.0349586082400808,0.11897780779610721,Low
0.7952698265848875,-0.417699135576027,0.553405384006091,Medium
-0.13633200868708203,1.5262994957005012,-0.522375994976467,Low
-2.062388915900685,-0.4494669981644556,-0.5579092632420465,Low
-1.4309117913435399,-1.127230435249917,1.1958373973411425,Low
-1.2692032155539168,0.5230220831363097,1.199171323913138,Low
-1.5451186699689525,0.26052173741819984,0.5658003757595956,Low
-1.4841566110697972,0.7549525386655533,0.8365167170937756,Low
0.5123160493559911,0.023644876520156233,0.8229160452358764,Medium
-1.3701094256385715,2.6428103056367434,-0.5628348753381195,Low
0.14092913425431133,-2.1200483730839075,0.4789251269104196,High
-1.633850011440494,3.2612035207379404,-0.621065676615652,Low
-1.9837577173745073,-1.413335955508929,0.2832548003624087,Low
-1.387944570610342,0.5569952702581785,1.63156137264049,Low
-1.4608639043681195,-0.35082164108809927,1.9013703325792024,Low
-2.446670984351583,-0.6725816599095571,0.9849079294441077,Low
0.2929190934772061,0.4609339670587912,1.24657749080508,Medium
-0.7465705945514789,1.173145899041483,-0.017626209380897213,Low
1.8263416731206341,-1.9121729638784914,0.40175815686396976,Medium
-0.43547975438731495,0.47459173614706984,-1.1538595157331928,Low
-0.5447552819402283,-1.467080509901007,-0.2503539997283941,Low
-1.225537738493216,8.320734573865657,-0.06782774899424907,Low
-2.3947695343341646,0.16633296898251393,1.5057772458054988,Low
-2.043575825897453,-1.9119042633343604,2.0895150456565794,Low
-1.8633717663829592,1.6031751993152377,1.377410556925513,Low
0.5679437138831976,3.8200328418777216,1.478456298156704,Low
-0.7300709507760132,-1.5640054444467208,0.12106299263864741,Medium
-1.1870697817033944,0.7777672389635868,-0.32914934368477355,Low
-0.5763935750573083,-0.7214254683732358,0.7427108125449954,Low
-1.4222600280074782,0.28201854568482926,0.4253358250065081,Low
7.993725043766194,-1.6567114560979528,0.8589226412658159,High
-1.5901250451039741,-1.071501949813286,-2.9496074001738366,Low
-0.5804504965427035,-0.6049499122593957,-1.0927464416916843,Low
-1.9440071920126196,-1.3595940614765771,0.4049880807259679,Low
-1.6005315640443931,1.0906245482628851,0.978996953251998,Low
-1.4178649322233619,-1.3067256630738617,1.4931638757251102,Low
-1.624043264495905,-0.6205168318677894,1.379334882787969,Low
-1.3233481041261073,2.1516950407902997,0.7639286378268453,Low
-1.164463379684619,-1.0619293281492561,1.18644291300131,Low
-2.6254323147912624,-0.44844627587156743,0.9418209303497703,Low
-1.7664881109881798,3.889572721904808,1.3716811794153851,Low
-2.325274187620287,0.7419005265394248,1.6766156185460113,Low
-0.3941496045455463,-1.683640425485757,1.7701883012773447,Medium
8.062198279241253,-0.5392009675281196,0.5991464780522061,High
-2.1558424158355574,3.324387929349352,-3.9467172481299047,Low
-0.4364054330580405,-1.7708532280245368,-0.4263496709854883,Low
-0.8845701263098105,-0.9795509881188512,1.1417965818147404,Medium
-0.18750992478543993,-1.2822970502773565,0.43486200169996797,Low
-1.9526245132638769,-1.0148218425984556,-0.11235863411732859,Low
-2.0155315715844746,0.27168589321103964,0.44387926361001095,Low
-1.7878562996056653,0.8799656046220545,1.7441918617026189,Low
-0.08519627180908887,1.440027969339607,1.9970718326041255,High
-1.3947703824001794,1.0596341474183357,0.41724940502400015,Low
-1.3746951285311337,-1.3433269168619746,0.5585335077236511,Low
-1.69102193964239,-1.4444086949253576,0.8053498651318342,Low
0.21141147898336002,5.512290468956116,0.6575171986935008,Medium
-2.0317999699429965,-2.05315688381442,0.140870697007313,Low
-0.9226250484100815,-0.6853172079869109,1.3189765890463727,Low
-1.133497429067844,2.6118372114529547,0.5344206904990019,Low
2.6111143372765038,-0.286757952424395,0.8432146954491248,Low
8.342547894555686,0.25025699981657973,-1.0302268792702878,High
-0.009162182872724987,1.2696813885676215,-3.857411530813577,Low
0.10679230284537594,4.756132157825176,-1.9351790755870877,Low
-1.9983530530190083,-2.9166894748860255,0.24411686952766704,Low
-2.1991947573866644,1.3305034425028064,1.5503673594847511,Low
-0.9538757858418607,-1.124634866049645,2.1111177620153767,Low
-0.8094562546975155,-0.1889345038149126,1.0878294598742184,Low
10.46677047476941,2.5025401351212686,0.2112866591459021,High
1.8319841287758827,4.450842958281941,-3.9256934827593226,High
3.9624508141017394,-2.061820828193875,-3.1004281958344064,Medium
-0.5262363037667951,-1.192522089380054,-2.1899292868762346,Low
1.7224582276717222,-1.296827299340032,-0.6128790256923756,Low
-0.6083159929899893,0.17650141863353644,-1.1686216529134363,Medium
-1.9677600923657372,-1.5498519950715743,0.14207381686587547,Low
12.91696546118322,-1.3613050205097208,1.3474966993480129,High
-3.0498836720179,-1.6639242933836917,-4.522846035096465,Low
11.916502076656782,-1.3215802862975394,-0.48465926025782835,High
-1.514353218381664,-1.744352568656737,-3.8508232256223947,Low
-0.3393630104082783,1.108949983396133,-2.9100426473214664,Medium
-1.0451153208887523,-1.6125005226642413,0.10190761389059733,Low
-1.744114060976033,-0.7124005724662336,0.6219867768129028,Low
-1.2665252861387648,1.9174928508612952,0.618581040838514,Low
-0.046107218317566284,-0.0368789265708226,1.076772866965171,Medium
-1.5289055715715372,-1.3568421355540272,-0.19235368198043626,Low
-0.16158479804602008,-1.4397411612695834,0.6322010706824314,Low
-2.2575244367159972,0.4887264623931719,0.1899222487450761,Low
1.2087780847136573,-0.8744943755162459,1.676412245178138,High
-1.5495632541366642,0.9184472270453029,-0.6431423633040054,Low
-1.4248568229215761,-0.7470953720956625,0.2409610723559769,Low
9.001285790476668,-0.9248307732774164,2.2059530819723343,High
-1.2353762131078245,-0.5880041182044179,-3.0755338673617643,Low
1.2373034302487285,0.9285854019254033,-1.7723866349822415,Medium
-1.1679294970883145,2.379667368560511,-0.8221899932158357,Low
0.6245089562008936,-2.3585352657054255,-0.006767805185170642,Medium
-1.2736441363521211,-0.047526181147690395,-0.4546803908831493,Medium
-1.4511752619481746,-1.742077870189807,0.20374609439349325,Low
-1.7716199851179195,-0.18323645074220704,0.9145033950378211,Low
-1.5730344369931455,2.2212880771780203,1.462929491764838,Low
-1.5540311687681583,-1.2386577897554063,1.5471553102695814,Low
-1.7737701883783725,3.1712764618019107,1.1195272509647736,Low
-2.5136011801477025,-0.9067869784681837,1.1493972261196443,Low
0.4860050740522645,2.536540686729604,2.096235665132845,Medium
-2.1367789530604413,0.38063057066161754,0.7182143149766196,Low
8.193719773445935,-2.239800056312206,0.8006377538466046,High
0.86534547624285,-1.4962593112364968,-2.2506044822129296,High
-0.1869247355460689,-0.5068670825620347,-2.3260917175294367,Medium
-1.8866417007894603,-1.4075171400963458,-1.3382428803446145,Low
-1.246317250461129,0.06574520803702678,0.8606588208165502,Low
-0.8633647789073774,-0.45211428511588475,1.2862769476408902,Low
-1.5495248385991365,3.447415148626872,1.131934190828365,Low
0.38352212213706605,-0.9165639273716055,1.325018401682196,Low
-1.546331484184188,0.5955610271629153,0.3581236860184011,Medium
-1.6165920948935522,3.884693439818454,0.4767110983075464,Low
5.272231889170133,2.025875560359648,1.5028781362803048,Medium
-1.5754316114320288,-1.7363723846380559,-1.1658900599430406,Medium
0.539675154099393,-0.09417881656186078,-0.06651011606938008,Medium
-2.240426618106735,-0.8679990990631189,-0.33705928894885645,Low
-0.8784900767656546,-0.5800116376404654,0.5714995644155274,Low
1.3260744067402666,-1.0464180602781235,1.3628103276049781,Medium
-0.7996138269058429,1.358694849689573,-0.4161874822948203,Low
-1.5053960606410528,-0.6428653569954724,-0.11512533495104572,Low
-0.8122805142467575,-0.13852770219059285,0.9533541398503578,Low
3.799230209306815,5.911426245361429,0.4860306926361927,Medium
-1.3479431338225623,-2.37410994126949,-1.54248476987071,Low
-0.4510121039978603,-0.7457872350631576,-0.3115111976628189,Low
1.705202087846771,1.1292513160989774,1.051291774569938,Medium
-1.4808178711004703,-1.4532519111953033,-0.9026664582956048,Low
-1.4498227483189035,-0.1361823026146648,0.038777520983248576,Low
-1.9574582343511089,-1.1284142298611473,1.5908078869782596,Low
-1.157027028655299,1.421977677319824,1.4964439157437839,Medium
-1.1557459971943675,-1.389648311743585,0.915628255474691,Low
-2.0132401417924477,-0.8047480952503991,0.35242318824926727,Low
-0.9790674170599933,0.3098723173098169,1.108698241738706,Low
-0.9910530943802695,-1.1278316655253677,0.9453369438165428,Low
-0.216267965221484,-0.7419725997978048,0.44260536570877607,Medium
-1.0184612744614918,-0.7539963927034605,-0.25429700476442624,Low
-0.4755919692005303,-0.9330903454186698,0.06341457309617095,Low
0.516645487701719,-0.9688757450304726,0.411652696622751,Medium
-1.494874807900309,-0.26910220996665474,-0.1562478001980918,Low
1.4917303456301616,-0.3228621662085956,0.7184552895358971,Medium
-0.36096579431666237,0.7802443560490788,-0.8316571753853614,Medium
-2.2518051951518157,-0.9380647192013091,-0.022037182533968705,Low
0.6655042463631308,-1.557122485627048,1.873832230198525,High
-2.0192237684754475,1.096879294618702,-0.0018788641183899734,Low
-0.5918498006985187,1.5698858836279406,0.3771131752620965,Medium
-0.016514572856353237,-1.77659167141978,0.9739518357242837,Medium
-0.12928034505197222,-0.6577832304236368,0.1617042252617702,High
-1.30193818121437,-0.5458999956268424,-1.0124300509939765,Low
-0.4789882458700952,-0.39560085150328395,0.04908701593765509,Low
-1.303259239781056,0.433087508319414,0.4457814403349191,Low
0.03171787258692361,-1.8213030444583471,0.7710366697365674,Low
-2.2322401659621147,0.7931619840474324,0.026944621922354077,Low
-1.3138585886255902,-1.6816446387112638,1.1499647984687982,Medium
-1.980344974264234,-0.2201719562478214,1.3269838878478368,Low
1.666473652601438,0.9821992448988756,1.1744686276352057,High
-1.8674350017152992,-0.8977487952233134,-0.7248463457919261,Low
1.7869979608946194,-1.2940152842001353,0.4141045685223815,Low
-1.309498393180613,6.458118462075509,-0.7443180640667469,Low
-1.312514242856446,1.0635229191827311,0.1819230119595774,Low
-0.8328824283333909,0.8047002575319172,1.0336563996178187,Low
-0.6295878904074811,-1.1002943721739737,0.5103265323940208,Low
-1.4185171193235204,-0.9618711768377948,0.18031985210172574,Low
-0.9936888215581763,3.7391582351401107,0.10806951966727003,Medium
-1.9456930956450946,-0.8132596979941087,1.0189783709547904,Low
-0.9565306695907303,1.9686504509130187,1.21557153653785,Low
-0.8097802337050435,-1.6194502873003684,0.6990593045838852,Medium
-2.2908560058569507,-0.9057194308615965,0.33217305993361973,Low
-1.546984829631654,4.749852289607717,1.2112344377081405,Low
0.06847582972786126,-1.5166956207485525,1.6712079418774686,Medium
11.672776317771042,-1.5490055143324954,0.45619414012840054,High
0.04652910056113642,-0.9059504684355724,-4.536463291979266,Low
-0.46366992270689866,-0.30966528923389924,-3.036011454853185,Low
-0.6392853992538801,-1.5421862080403859,-0.32424848352106644,Low
0.5827576030578908,-1.0437044035010312,-0.23632579058283987,Medium
-1.9285835051944211,-0.7018066612904382,-0.5525699447783702,Low
-1.3601601593330004,0.7095247857400642,0.6220917331571257,Low
-1.5765842749012062,-1.1659953049194478,1.2906280580025289,Low
-1.5442560791116742,5.442050510331095,1.1025652786114313,Low
-1.0281865765950573,-2.381191127603824,1.2799456208484759,Medium
-0.5141944632827542,-0.6302308909065233,0.742064649297014,Medium
-0.12981168155844816,-1.538308754424675,0.33520402967642055,Low
9.494484636075033,-0.19668938275123943,-0.2315253127243856,High
0.009216642789120384,7.397165941659089,-4.210522428334232,Low
0.9120555508010044,0.8617365828841721,-2.0904792638024916,Low
-0.9527879703386027,-0.8787052192474274,-0.6773813602228637,Low
-1.3031965222463007,-1.0008110717927796,-0.004740009619771869,Low
-1.2516903828372976,1.3923857495526148,0.6439745513779529,Low
-1.3264365549309012,3.6243416370173214,1.2208821277001558,Low
1.2027642777361733,7.675123323754806,0.7394965119838228,Low
-2.810039067115042,-1.9691054886270791,0.08493408819227817,Low
1.2440692113340146,7.028681223071813,1.3359881778033438,Medium
0.9090898574884055,-2.830803503480013,0.3138093985043693,High
-1.6660409614818799,-0.9540154015526737,-0.5526703637918561,Medium
2.2289573547057464,-1.243986770118162,0.9766808710105269,Medium
-1.189995900549382,-1.2492579939392894,-1.1446159901704502,Low
0.10266142054822341,1.05791504385833,-0.2977018519379101,Low
-1.3868809859583926,1.7293262204723174,0.2325000440262287,Low
0.25956465199648393,0.9510549338896771,0.19967553040032768,Medium
9.427448872099212,-0.4330873178830442,-0.3304315540600051,High
-1.6104071268303883,-0.4625692330915514,-3.9655937100493395,Low
-0.9820041551520993,0.37867855016027446,-1.2416137734159476,Low
-1.7659308351937208,-0.7460912149603809,1.0457904710358168,Low
-0.10754138833707619,1.3444921144834725,0.759631399614222,High
-0.6295421334019575,0.10697734072066356,-0.5920074731026584,Low
-1.1660217315027828,0.15852466928596634,0.015619658653452186,Low
-1.0137970777941834,-0.3126831226087649,0.547762901323909,Low
-0.6343290848412565,2.080050088965164,0.8942717062005943,Low
-1.6783891074272808,-1.258521801029405,0.7376766373531198,Low
0.6083991691851959,-0.9097308444934568,0.4562691403763016,Medium
-0.6842411886569685,0.20361366638800632,-0.3764866755347311,Low
-1.01469259796838,-0.35366569532784325,0.011090251193417177,Low
-1.5283379577927327,1.696279466603548,0.8519296037649552,Low
-1.8352762432748606,-1.3177503898522887,1.4160622202797266,Low
-1.5870145893305438,-0.7961052756277195,1.2768450801830518,Low
-1.0604862792005918,3.0799795375245886,0.898614632450989,Low
-2.747326840903613,-1.325306342221592,0.380913574893127,Low
1.125469334003692,0.49043130364354326,1.8032775564677166,Low
-1.7048078682914272,-0.7105135624447355,-0.29635472536925467,Low
-1.4041971544156724,-0.8382620751356411,0.05890423004307454,Low
-1.9172484966878038,0.4763084480256748,0.5892085832455003,Low
9.631373317852852,-2.2301279088739783,1.4697813460138327,High
-0.0026206604882261157,2.2678732807872897,-2.7829279421500424,Medium
-0.0756200100004038,0.6708421122582491,-2.609313043687128,Low
1.4864787571061973,-1.7947686766495705,-0.9947898513458128,Medium
-0.945608757652375,0.5232041455972476,-1.854108542051704,Low
-1.530340469441913,-0.20379869894222954,-0.8574736679495357,Low
-1.3579241367360193,-1.3383006021037922,1.4328099574932929,Low
-1.6438507255363355,-0.8890316147744257,1.0327158952543893,Low
-0.8823868894727325,-0.3438023158433842,0.932463742057865,Low
-0.9121079676891737,0.7219196304916039,0.6570888275798031,Low
-2.8496800482803533,-0.4407722669396868,0.6149746407972438,Low
-0.7793474529915572,-0.13939713245112986,2.2346970182165196,Low
-1.676659426779084,1.0357273290345979,1.1864406873460462,Low
0.9944713844743355,0.37160864670807797,1.0705804833823125,High
1.2646673213466502,-0.5904738145918835,-0.5483580881315477,Medium
10.64118997638877,0.5590847241239537,-0.9064221343431622,High
7.318294812735398,-1.7214691132597237,-3.894714069062724,High
-0.8608160960002246,1.5698455930343167,-4.80990061917966,Low
-0.9500735082522429,-0.26593879210698185,-0.8417386383798596,Low
-1.8230866680871327,0.9240946338705066,0.510790047624383,Low
1.3207598072202085,-1.2554786640782625,0.9358440441941561,Medium
-1.8437315459796344,-1.3098320998432629,-0.4171754867964943,Low
-0.9960542236049506,0.06159651040295772,1.0643287260462666,Low
-0.5157701650945968,-0.7249100678507544,0.9621648055795671,Low
-0.41199581725072637,0.6835159058236412,0.058369805738281565,Medium
-0.5416356209671839,-0.538543327403096,0.04552447982880679,Low
-1.9345424768457584,1.9330098602805224,0.13491486755423523,Low
-1.4946307154450071,-0.14120763135204284,0.9196483771589257,Low
-1.6874133101712043,0.5422961051342443,1.1458918156778923,Low
-1.3390615059234285,-1.183709686835082,1.4357478365509349,Low
-1.6074677734309828,6.639956934904265,0.7392667771196818,Low
-0.06076420559225073,1.0955188505442572,1.1438988280690103,Low
0.31735833451101114,0.8799826860272645,0.31781616141023866,Medium
2.750919896466755,-1.269245336181962,-0.5976558879031199,Medium
-0.9735333119061544,0.06770121814462811,-1.0103317099844815,Low
6.852368675972746,-1.845859547220789,0.6598301734447471,High
9.652386367911333,-0.7651587324838995,-3.184144756100018,High
-0.8797142185115641,-1.6057626172456552,-5.326773578426106,Low
-0.43837094737364557,-0.38532504111216886,-1.568923140610743,Low
-1.9381219036143928,0.03397338133348046,-0.024217947132364713,Low
-0.5679139650401064,-1.0089722191442219,0.7218280128712575,Low
6.806983601019978,-0.4699708331160126,0.3776750080078743,High
-2.100519038710253,1.8427990593264716,-2.563333284617985,Low
0.4688433655087753,-2.303811399151132,-0.39715929093722013,Medium
-0.16684371608970547,1.2492211845668777,0.3571204393029265,Low
-1.5098192774511634,-1.5701114597842925,-0.1296329105165499,Low
-1.5074407737604512,-1.4969101433063348,0.44945518210332946,Low
-0.5156723120069047,-1.0337751271135756,1.3432715279515461,Low
-0.4634695469524648,1.388549710136041,0.3735576569603145,Medium
-2.529347620759816,-1.1736617622301169,-0.07264361714548388,Low
-1.8043711236105875,1.7756300061085255,1.6581676032982449,Low
-1.2589693340534214,-0.9269954501274345,2.1627024171269063,Low
-1.4939280802640762,-1.7084715221249231,1.2015994139838257,Low
8.562454662190168,0.8671157042557341,1.0917813018123295,High
0.23633942048869286,-1.992763310776046,-3.2282215153669847,Medium
-0.3740939532152827,1.0432720285445543,-2.5317744675752327,Low
-2.435255579383931,-1.7698030636890552,0.08780697151645375,Low
-1.4587584740641262,-0.5344124943240799,1.510113736518033,Low
7.798788697923344,1.1756155255278358,1.2222762878897606,High
-2.0500407580315856,3.6071966154854302,-2.3437622553142616,Low
-0.7626766262751429,-1.426115827032733,-0.26042176884763174,Low
-1.0331401063960466,2.2608395887865536,1.4798747782537218,Low
1.1465447095286025,-2.084318739338598,1.98079872270225,High
-2.851303515860005,0.672266321002966,-0.4010388906177967,Low
-1.6367787199028958,0.13259184082996683,1.4142669513580242,Low
-0.6274385175708932,-0.9618903695968101,1.8690011658238066,Low
-0.5035993371000402,-0.7008972661612344,0.6090038321046407,Low
-1.8216489540980625,-1.142829407035702,-0.08716431010748209,Low
-1.3429153905699815,-0.6408829271974298,1.3052752690389078,Medium
-1.9473979981702843,-0.8775989542819129,1.5407840270709674,Low
-2.057876612221691,0.0956575183404447,0.9745573090677939,Low
-1.150973854241279,8.048563608268724,1.513669347308076,Low
-1.7603508732297057,-2.7931652318913,1.5942040998620033,Low
1.195688969213358,-0.03620544303891582,1.344164042976426,Medium
-0.33255630882833204,0.7102898513156094,-0.6958566822170404,Medium
1.8361227590331155,2.4561334946086477,-0.6610755298099318,Medium
-1.5518072015104007,-0.9897269919148391,-1.1760658911516635,Low
-0.6335380729378747,-0.3358342036145059,0.15829999325192018,Low
-2.1576251997782823,-0.8873718244365543,0.7657695890460858,Low
-1.491762832886259,-1.1165550841565692,1.3413140210812555,Medium
-2.3825989275771597,-1.3286850775970933,1.4300588828006833,Low
-1.4217953611283052,-0.6062975177053807,1.5206228821300878,Low
0.21465676682242738,-1.6207699355926517,1.4252152150866708,Medium
0.849799481597603,-0.591549582442007,-0.03225760876376575,Medium
0.18039654119216217,-1.0112591710151433,-0.9955718989133802,Low
-1.131230857980828,-0.2698326548158406,-0.9792149343551257,Medium
-1.7326089310216195,-1.313254234544697,0.42488408261154037,Low
0.6004672575650304,2.8374098883849213,0.7660365146997486,Medium
0.219628901067455,1.6042273268157083,-0.285287140192179,Medium
1.5854924041693605,-1.9980999900274783,-0.7221705035726443,Medium
0.04687732056822964,-1.1693547987202801,-1.6542910388771568,Medium
-1.2610264633501709,-0.09802427806246809,-0.7301998414293877,Medium
-1.983882097266175,-1.5021098648110103,0.21459201138891237,Low
-1.9654401374173636,-0.8785966037898829,0.9516747661767089,Low
-1.4787089063605572,-1.1248954027890417,2.2353177209615476,Low
-2.1769268869054197,2.6772744399760726,1.5816139710552801,Low
-1.8286289648190228,1.7758970782987027,1.8835713352529464,Low
-1.235080826381197,-0.35360183558170755,1.212140584000727,Medium
-1.983224076793281,-0.17733285935293555,0.991769941827846,Low
-1.4150765821387483,3.689111515530523,1.4133835681774447,Low
4.4093692435054,3.047867710634016,1.4635878724021698,Medium
-1.3348030529471289,4.206062181276348,-1.0944144969501088,Low
-0.8389991769039362,-2.2628067386594823,-0.04059185440187023,Low
1.1277590739051828,-1.3859023786980227,1.0495241976540708,Medium
-0.32515931953053984,0.1362137353360792,-0.6734048485346574,Medium
-1.4988388769841818,-0.9509269256083761,-0.7278316560372824,Low
-0.6695575314671526,-1.6760886656930973,1.5548488591966783,Low
-0.8912848271858427,-1.2095387226782044,0.9249450023418896,Low
-1.069288321868415,2.907142039763045,-0.31691744428782187,Low
1.3014476508896464,1.7156312968664298,0.22270748586119493,Medium
-0.648950975276609,-1.0899361784799435,-0.7151686893582124,Low
0.36266693650145687,2.1846099368258685,-0.6751947386228049,Medium
1.425565396649009,-0.7944326250512855,-0.40906751683016934,Medium
-1.2893780290706123,0.8623352766717854,-1.561699586017574,Low
0.212486775096609,-1.2047045567912165,0.3934233848173909,Medium
-1.9297377654796877,-1.2192253734588623,0.2387641647472813,Low
8.68057512648247,-1.1750694653338778,0.35520087605624057,High
-0.9848360604294805,-0.6908798993105859,-2.6429585330646583,Low
0.5323234145076807,-0.6022681616660575,-1.364908566185093,Low
9.82885084285764,-2.0269339001906186,-0.7434735237895866,High
-0.7095038347281856,7.30559246619655,-5.016033609040182,Low
0.7210790961816096,-2.868303046677258,-2.4396937360907383,Medium
-2.53679137797665,-1.2694247844888693,0.07177432811212087,Low
-1.7270561369438253,-0.27531440112111133,0.8460829373240755,Low
11.687413717477781,-1.011147173282142,0.5717469762564586,High
-1.2244956606065858,-0.9783375369098696,-4.0819865270136555,Low
0.9568385326250758,0.6602417835363075,-2.1240122975150264,Medium
-1.8573603579632358,-0.6667823706248424,-0.7794696188481749,Low
-0.3038546225495199,0.3466327222742169,0.06635978342226888,Low
1.6432111147882114,0.35250135637075547,0.0025893769706305963,High
-1.4838756192177027,-1.6919779567756714,-0.40367368429764594,Low
-0.7961708607479923,0.17030480213344262,0.4057649565206411,Low
-0.7987649547811647,1.3931631588383933,0.6669925398650096,Low
-1.2790546920845745,-1.859509866610894,0.7304018562589444,Low
0.3213540830715558,-0.7763770111722307,0.5521365495420936,High
-0.6360954470963267,3.379511215964116,-0.6770452495741444,Medium
-2.135544189721199,-1.5893433432893123,-0.25083961447815734,Low
-1.3316892734122665,-0.8249968207295837,1.096406106511496,Low
-0.7027033203103975,6.120751800320523,1.064825092676246,Low
0.9977623753137413,-2.485208642932335,0.6658435655626941,High
-1.1996536803838938,-1.525651699453266,-0.9432136402692918,Low
-1.7586543725864283,1.6329992668484643,-0.2759475861575649,Low
-1.12164892299438,2.1809078050083346,1.7705293541332079,Low
-2.369175737999817,-1.0655282423004804,1.4476299599316194,Low
-0.9243947178203205,0.3152866448925679,1.8773238921100077,Low
11.954369799219908,0.420318382256557,1.2656285962986904,High
0.637324876292541,0.28458853944714935,-3.7626913115272895,Medium
-1.0876787186567145,-1.424116141903049,-3.21743996959585,Low
-0.9271757555370481,-1.4326199283336214,0.0743268209141173,Low
-0.8156228292191497,-0.5212276787718422,0.2522609481791084,Low
-0.6979550704458078,1.6395988471930147,-0.40837235297131996,Low
7.98705586117986,1.3896391619622672,0.4745525915318974,High
0.7408461657476878,2.2501877281067624,-2.2215051346887855,Medium
0.5984415975755824,1.4880934753897963,-1.8446554627977445,Low
-0.026375213945584758,-0.926154570002528,-1.0150891902792527,Low
0.8831821314108314,-0.9841311478941035,-0.6296995271797847,Medium
12.853805499777332,0.5828724006777611,-1.2579892096378578,High
-1.617346009937205,-0.5054521811461556,-5.369331825122136,Low
-0.9255932076660961,-0.5234131377964453,-1.5479903053405546,Low
1.28081539980655,-1.3437650361505455,1.4060139343134352,Low
-1.1393867972472553,3.6033682280859627,-1.4038762644857863,Low
0.6141000583226766,-0.18937975078596245,-0.407443062126267,High
-1.6973889440500758,-1.0698242264132907,-0.08871196714649918,Low
-0.4890048361554311,0.10831548254384624,1.0985439806760942,Medium
-0.5886826048352399,0.347090640799206,0.6303057351113976,Medium
-1.3351001177487816,-1.5595807880889925,-0.374116990399098,Low
-1.0936670588726647,2.2725611326685122,0.804378095316167,Low
-1.6068756797830315,-1.1671226098467828,0.9629423753792636,Low
-1.1938167077087247,-0.9885434622911028,1.1049887424584293,Low
0.29633763657076373,-0.6290036873042794,0.6009688832351068,Medium
4.977294639313103,0.3936502046861261,-0.3254078969339058,Medium
10.004604427990023,4.103647117093485,-1.8328351764869362,High
-1.5684175755209897,0.6524035224281118,-4.970693900544647,Low
10.819008048648552,3.305377286994952,-1.3325642734503478,High
-1.055157062830075,-2.2647748403424344,-3.3483274296792898,Medium
-1.2100503434136853,-1.3221076071987072,-2.16755856414728,Low
-0.01684039370869765,0.4544161992231738,0.158936201467325,Low
0.22480511271281614,-1.52637871405406,0.5162142998574322,High
-2.1540228135314883,0.9642342422921719,-0.7453385683700873,Low
1.0139355274852468,-0.22150880971541406,1.5869423782186487,Low
13.20681959198826,4.564610555718585,0.13331790097919247,High
-1.0138450724263726,-2.160084166274742,-5.316287439416803,Medium
-0.7420051181288129,-0.3667547833961684,-2.5909623845980714,Low
-1.6471369698503404,-0.415324122736582,0.5327747127187064,Low
-0.7920934959527275,-0.8940141220568221,0.5836357506941929,Low
-2.074982730943957,-0.35508837148102773,-0.0854236866895832,Low
-1.8271442245092038,-0.7136545979679482,1.3677799339937575,Low
-1.2010950128870546,-0.5996412104690949,1.609668922992117,Low
-1.175175905179972,-1.1673341288804686,0.9130854588676699,High
-2.0282647202197235,-1.4273215451728176,0.4157906048729575,Low
0.961822573848505,0.20262019975970735,1.7233426436548038,Medium
7.905174771571249,-1.464497062064777,0.2770227085681898,High
-1.6352141341982553,-1.5273322630912953,-3.88213824852614,Low
9.33944356591777,-1.2733000160796282,-1.311086881808284,High
-1.710407355074003,-1.158787732557061,-3.4915318835651186,Low
0.6594554034462892,-0.9271457631551395,-0.8460379900411555,Low
0.250582457789838,-1.634456261978511,-0.1748295783474353,High
11.242373049100685,-0.7532449598713602,-0.6267546959631267,High
-0.21437909373941938,0.3305326400059113,-5.2458156532432545,Low
-0.5786636938221482,-0.5000702590142537,-2.0578266244901005,Low
9.79948958557743,1.0075363667600592,0.6578493530853197,High
-1.0422410863948994,-0.9142685818715498,-3.0909433256771357,Low
0.49354771285855253,-0.23460006027833477,-1.6412054951698285,Low
2.975553178650443,1.6610408266120298,-0.60598065818317,High
-2.193543887986124,-1.1348827370948742,-2.4614212487113476,Low
-0.5939021545612355,-0.6050375847747087,-0.1674138182585628,Medium
-2.124690396417071,-0.8025011339238045,0.9865287874524061,Low
3.8889526765123468,-0.9155155689907989,1.569719121468541,Medium
-0.41861625727126794,0.9306161925025696,-0.824433799186138,Low
-1.3172433963840553,-1.330677568751295,-0.6391171934286926,Low
-1.499947747437618,-0.7217955659947438,1.0614551550893496,Low
-1.7338340289126688,-1.0024310134595147,1.1210669405356397,Low
0.04677090046595273,-0.770968679091517,2.1120702724730016,High
-2.5932462817456092,-1.085975408480963,0.28108715908757814,Low
0.677960012936746,0.621402642708741,1.7027293988380232,Medium
-0.7946530830299529,0.27729678272417235,0.48876072833920864,Medium
-0.8738518189131057,0.8934087353952995,-0.04918480719718201,Low
0.502107746930301,-0.723562207165311,0.700267658709646,Low
-1.4499164037420058,6.340483128649145,-0.5095282632491734,Low
-1.1073990882857168,-1.1896146479309422,0.7389130241928922,Low
-2.365561135271774,-0.7209460879471804,0.8065664910268163,Low
-1.4856972367253987,1.5722870843615928,1.1852520585196002,Low
-1.1657997193317111,0.9200813624469452,1.4534009796250043,Low
11.339003319365514,-0.05621782353119295,0.638029792271142,High
-0.7544001067133086,-1.210713760073722,-4.4429564708697775,Low
-0.29768740129739696,-0.8999113049344319,-2.1895618176575686,Low
-1.6551608420842836,1.8310623166764457,0.011678442751899016,Low
0.571817319307006,-1.1847381515064106,0.3684711905348002,High
-0.6189807361072698,0.4541922318493579,-0.8855131917869531,Medium
-0.5354529926270203,-0.8582126257979326,-0.32974273213402655,Low
-1.1648663874413652,1.858811882524757,0.3932071974336222,Medium
-0.24113457731089274,-0.9488362644592984,1.353228739112098,Low
2.5216727205366642,-0.8420121378811566,0.8667613066841042,High
-0.5449370135045968,-1.506325149186838,-1.1757583142125276,Low
-0.9661868729182187,0.27591239204097373,-0.8430130591604765,Low
-1.2923124032656728,0.7489863220143633,1.0932051829985174,Low
-2.0250057094604066,-1.6031548454880742,1.1532347996146646,Low
-1.0421031644654513,0.3507172677014984,1.0299146964287378,Low
0.9549314246740507,-0.9520058898413358,1.0993974720285913,Medium
0.09987039464258969,-1.1264981983682498,-0.5028907066111393,Medium
-1.536406550033174,-0.5432528223461274,-0.51657389685049,Low
-0.3728158010721667,-1.146224497056894,0.9977469409571357,Medium
-1.629576692677518,-0.8137281813982716,0.17180144861966265,Medium
-1.9568383228551576,-0.8128771923453569,0.3735914987253102,Low
-0.8204072978869108,0.9380327473868395,2.095816401911551,Low
1.1096043903810575,1.1452528578990753,1.1711967789020845,Medium
-1.6351383058285527,-0.10373564513791046,-1.26791841840522,Low
-0.7246660098632478,-1.7483348210859897,0.23092165716387097,Low
-1.69795255492556,3.3590586205287734,0.7517915416561705,Low
0.9591872092822115,-0.9111077207418127,1.0305224007196547,Medium
-0.7577291981148576,-1.7133328832355328,-0.19540761507829685,Low
-1.213216388552423,1.955172223800043,-0.37101289351883693,Low
-1.5996415130191517,-1.5565581880340655,0.9179693487810243,Low
-2.224147194368276,0.05200256540632469,1.0431181540940375,Low
-0.3667501912987083,-0.5632380604230522,2.0591181642335057,Low
0.5997538135499845,-0.9919577428844084,1.0573505541823682,High
0.7924611882018259,1.9786885722883798,-0.6628511293114439,Medium
8.823755882410849,-1.4943868751679592,-0.5864870090666531,High
-1.4621794972304607,-1.6154287753202141,-3.330950162137475,Low
-0.2685834002920601,3.346243627730949,-1.335558816414902,Medium
-0.23025639530112788,1.5778562782869379,0.391704159005961,Medium
-0.0049463139269060805,-0.05056098583037259,0.1461874370735042,Medium
-1.5647177880264354,-0.7196359703563248,-0.7559480308308175,Low
0.23657627364159242,-1.7169815379086713,0.4705326773181374,Medium
0.7163581880107086,1.6331844061089131,0.06288230394377885,High
1.1761078896085957,-1.9422477535474112,-1.1133778543602548,Medium
-0.5808264573975748,-1.5437944274266935,-1.5613935081933723,High
11.926419147711412,-1.0342569530595527,-0.5865585755633993,High
1.6754854645952149,-1.74170287032635,-4.117460896136024,Medium
-0.9705686991351479,-1.660772838413173,-3.9632805437698684,Medium
1.6380175920179936,-0.649543306817465,-0.6050785410030045,Medium
10.245929146727352,-2.249905365269979,-1.1561980006040642,High
-1.1686405029419373,-1.1866390051113722,-5.028567428033482,Low
-0.059039648358256445,-1.6583252726054867,-0.898050044662695,Medium
12.04651740206675,-2.228983297698475,1.1590990911942807,High
-1.2879288657556158,0.5943572231802721,-4.253625464592514,Low
9.693972510983615,0.03439193010954284,-2.1727251645303225,High
-2.018412097437414,-1.0031124038536612,-3.344825095978681,Low
0.7618960195727466,-0.4527248022292613,-1.4512817048297357,Low
10.417746390252278,-2.2666269228459504,-0.9856932977171812,High
0.21553367604038534,-1.5847842245079624,-4.601449562714344,High
0.8994541355129864,-0.7142071292324463,-3.587598991742766,Low
1.4151012062755437,-0.9993443091005958,-0.933942423282138,Medium
-0.2703591222358453,1.4139996790669878,-1.1820987498809048,Low
-1.1691828147950099,-0.2593601823724064,-0.6670362491305399,Low
0.2741339439571944,-1.1833053599192322,0.9075763601222141,High
-0.6598625850343671,-1.6302965781967544,-0.08368834315176112,Low
-1.2512738669302244,1.091398855452128,0.21110699341980044,Low
12.334487082546659,-1.6388084933752056,1.4234432353880713,High
-0.6679605517406616,0.48447591208107427,-4.355809802429335,High
0.7912247338265758,-0.23622749575851196,-2.788472876747799,Low
-1.7380369457309006,0.11395042363550979,-0.6409325254946313,Low
0.6212218548175977,2.1380052276052584,0.3097112001620256,High
-1.9661312150620314,1.5022951643215112,-0.686859629729211,Low
0.8341575263808042,-0.9844241215787642,1.0127359439872994,Medium
0.3464263327763033,-0.41476012358958736,-0.15570757138566385,Medium
-2.085712684913248,-1.1219773188391573,-1.1907314530585276,Low
-0.3869460538041952,1.8331239937831756,0.7726293009371961,Low
-1.7120456886058426,-1.031515198497108,1.4497283907502805,Low
9.996588660502855,-2.1089211800442667,1.304152950810869,High
-1.9738940663039821,-0.3916598565729347,-3.3518228147065297,Low
-0.2087490298551029,-1.24468734598123,-0.20817650588638506,Low
0.09060069632745155,-0.676154277171172,1.0167924611551389,Medium
9.235403917743291,-0.17840204957730937,0.18427299035149436,High
0.15714412634463312,-1.0916885754194716,-4.277104620044522,Low
-0.6408567977248153,-1.7585707000725943,-2.3953575422271514,Low
-1.0283097195741957,3.8662311723771796,0.445758044481453,Low
-1.5401771198534293,0.11871170728292202,0.9228182879720015,Low
-1.5770076572841045,1.3940655052341737,0.6474995162649543,Low
-1.7217712070955864,-1.0017061365113387,1.2131984520646606,Low
8.319065480785847,0.503904011484525,1.1219938809669234,High
-2.470065279377164,-0.7967286403346198,-2.4305875602033056,Low
0.23360092105870991,-1.4046886297283787,-0.5069744646460934,Low
-1.8071529995670816,-1.418430474938927,0.005286143592631899,Low
-0.8491069208365332,-1.021775469059583,0.5366109895606064,Low
7.505882118868056,-1.4578694513425186,0.9314596895457259,High
5.772827979849321,11.451298435420258,-3.3955784231426938,Medium
-0.2423400375619484,-3.3580395291383063,-3.966803207328423,Low
-1.165984226956657,-0.25095763923512177,-1.4457279876887204,Low
-2.156924288189677,-0.8403747082655151,0.26979530467559765,Low
-1.0357591157784536,-1.063775360062824,1.4264967059542744,Low
-0.2647265845868098,0.18496481931151745,1.2239514622855077,Low
-1.3998591039131776,-1.5438924455292913,0.006192844575141195,Low
-1.2393392730778074,1.0476454633735675,0.4490197380366744,Low
-1.7674114777432204,-0.9971649216378059,0.8150062730312889,Low
-1.3136877851077833,0.3097794531867902,0.8756083376740061,Low
-2.283287154714111,0.5871482565760339,0.6442467354509251,Low
0.8305649586028051,1.4963218449477294,1.3987896698540934,High
-1.2906603698231383,1.7787746610509616,-0.1934441475607847,Low
1.6951790082777989,-0.020176108752486325,0.06496109169487085,Medium
-2.0553328511418276,-0.515899218702253,-0.7637243702336572,Low
-1.7201400980919177,-0.20759679799636765,0.7404664550660512,Low
-0.4528835053510156,0.5364390925673668,1.624422321696193,Low
11.309469898897802,1.681203713935926,1.170246073721961,High
-1.743931447877125,-1.9003523900986283,-4.176623132417228,Low
-0.6186301533389487,-0.5395310059128764,-1.5804527261998207,Low
1.0858795680307274,1.3960856964318005,0.8988392573905414,Medium
-1.4061582877904815,-0.7404132109192313,-0.9910518614832472,Medium
-1.9315669016892407,-1.1203956414187028,-0.3751492091083225,Low
-0.35193699121230265,-0.40734451742143607,1.4054837355911465,Medium
-1.9314414171975929,-0.26393826416034916,-0.0064628773283017275,Low
2.3127863150476147,12.142622477563567,-0.032128355955890385,Medium
-2.111255858838352,-2.665402766906313,-0.5909397546106991,Low
1.2229283248911602,-1.006460175110042,0.8245366617736336,Medium
1.419044981636149,-0.8868322658361266,-0.13235828125454624,Medium
0.8278521551126893,-1.6217208881175673,-1.712776844690486,High
-0.7950336816982783,-0.09923412510793214,-1.74929826191009,Low
-0.6515944778420301,-0.20901735767860474,0.0605061054169009,Low
10.996795746084066,-1.9955992599997503,0.9128380137474803,High
-0.3893275922649079,0.26640982512978717,-3.699222861609844,Medium
0.7438626788462133,1.2376252048627707,-1.7711501100861051,Low
0.4003777010618401,-1.4973717303590885,-0.1277003747369032,Low
-1.2755733834090814,-0.647628646963273,-0.8471406101076187,Low
0.4178972672938715,7.145427836202719,-0.2612454510142998,Low
-1.1170219366428047,-1.899088064070277,0.48452184179806473,Low
-1.5505264282101703,1.354147993281597,0.21028310031821834,Low
-1.367089036905187,-0.9050617721094623,0.9651937992738181,Medium
-2.0002174455759443,1.0811904668850105,1.062467691030019,Low
-1.9712112040273797,0.33431923532049224,1.2086076927354348,Low
-1.557731448561786,0.3158216462494514,1.6328298595580075,Low
-0.8843476390476996,1.9922486908991632,1.0438628689426275,Low
-1.5385806442559058,3.304862081073156,0.35844044443508466,Low
-0.5849862839400339,-0.1171886822074473,0.9280287623101996,Medium
-1.9266045398635996,-1.0800815232461023,0.896105771807568,Low
-1.4197223152604068,-0.38269632771966794,0.9848809767219264,Low
-2.054115956694733,0.5843341410227425,0.881217462672069,Low
-1.6792236806722287,0.003814108955452725,1.5632898694285942,Low
-0.5594091460942997,-1.3570747621248034,1.46136973472921,Low
-1.2030775548771455,-1.2595045265784943,0.33925281250847034,Medium
-1.550016024719524,0.5486268004852064,0.3897956166582008,Low
-0.9661448507913063,-1.255439391975357,1.4459973921411287,Low
0.1878223283553684,-0.8604361927709003,0.9527008131613665,Low
0.30043173897078745,0.40551623389755603,0.23030523527819952,Medium
-1.160961830120894,-0.18786161313324792,-0.3650270602747259,Low
-1.7995295905529447,-1.3774113361570122,0.32343936420519875,Low
-0.4382167976958311,-1.0418863756509165,1.3461409671109548,Low
-2.0324812515562187,-0.9359001397087591,0.5356205185851511,Low
6.9176313768884,-1.3669567607887547,1.1364642974561643,High
-2.1448600005184684,-0.18699110309630532,-1.9611888659515264,Low
-0.3722985186472742,-0.35083847691510567,-0.16981731652594248,Low
-1.5105515145323491,-1.1347578183160165,0.6474357544856276,Low
0.3400314973858497,-1.4771232317367262,1.0467269660080145,Low
-2.2528359693791646,-1.093678964382879,-0.20667237753476642,Low
-0.6074486418573275,3.793276265421462,0.6108654643635115,Low
-0.9954519969442399,-1.2834977679769581,1.6029799935581819,Low
0.5337544597468948,1.3904320334792326,0.6304587333664023,Medium
-1.7653818829253698,0.9304373868204012,-0.5846964579391842,Low
-0.6684928824500935,-0.5999264159523371,1.6221552622615167,Low
-1.5426165871991897,0.3852233180348348,0.9436194544072085,Low
-1.2618169450902867,-1.2115650194097558,0.8708809386912757,Low
0.36186884430707666,0.5868641637675445,0.9562580126966551,Medium
-2.1380672616920227,-0.9594117550592294,-0.3497858870966012,Low
11.453072100362807,1.413971418727684,1.0632442209335864,High
-0.28569889927718356,-1.876957024613507,-3.7800493413448653,High
0.1451756685210678,1.0820487087321988,-2.809262195024643,Low
-1.842626167040627,-1.643275301881013,-0.34081605832349043,Low
-1.245258199518252,2.4168776943600854,0.933029417404077,Low
8.881237201221353,-2.2784860609945605,1.2607569672276788,High
-0.7074500121563106,0.32015261776436493,-2.7291665432670555,Medium
-1.471069763340781,-0.848129923224189,-1.693836716532723,Low
-0.5568947340746254,-1.2221294959307214,0.5601888779345057,Low
-1.9635906035565214,-0.18077470252676814,0.6228011499216735,Low
0.006580911149273373,4.106665463419687,0.9508583749490419,Low
-0.20118787605371133,-2.5057300826150835,0.45285926827491285,Medium
-0.7024281676905961,4.108497025352943,-0.33909976666096747,Low
5.44164863592267,-0.4077777397462968,1.043741138155471,Medium
10.985496799216584,0.576524788464376,-1.085901456268679,High
-0.8302061971532763,-1.5068205117320852,-5.386774096203394,Low
-0.006779170441041253,-0.29759852285908317,-1.7651141829816266,Low
0.08270629012524322,1.6573487126830986,0.08050972823124328,Medium
-1.9585391792879714,-1.0959822456008184,-0.4918893181955879,Low
0.5572609281730941,-0.4253756523520897,0.3903144038691764,Medium
-1.897719604826311,-1.495905281796676,-0.06551084490858577,Low
-1.3796648253411505,-0.9135512829796477,0.1493784270992783,Medium
-1.0171380081106174,0.8035465492359798,0.5600653823574345,Low
-0.8275241960328404,0.32202953940446577,0.08482120439379953,Medium
-1.9791574932580451,-0.5185217053994549,0.9576642588024282,Low
-2.4002747792801413,-1.2837607778220128,1.8106269347901949,Low
-1.4217853268599572,-0.31854496882277317,1.7954552380621702,Low
-2.053793755045893,-0.6522223877080261,1.024083408624807,Low
-1.4245293310335463,-0.5831146309218348,1.608289527696689,Medium
-0.7164978443928807,2.08641673936182,1.630460330657466,Low
0.3262667669705043,0.35262090095517623,0.624344474613153,Medium
-0.4499278101253819,-1.8033164672036406,-0.5529932778736023,Medium
-1.5245985194854643,1.9977622431423625,-0.6760290578257876,Low
-0.9377869572477407,-1.0639033522611019,0.7012080140267113,Low
6.291286018652739,0.22484149766376935,0.9904480329485702,High
1.1168848810711567,-1.7705123592986074,-2.3136034926882485,High
0.6680566909734458,0.5388681933128552,-2.6139730520798907,Medium
-1.603939137068909,-1.08959195558117,-1.3611248035882904,Medium
-1.8495939620803954,-0.9602009780070259,0.3108624656767644,Low
-2.064378201226543,-1.5929204186622563,1.2491930491918273,Low
-2.474816129085695,-1.0479332956648595,1.9711802178455968,Low
-2.021863427274715,-1.1683010524042892,1.8957922951044053,Low
0.3985130299498665,-1.3869540657767807,2.073357434558002,Medium
-2.226040517586279,-1.3274279029847693,0.39361226331832294,Low
11.05174930230925,-0.2854314842134983,0.9353785940945123,High
-1.6129350586518503,-1.8149165234534592,-3.124633298695766,Low
1.1778388433653881,-0.03353950710214229,-1.316002410423275,Low
-1.913893247145795,-1.4901115261820037,-0.40651772942065934,Low
-0.8184419438694562,3.703797482685932,0.4592454779241896,Low
7.265362058595948,3.200700442610691,0.9770843235878862,High
-2.1808632380030057,-1.83990592929932,-2.7191572951600054,Low
0.8450897430893047,0.7127081561507895,-0.6950039236954533,Low
0.6030052245884105,-1.7408739466235315,0.470707719085671,Medium
-1.6700658040311187,2.4348934899002828,-1.3134956195383671,Low
-1.0164941791939608,-0.664118566467669,0.004132471921784811,Low
0.7723381846837466,-1.7093117674287053,0.8869646169695452,Medium
-1.3692764234339998,-0.9303825037041071,-0.509216838943976,Medium
-1.3495052613344523,-1.276934378756293,-0.038409958621124674,Low
-0.05574416265645003,-0.23360561258607995,0.5185486219212152,Low
0.7214808372832273,-0.2859085351539844,0.23466102274962114,Medium
-1.305667227353972,-0.8521491094183115,-0.6082865358801324,Medium
-0.6509893203830301,-0.6434893389025226,0.4113285524987498,Low
0.1534712671243508,-1.4947921563405262,0.12748608547498105,Medium
-1.0466812383002508,-0.9286418126533813,-0.7020206331198123,Medium
0.11229651851700695,-1.4663745030414188,-0.003011325985968855,Low
-1.2195291937023423,1.6132139031082213,-0.11854883338275443,Medium
-1.8075772079446526,-1.8107383736063651,0.5332070852115247,Low
-0.21947781023813917,0.35526482026426676,1.3043316916258114,Low
-1.7367439245924667,-0.6602096588391756,0.4571847426769113,Low
0.3449691922133996,-1.287090633878232,0.9961589094819358,Low
-1.0663032353498276,0.2787768118128936,0.44924929210083486,Low
-0.6125140167687181,-1.1486188835193631,0.5547490560713733,Low
-2.034189928509904,-0.46744705360946925,0.6869706610228148,Low
0.7179273441719906,-0.48086806329682324,1.1454307850280208,Low
8.093286131148279,-1.109536398974334,0.06183410426452201,High
-0.1784020978009593,-1.012357825215783,-3.2813640105256003,Medium
0.15100716997943922,-0.4298140569119456,-2.122401473853082,Low
-1.2113447250864502,0.4908852705843715,-0.3411255633956147,Medium
-1.3630479709748928,-1.8344135176484806,0.42328525360366637,Low
-1.5447878493604053,-0.2597670101692602,0.49572790322339594,Low
-0.32486549414382615,-1.6404278587732433,1.1609471165980025,Low
-0.38519759844970203,-1.1474259271927447,0.5669719927015572,Low
-1.2310193999569745,-0.1439388880039965,-0.15289196114900694,Low
-0.8724826448162732,1.771509589058758,0.6447833977162409,Low
8.215053478901096,2.414488530467468,1.3675353626457376,High
-2.4973886435164867,-1.9772456305385038,-3.344252984362679,Low
9.30572441637506,-0.8662062290521293,-0.2872111018171232,High
-0.8346884248785003,0.44062927314752603,-3.3651687235734826,Low
0.3917429911713517,-1.3725102259935678,-1.9229936400747056,Medium
-0.8239446562366494,0.48642837771127595,-0.5124324223972154,Low
-0.730800947246735,0.8116719112493042,0.5076325836210558,Low
0.19133282654216763,1.7240751454635383,0.4139820998953764,Medium
-0.7269401926159815,-2.105026969497194,-0.07657322924644479,Low
-1.6848733408324,-0.9144798745163083,-0.10815410958012989,Low
-1.1387104585592511,1.5002007613441792,0.8841968480755726,Low
-2.010171242961281,-0.1477370135508486,1.4675024922798694,Low
-1.885330677601819,1.9091760856021656,1.491164680106475,Low
-2.1804744566768286,-1.9835208536667446,1.495089372824667,Low
-1.366722539302635,-0.07216801071356732,1.5365922796582203,Low
0.18459657761033607,-0.41177174917529347,1.382850806341887,High
-0.8550385544778475,-1.7924346839326228,-0.15722294423665373,Low
-0.3664710693715299,-0.4311287103829957,-0.06587165495718299,Low
-0.9105729351146693,0.4737869010258589,0.019663062836893973,Low
-0.8837794609347108,-1.4695514112790216,-0.07900966535231241,Low
1.2743887287573705,-1.1326174765902268,0.5366217974210566,Medium
-1.2721399701952965,0.4087666927640511,-0.48121571693928844,Low
-1.370732152221589,-0.4679296520862934,-0.09928669934754067,Low
-1.0251527545917742,1.8607016151748994,0.9717587701764625,Low
-1.228255478889112,-1.102081478370882,1.0922764415215012,Low
-1.8653430005469924,-0.8162804017610314,0.6078066856589763,Low
-1.0673403626941673,4.605484770921936,0.8027066875797801,Low
2.0554075495634656,1.3166943846735557,1.1730987158407884,High
-0.7587709188199271,-2.0672328563880216,-1.3289863777471738,Medium
11.123577442942564,0.7026122912359853,-0.7350365270564643,High
-2.100071179135057,-1.6939939625700233,-4.203367523579575,Low
9.658654841033355,-2.0462454829086383,-1.4509053243385395,High
-1.123874600829094,-1.1153945887849877,-4.681435288731698,Low
0.13699442530729086,-0.9596729705005589,-2.3802384843588182,Low
0.06200728008784291,2.607899973127309,-0.4271348759945872,Low
0.9019220991696003,-0.33708328918535946,-0.07106542135760519,Medium
-2.0332625972900065,4.025643750115532,-1.1638123751289289,Low
-0.8395349350142025,-0.3335328861733539,1.386465278423917,Low
-1.782080577785683,-0.5767617596201859,1.348594015047606,Low
-0.8711945728405789,0.43149078021528103,1.4002050975461258,Low
-0.1751861150152937,13.81682699531241,0.471931341486729,Low
-1.9476062592548689,-1.9489900245903709,0.3471526077936282,Low
-0.8776260573662096,1.0381765709595894,1.170080473987922,Low
0.7368610950286205,2.3984470354220946,0.9487315083004149,High
-0.35163616078107535,-1.7143716717932642,0.1267765361181918,Low
-0.19576212177318977,1.443978187038618,0.22697663012154973,Medium
-2.179963145561167,1.3569206830410108,0.5343327970127696,Low
-0.630930595055908,3.018847842126404,1.4158989121100143,High
-1.8936298329471444,-1.7173210426197263,0.4806128784348332,Low
-1.3262349598925367,-0.3647300342492199,0.38633352610972427,Low
8.327390152833912,0.10002870625418142,1.1548225605302893,High
-2.3041464238472975,-1.2262832140148348,-2.8550147601907443,Low
1.8385317327009143,-0.856543809284833,-1.1673912553151966,High
-0.7381230055345467,-1.2719499287219382,-0.6130087521404058,Low
-1.3375707725150952,-1.0306672748762387,-0.7675845174758297,Low
0.28236275262892235,-0.8136060734308608,0.9957430336525533,Medium
-1.2444181932387635,0.14753223248387953,0.6264888106643168,Low
-1.8511739379303582,-0.8923714084867812,-0.26647441979853,Medium
0.34386191315285863,-0.30460764736269874,1.4541246244099602,Low
-1.3422780272483537,-1.073070508702105,0.4217324688327406,Low
-1.9274018873618104,-1.1677579923587382,0.2287226748552033,Low
0.196347049725251,-1.4482464869948022,1.2410017804901752,Medium
0.023751950349100222,-1.1971224595471128,-0.2648865700512671,Medium
-1.3068863197899914,0.1851004709667915,-0.7699897399876934,Low
-0.8454216433917775,1.4384394850834568,0.3387189354714288,Low
-2.4638237883229226,-1.4274936318742764,0.9128665463475586,Low
-2.2173413844489853,-1.164607119060209,1.5788288903958414,Low
-1.1590744518658664,0.5549925595074754,1.693902159062871,Low
-1.8756642694684218,-1.2737337986428916,1.219544094525608,Low
0.15369158000715719,6.045499783088068,1.1531577740931214,Low
-1.6766549157167643,0.37656422009895235,0.5353841231635396,Low
-2.6452060136314737,-1.121889680467125,0.47322937329927456,Low
-1.72263209374947,-1.0720317168129636,1.759597691403052,Low
-1.4381132881985064,-0.019483693569123824,1.699772864818227,Medium
-1.5188981905566057,-1.3675805046651361,1.0256626823050252,Low
-0.9415817325781055,-1.1529645009357938,0.8329455838303703,Low
-0.5005747548421166,-1.2357709562785448,0.45929211537687437,Low
-0.82620655307408,1.0543889404877125,0.214413866990765,Low
-1.8695490011432612,-0.4189917214508826,0.7341897168794472,Low
0.23284015182303167,-1.7577872576975722,2.066440914981206,Medium
-3.048103693716603,-0.8115741943969967,0.14564723815206387,Low
-0.44012465017805497,-0.6338023595738113,1.9856336728154274,Low
-2.0043039607004682,-0.49268131767813833,1.6077957820286803,Low
-1.3887465590430244,-1.1280423934752195,1.432593001596537,Low
7.3890578511297,-0.034953117032192546,1.4749068734035329,High
-1.4841327626002225,5.429285477267764,-2.156399806865773,Low
-0.5466063157733084,-2.564348664333563,-0.553865826905965,Low
0.8026027874948102,-0.9276511862988279,0.7038554636506815,High
-1.1139300703540806,-1.0228601128569075,-0.9581013775811703,Medium
-1.0060542980235538,-0.9707809921150896,-0.6233429999795878,Low
-1.4458935505612296,-0.49541802407974866,0.6371242411000544,Low
0.5223631404824435,2.3813358988969497,0.779638340424848,Low
-0.8218558766359564,1.5767885703938518,-0.278007284613683,High
-1.3970381379660513,-1.6246817658115689,0.19476399717144469,Low
-1.0894500164890788,-0.4359754760284613,0.7994646203690821,Low
-1.3628963412827764,0.38198593638852346,1.2370354877925562,Low
-1.3295481471193373,-0.6748255757883597,0.8718092044164335,Low
-2.2328453391862273,-0.5749026211838412,0.9661473008066641,Low
-1.7209953613537605,-1.1794223431492756,1.3861489355897672,Medium
-1.4584331555322119,0.025731920868746462,1.6747171501473983,Low
0.26148650916204697,0.14875644537541088,0.9169759563763079,Low
-2.414318902731729,0.6177359270465581,-0.6188794213349336,Low
-0.020794455134065713,0.5864019777658275,1.264790666140109,Low
-1.5056484894703734,-1.6980164212860733,1.061694387548787,Low
0.2275211425499096,-1.6345646806778198,1.0577844168629746,Medium
-0.6741243026227193,2.5176896837388414,0.172420862139745,Medium
0.9653971437698484,-1.2217319930643753,0.08266292187993993,High
0.730462195036098,2.925490243416175,-0.8846505428680582,Low
0.030180350836422322,-2.0725268395298886,-0.924337965096848,Medium
-1.4282164423595551,-0.45931306502260705,-0.6142613125053693,Low
-1.463337259890977,-0.3865475242403109,0.7971592389149714,Low
-1.4253279770902414,2.3734931671706265,1.0341263291456717,Low
-0.837583349779393,-1.401380650826237,1.0465282403546141,Low
-2.35157468499144,-1.1086806226144608,0.09076804234954018,Medium
-2.348199928863734,-0.7676169634435478,1.6537809873342886,Low
12.493980628706765,1.9064421347694136,2.6153224548874765,High
-0.15830854973793462,2.8356433405018735,-3.519349507259692,Low
-0.9201582109850631,5.290358147336388,-3.0150861569473606,Low
-0.23490814507206723,3.0237554654688856,0.23236548300330928,Medium
-1.4664633102015299,-2.6102966150375533,0.3455888507205307,Low
-0.6652602410678345,-1.413093263248999,0.3899611327902964,Low
0.39142241906315933,-1.361414914084787,0.6423029662528779,Medium
3.7989494038620575,-0.5586930935700609,-0.12159374154894938,Medium
-1.392706240981442,0.97375802832668,-1.9871202951642277,Medium
-0.7329112839843729,1.994808103798214,-0.407038165199546,Low
-1.8270327024226474,-1.8120923637217572,0.5319959106508602,Low
-1.5716403386783935,0.3830555976896258,1.009429076936889,Low
-1.7622156990811895,2.1358279188825278,1.1670380492756085,Low
-0.9933955116937183,-1.1712564398167382,1.5327439157485987,Low
-0.7275128545774636,-1.6281635604316766,1.1595123113282029,Low
-1.4451984972352545,-0.16153695638680263,0.8534574010929109,Low
-1.312314976069747,-0.5755804462162398,0.813009881254844,Low
-1.1415299448668583,-0.13771134267024385,0.5845796292788366,Low
11.344280995549047,-1.5075884123083914,1.1724139495620383,High
-0.5695995863931279,-1.92706745887024,-3.5391678203784775,Medium
-0.5806756870709433,7.1258767395615,-2.2316173537169774,Low
-0.21488710805293032,-1.7627163985242043,0.4062145792903383,Medium
-0.42390931023331396,0.2072121868876896,-0.05124792851036101,Low
10.214585272792306,3.498753927870341,-0.7116978198890801,High
1.12944670007984,-2.2185482249279223,-3.5490402583490015,Medium
-0.5983775847045947,-1.0928380586710265,-3.4748854597543235,Low
0.015837899286880265,1.3609465890088053,-1.0594576600842405,Low
-0.19991068800300307,-1.0129141716637626,-0.38397578554100226,Low
10.26573280240285,1.3376364020891867,-0.7511106697258239,High
-1.2623752861028956,-1.387592529836634,-4.289031814370597,Medium
-0.09944425615278937,-1.5760921761932987,-2.0318164889650863,Medium
1.241913398448387,-0.1528731194627907,-0.14573813693845633,Medium
0.3335614948516916,-1.3323153882621903,-1.2647085923589723,Low
10.956280979625813,0.6936775868218109,-1.488100276427624,High
-0.23017613157863107,-0.8002734542570297,-4.639261067624774,Medium
-0.5617448767882175,2.5810257374007044,-2.522208546855102,Low
1.2351132446096451,-0.22998652114554122,0.19492083410079758,Medium
-0.6416698717910856,-1.6704825011750044,-0.629405125110826,Medium
-0.7634397042881244,1.7913201026468124,-0.9086052969415596,Low
-1.9091163591825633,-0.20188244821862747,-0.24254614820567183,Low
-0.4053940709509977,0.14577282497520191,0.860352863143705,Low
-2.055806678572835,1.5262383802968889,0.5178292456927835,Low
-0.8132515098224592,-0.19007318773667944,1.5573168032226976,Low
-2.5886561002627664,-0.897996555315676,0.7871364156236822,Low
-1.4797900825878736,0.04425397536214514,1.3649806899069832,Low
-1.115485770822924,-1.1064574804632257,1.6285168878127025,Low
8.259388166384028,-1.6402016010972003,1.2124736185736134,High
-2.307309377965905,0.038360021499609126,-3.508237029641398,Low
-1.6730588206367358,-1.2049223599985326,-0.9531370150226567,Low
-1.3541418109697176,-1.2821027445406559,1.7022036859737872,Medium
-1.824364749394648,-1.4750846088027245,0.4897727750208826,Low
-0.6172611714557217,-0.20314281929351327,0.7165946946755656,Low
-1.676383692701103,-0.9560439639327384,0.9727915553691611,Low
-1.6771037405901565,0.9097392086619726,1.3696995082565155,Low
7.991464014316519,-1.3318656638972999,1.9218153345046376,High
2.4990756012868394,-0.997153387276756,-2.8712676254744105,Medium
-0.5804000321533147,-0.5287855841657848,-2.76474156396694,Low
0.0018874986832121206,-0.20323601005804515,0.06742747796972268,Medium
11.178122053955448,-1.4049140894792804,0.4221816434639409,High
-1.5057615077750106,3.233854003176654,-4.621322768792924,Low
-0.6435395564561474,2.2306915241500165,-1.42046593624963,Low
-0.8611552871911806,0.9704398997590488,0.6846747331258423,Low
-1.6663676426712182,2.8827275812564763,0.04607360435589463,Low
-0.39740653315862406,-1.0722941947003302,0.4232804106881685,Low
-1.3852341059720712,-0.42068385973118827,0.31585812035751604,Low
-1.3492880918837185,0.8378917873101895,0.6819759325064377,Low
-1.2136894185811211,0.4631819234096359,1.0182323555732349,Low
9.017233179289724,2.6399942298799393,0.6352470102145099,High
-0.047748798581434965,0.08495889281577841,-3.6866529953226643,Low
0.5418599536660957,9.888992317288542,-2.959279472245667,Low
-1.1572887063751696,-2.5109954421647718,-0.050969822553976085,Low
-1.0774112562180325,2.2967057877297803,0.19598192782810617,Low
-0.49236234397189393,0.22306578840910393,0.17049162895765574,Medium
11.734114583576662,-0.4725278562998083,0.12311852021765701,High
2.181447537083696,-1.3689072337080883,-3.787583846559252,Medium
1.8206631176628023,0.9666534350357394,-3.8899048304907073,Medium
-1.0453098175818774,1.7858017416426475,-2.571749811877474,Low
-1.0414163220540633,-1.7994395163970631,-0.49074683727260104,Low
-1.6373075819957497,0.3664109723932462,0.1579275219361362,Low
-0.9055467312720331,-0.7653962012004621,1.352477106204186,Low
-1.0761057891658905,6.638643542493164,0.6250317269670791,Low
-1.5619702081924078,-1.4715475871821975,0.8880129333463663,Low
-0.4851917658989335,-0.2956094151310021,1.1109805286374206,Low
-1.4535354981808404,-0.4549534341485191,0.7919996096148275,Low
-1.637748930155611,0.4977905888489432,1.3290855172870657,Low
-1.3324418661669577,-1.3988053153729354,1.4233166140824496,Low
-0.3905240642744272,-0.25743448942287783,0.6121185658002526,Low
-1.4870249972084284,3.362404514528105,0.3010292787179206,Low
-0.0006316823049921504,2.0546834975868213,0.9890585758659096,Low
-1.479922802062892,-1.8533384711029401,0.5466865851848254,Low
-1.788015266707385,6.494203689460379,0.4097663727595982,Low
-1.5802496993838004,-0.9745225447352731,1.394129101931784,Low
0.9106953594106185,-1.830857040248012,1.809098337490232,High
10.012562413299724,-2.266359492508946,0.7219913390477147,High
-2.200504243227089,-1.1994166092904195,-3.7288145108369544,Low
-0.02271287187927048,0.9351483699208645,-0.934875815971516,Medium
9.710052210594236,-2.60236825254105,0.8112339090750328,High
-1.2477621640472154,-0.9792996972403089,-3.215510191718357,Medium
0.9311273869017936,0.27641727193811766,-1.8898459778009837,Medium
-0.7460602282684925,0.2825845513895394,-0.43812839491202893,Low
10.703918853928606,0.38075408034142627,-0.2651014533612674,High
-1.1945889347043255,0.8387995418719442,-4.421989935377531,Low
-0.4043836893172997,-1.9329065598938646,-1.2826020519219339,Low
-0.6688496875176294,2.933517129984217,0.6038209603540621,Low
0.8440375845317264,-2.151549223805865,0.28811288828906323,Medium
0.3367297518800719,-0.04284766688899884,-0.8439946270883133,Low
0.23746665227425737,-0.04612843220895343,-0.6074655422754546,Medium
3.825113742954417,-1.29772106568251,-0.27700923466767413,Medium
-1.5123924078677466,3.973549482371081,-1.7645216036807716,Medium
-1.6064958334506565,-1.4533952611458736,0.407936936010398,Low
9.163116185991651,-2.4758166142345956,1.8325941417442013,High
0.5034274354938189,2.378747798856652,-2.767250449327812,Low
5.357834693815977,-0.81246611750187,-2.051110198508473,Medium
-2.0171635621292565,-0.13671476329781324,-2.3618633065943224,Low
-0.6475231513149621,-0.27558256914850804,-0.10235907682893575,Low
0.06081126183914249,0.69643710275156,0.6104134699299615,High
1.531235405683109,-2.1539527483745182,0.4900070809166717,Medium
1.4032253472446141,-1.205534039803026,-1.326696694790933,High
-1.4225145133793724,-0.6238457425411377,-2.0007479496938636,Low
-0.8267117698285641,-1.452701309462875,-0.05339603063831564,Low
7.681731978053187,0.6227637815065635,0.2341307268454665,High
-2.269053595862522,-0.9965110269629062,-2.6566892020666377,Low
-0.5137453638357118,-1.2253288448765376,-0.1657618751780336,Medium
8.733370753274658,-1.9052930855673051,1.481237430782924,High
-1.7496682871767215,0.8450458717361758,-2.9239753119433725,Low
-0.03403309365187393,0.4288119204129562,-1.2499623922577665,Low
11.72396990154241,-1.7199493709636053,0.9548874636533102,High
10.595432159386077,-0.526969844807593,-4.284622826015839,High
0.49757445568529884,-1.5021320302001504,-7.329006395102259,Low
0.14893259085495877,-0.0472077811219862,-2.8150805010944806,Medium
-0.13186288067960483,-1.856241139472223,-0.1350374263483726,Medium
1.7484035666026978,-0.4542425560377871,-0.2309779329030858,High
4.689930660818502,0.7076472209659816,-1.187883073011726,Medium
9.046661013179008,2.7598038558197477,-3.26269174463317,High
0.003217438201262392,-1.4548417027991878,-4.394072734498731,Medium
1.5784933190601536,-0.07157277292694059,-2.673391251808767,High
1.8820222615593203,-0.41123157137308647,-1.4636155026378854,High
0.8649616287551088,2.8977714421226675,-1.9608740740088129,Low
-0.19020140722938247,-1.7457701384281943,-1.4076714872956846,Low
-1.5555521884980965,-0.8787809963557366,0.3197523801347692,Low
-0.3291461820969315,2.152229565375673,1.1366379212281046,Medium
-1.2337228555672328,-2.015471298684749,0.7959504977129351,Low
-0.7091853372383576,-1.2022198769938854,0.4879862462471641,Low
-1.3955400432371223,-1.1060207963510331,0.6049888583373532,Low
-1.3170636823187285,2.3855412830207525,0.45210626952315597,Low
-2.183888536381922,-1.9092141797011128,0.6723923918067061,Medium
-1.3229150299147623,2.5062138074494715,2.000238624854275,Low
-0.15747652934750148,-0.7652974593689646,1.3593986517812688,Medium
-1.639740082973489,-1.4652631243822636,-0.4055807742587588,Low
-1.1814978491753414,-0.2714227546794264,0.29881505665344993,Low
-0.7550400649188316,-0.7322091591909669,1.2161624877434745,Low
-1.5217822910733436,0.6501598574138193,0.9380365037321076,Low
-1.483893583995184,0.500059092950399,0.805051735644153,Low
-0.36002037387403835,-0.3755340842839381,0.9866943868319494,Medium
-0.6696647121356673,-1.6096041303127215,0.20872858241694964,Low
-0.09906474329095906,0.31537198765592456,0.08076576946493016,Low
-0.49706433749004847,1.242336060782103,-0.07124521195453487,Medium
2.89132896703433,0.5062342139463923,0.02275110223216878,High
-1.4593863274897005,0.8288693015923689,-1.7932191482420943,Low
-0.5772870379911255,-1.1709453749947505,0.18517102767554128,Low
-1.201445559453144,2.672590485833754,0.6819136290914519,Low
-1.7423913365013257,-1.5772905679474405,0.7666828633791634,Low
-1.7073016706287094,-1.3449473198958808,1.3422508304396683,Low
-1.3128094256879708,0.8074329263663641,1.344220136492916,Low
-0.7158853070444499,3.4365953366308695,1.1913048100194488,Low
0.6292277560804631,-0.3562041788736075,0.8346741916299892,Medium
-1.5735110398857637,-1.3717735128909914,-0.45435574394329586,Medium
-1.300721457033959,-0.9349887826971421,0.04359644552489117,Medium
0.5371648188418423,0.06589363521654674,1.2285588800387417,Medium
-1.6593383695493902,2.11756215299462,-0.24804265556687663,Low
-2.2738060821126047,-1.7921641075105006,0.6325390919584317,Low
1.6464891020774424,2.003908362272749,1.6214578897861374,Medium
9.060658495910918,-1.9572927822324362,-0.4316749061361578,High
-1.3150733373107222,1.286909058224173,-3.941008524344835,Low
-0.1350467937002966,3.0563990061462487,-1.1222425530538864,Medium
0.2503008370081541,-1.0809193824809549,0.48251527866476335,Medium
-0.19308466810791491,-1.1191147045560699,-1.062010265476658,Low
-1.8792190784053144,1.143637207192777,-1.0132232294454406,Low
0.22550483814918412,-0.41681298205892836,1.042951137368634,Low
-0.6755030079792261,1.0500928525959845,0.10792368228451657,Low
0.46160412624185193,-0.08432940337793192,0.11523920723517055,Medium
9.991289080864144,-1.8558384399466774,-0.43361513802737495,High
0.616758435380503,2.5904971091705127,-3.8527756578621966,Low
0.8900163891602614,-1.9697431871896949,-2.4400524740868623,Medium
-0.8409757849642688,2.9601768420018937,-1.1845401013662082,Low
-0.5056033944470973,-1.791594059836015,-0.114756117235391,Low
-0.6074488679203207,1.5068581441994888,-0.21978246040572377,Low
0.7747933484462877,-1.3181663557959193,0.5037017570771253,Medium
-1.3856250981996419,-0.7559633777250184,-0.7072650561780368,Low
-0.8105479680182127,-0.7839085925222791,0.0987832012589506,Low
-0.18569950008628167,0.8175191547963778,1.059702906606891,Low
-1.3429454985180007,-0.19752448496836994,0.540134474266497,Low
4.011288133788501,1.8208363422422345,0.5316495199799856,High
-1.699712475193736,-1.4741954294318111,-1.3493390235424962,Low
-0.7851189291934835,0.6315515391514753,0.0829218358546272,Low
0.32994299819403183,-0.0054083623953851655,0.9928906866410981,Medium
-1.1544444994246326,-1.5212123564958115,-0.11731004758872064,Low
1.4505651385212157,-1.0093053221403994,0.09474840868972612,Medium
-0.10506552707998922,0.06215687871958366,-0.7688867825842716,Low
1.6138071136261751,-0.7224875589347421,0.5337458772101709,Low
-0.4797190889198302,-1.0752968565029124,-0.23523013058961967,Medium
-1.1116228965312511,0.46643197278280984,-0.35151107521977654,Low
0.020049864321425977,-1.5099414126661743,1.1367042420474558,Low
-2.1761920023220647,0.5950363857244578,0.43567488087952977,Low
-0.8777903583044333,3.0944135076165646,0.44240122693837763,Low
-1.4347136140272367,-0.9613207133742312,0.8956508781118476,Low
-1.0928942314754644,-0.37356646773534524,1.260925789328698,Low
-0.027045464353098514,-1.6345270473858333,1.1628724598397597,Medium
-1.6865291488666179,2.4466801481053033,-0.3146544201045779,Low
-1.6645514346922956,-1.5031838404840878,0.74829122108957,Low
-1.3884089179551868,0.5641244772300894,1.8431216346729717,Low
-1.7642682637579226,4.5664428871378995,1.0476844048004386,Low
-1.8660100658835133,-0.7564972549293623,1.2301208382380482,Low
-1.1918747268663277,0.91035675069602,1.344042041832183,Low
-1.3967630458388822,-0.7529450157990343,0.7022510716323941,Medium
-1.8068161709295323,-1.303429097365506,0.7430476050048206,Low
-1.8189003196313698,1.2151858706406269,0.992672415490567,Low
-1.2544709065021566,-1.8132058018915063,1.597464512068799,Low
-1.7404694320819052,0.6933058337415362,1.191593782992475,Low
0.7058105377203717,-2.0508876633152635,1.3492360961611671,Medium
-1.538085338309253,1.95698805297718,-0.09408522267419941,Low
-1.407460969658007,-1.9575509777354518,0.4504512596164831,Medium
-0.7384323288109943,-0.3884077520760301,0.6846315759094285,Medium
-1.515196935717588,-0.15172493101472423,0.23966056369839955,Low
-1.5145304116116358,-0.6824451857534376,0.5303287236046003,Medium
11.083895194440759,-1.4123608820603055,1.038545922071056,High
-0.356837944693379,-0.7815149176757822,-3.949054879415089,Medium
-0.18530121933825203,-1.0182469266286405,-2.933214395588489,Low
-0.8404335933690207,-0.38914119980358747,-0.41404259378144975,Low
0.7276536625163021,-1.2288188383381708,-0.3079870388980323,Medium
-2.0171789676647194,-0.36023075784777114,-1.0492193165278132,Low
-1.8157207240653133,-1.2839256259988097,1.156682627587453,Low
-0.995980317346945,5.835022845581607,1.6510573026306572,Low
-1.7569624747585775,-1.5428713489095895,1.7985742017546942,Low
-2.4106575726009676,-1.2219591808585466,1.1412386636971226,Low
-2.078349064358865,-0.5346326158495129,1.7581447098478085,Low
-0.22296589602355613,1.5841263052642194,2.0003229405544336,High
-1.5436129689325822,-1.9604761888885271,0.30609128135347013,Low
11.229091953410709,0.4902476682043812,0.016197066206282133,High
-2.070928597899992,-0.613099396913036,-4.062530337624606,Low
-1.0386456446743206,-1.3633503954549826,-1.550431680082816,Low
-1.097313989456558,1.0422830142059973,0.44817530138446143,Medium
-1.6036286345220687,-1.094088692078079,0.48400269612749786,Low
-1.8250141878885127,-1.0694010475209161,0.3644598293351753,Low
-0.7547223499532207,1.8421297189816566,1.4502760387399414,Low
-0.6134204650877898,-0.8649061284376852,0.7200735411277878,High
0.06767107066211386,1.8859226204768758,-0.17853922646854828,Medium
-1.4870932394673926,-0.2997786682463299,-0.34991185097059885,Low
-1.4762931228906127,0.7584620223572651,0.2688818883994485,Low
-0.09562933607489725,2.758340531516727,0.903616610964575,Low
-1.4258934900534554,-1.831746421577694,0.33042551473332016,Low
-1.7868471649814757,0.8799565821683877,0.3515543863068779,Low
1.3121941361791862,-0.5124445508325756,1.081603715273498,Medium
9.705844564784874,-2.1905503193337026,-0.5965129885985923,High
-0.9072097859594519,-0.44988839006368947,-4.547209778336145,Low
-0.5533108407939722,-1.6888598461990707,-2.136597428340196,Medium
-1.2236452731267808,1.2174396676752286,-0.04313240493781352,Low
-1.0756457521823086,-0.6829110773809435,-0.032503395389852335,Low
-0.7622995543516496,3.5974380698378154,-0.1691480551662296,Low
-2.092356128593313,-2.00215639587881,0.7850550892085493,Low
0.8336420801079628,0.6472349560651546,1.533238656707289,Low
-2.531241321597275,-1.2146175619852622,0.1574547251196642,Low
4.273158794139629,0.45756378369526324,1.1408181095352965,Medium
8.551952778633122,0.6627680487567151,-0.23393156047096783,High
-0.05776934863977797,0.3281778617758074,-4.440697286032664,Low
-0.5536845834194274,1.2566853572962808,-2.24262406760098,Low
-0.25943564910549527,1.5577602235303323,0.955056178011971,Low
-1.7720126295937897,-2.0598648071791636,0.7075936412551944,Medium
-0.15813672015953661,-0.8596330886653348,0.967059498190587,Medium
-1.8208197143389013,0.8375730334420606,0.30242144426083567,Low
-1.296557012431831,-0.5693588645423555,0.6056329791284332,Low
-2.6718270013470238,-1.2580921700266212,0.8593507643393065,Low
-0.5362467675483015,-0.13191597454233647,2.028312265877482,Low
-0.4599119038498189,-0.25481056889321724,1.159497527270448,Low
-1.3990204846701655,-0.4252878478025592,0.37178484160851966,Low
-0.23605395192775963,1.2266735820932397,0.4178041129143914,Low
-1.2096598733325505,-0.7076301578571905,0.6394169150697808,Low
-0.021267820127333047,-1.7333284658637027,0.9244538915213726,Low
-0.30077142055058603,-1.6652859293990603,0.20272064961221503,High
-1.7218932587322135,1.5340978327203894,-0.1681956120815695,Low
2.0212830732014164,4.667605044179525,1.0926194248029601,Medium
-1.6836268124152918,-0.41157315561554936,-0.7401348049015707,Low
4.044277855094693,-0.8008219923826625,0.7502638885357651,Medium
-0.8992951000128405,3.015075160399089,-1.2381652987151421,Low
1.9634847706481906,0.15065043432800304,-0.138062762397964,Low
0.20065854777555994,2.287463245170059,-0.5668233680690119,Low
2.0457945995461055,1.2942546274231759,-0.4253581622204192,Medium
1.0605113768700323,-1.3869534662838074,-1.13234788034303,Medium
-1.2336924905692166,-0.31020845260615265,-1.517807937766981,Low
-0.7829100678693965,-1.5710308119107526,0.36643480297800113,Low
0.04804930147240361,-0.6982697482153336,1.193965088367965,High
-0.9721701487145178,0.4755818728765491,-0.7602027263588634,Low
-1.086120276540775,2.2466891453446918,0.060343171768546346,Low
-1.2528658319216501,-0.24686264823271556,0.9267314388720422,Medium
-0.44545420550709713,-0.905966620279228,1.5316604925914261,Low
13.265489225458236,-2.2544609719158566,1.3296766236861175,High
-2.27064554180469,-1.4895250249030605,-4.5438539727901155,Low
-0.8270694412098211,-0.7450933524636976,-1.735503251433367,Medium
-0.6716602365006129,-0.6913115708712778,0.9635653099800787,Medium
-0.3371354081367304,0.16463704584310912,0.2232379489277108,Low
-0.5364471789881101,-1.981605799288559,-0.679363967952416,Low
-1.061723318076207,6.86409210344651,-0.18008349189207218,Low
2.000087540792192,-2.118993078100308,1.4641509846466378,High
-1.7663031950100692,1.5141163628777539,-1.0740078063077323,Low
-1.4481680942141884,-0.7994379219182582,0.27766891341842664,Low
7.602565946884105,-1.6915501914055315,0.890572135999276,High
-1.6689056599659875,1.773174290882111,-3.087597815105724,Low
-0.13308160357519241,0.23136568934959728,-1.280931756873161,Low
-1.7548345445800906,-0.5687714322714629,0.2655794247239687,Low
-0.4990390945890494,-0.3204195721679551,0.6275338091506983,Low
-2.1428104579707576,-1.5719884058354283,-0.2972510910486914,Low
-0.7099954314919676,0.6540484454942164,1.1147301453665177,Low
-1.2324903545404347,2.756236013053066,0.6702696335285371,Low
-1.7399820139762405,-1.939080751400369,0.7194934889179422,Low
-2.301102067317561,-0.8891083481552255,1.4849494117016686,Low
-2.1161666761082008,2.209092738817715,1.555711734055837,Low
-2.0134848200685154,-1.2813226327269456,2.1350929476237663,Low
-1.5744217634386195,0.8276699265323082,2.0621570455162503,Low
-2.2094921124420606,-0.40536444881754014,1.0792978635171664,Low
9.68229542768865,-0.8313620785561948,1.9395465570205528,High
-1.9568499615928259,-1.2576207258913696,-2.533313392254925,Low
0.038770609758539056,-1.2032953183825152,-0.9870083454509275,Medium
-0.10154374927938108,-1.6284570934070268,0.5145392668506913,Low
-1.353140887799858,0.5631818376003676,-0.608831859466939,Low
-2.0931670380933407,0.29572051229131396,-0.3700769104545802,Low
-1.9959478986292065,-0.007067160137986566,1.2717528782172027,Low
-1.5651729905001044,0.26114527684810795,1.9948870386011517,Medium
-1.5294124093387282,-1.2385300589825383,1.7709679017903306,Low
-1.6067808662780538,-1.6530575269248116,1.2344455176462714,Medium
-0.8078868591544285,0.5190440693684093,1.1721421792808622,Low
-2.5935290425338446,-0.7251296212382873,1.2585551381512499,Low
-1.7187057104220522,-0.8478860353421851,1.768572424886613,Low
0.4288811421380739,-1.8132922912077176,1.2221621004036944,Medium
-1.6618556518285188,-1.3553280407210428,0.3370191733873107,Low
0.1327835896219077,-1.0314909068125053,0.8786697513466484,High
-0.4222211028980671,1.845459413692999,0.11980502085146756,Low
-1.7326310741191095,2.2853689105964743,-0.3547622442685119,Low
-1.1587678450737617,2.111739723013343,0.9472006202579802,Low
-1.4178027687799302,2.500900968863595,1.4002567763590705,Low
-0.7711316370208006,0.709108160664367,0.9721005244580528,Medium
-0.7073897486727461,-0.6646476113275139,0.6659868610166014,Low
-1.3704736717220611,-1.2486438601671952,0.29788462071848165,Low
-0.803905103218515,-0.2682780909233666,0.6132927109191993,Low
7.190713422988602,-1.0848983506385428,0.3903579858109966,High
-0.7083875690209984,-1.5287462148169486,-3.233292490817424,Medium
13.25337993632914,-1.8435921438937832,-1.03162667270232,High
-2.200901306382931,-0.42301896079355517,-4.929339876642703,Low
1.183925938317861,-1.2197808072744682,-2.0136632229941007,Medium
-0.9693187096133176,-1.3511776200226715,-0.8198628265212393,Low
-1.4770543030699321,-0.4750602192751667,0.031555709811853336,Low
-1.098134995335189,1.7284769899240895,0.7604597011689312,Low
-0.3492063088300536,-0.5531997074223193,1.4549080435337562,Medium
-2.2404062757560874,1.284766056371706,-0.1003505078858136,Low
-1.2336500743559085,-1.4759157371541909,1.3602343961123757,Low
-1.8351746585360635,-1.1876254069890997,1.2768276620486558,Low
-1.8474198389432674,-0.192967385541375,0.9694370813966882,Low
-0.569323106728177,-0.7567327829774648,1.278208951127586,Low
-0.3857660745448343,0.6104221352900912,0.7068784462538237,Low
0.6923274151613122,0.5700096246709379,0.20873538483827064,High
0.9983534203048076,0.4337305185620081,-0.4872139702478186,Medium
-1.610427436676256,0.38505208432415466,-1.1832018158775364,Low
-0.8742075053999611,-0.6628053766372566,0.49013810641869265,Low
-2.0456834279054665,-0.9524134915895287,0.9493218690124604,Low
3.210274727967833,0.12949129813123647,1.1505698887158862,High
-1.7703873416122966,-1.4701626828397665,-1.6285911252563119,Low
-0.9564195647526663,-0.715880506438336,-0.10012118554048288,Low
-1.7124713951668187,-1.0354699605555824,1.0400812570676736,Low
-1.0162274953250088,-0.28967733840834536,1.0715991444227047,Low
-0.269502542401664,-1.5925346489193664,0.37532428254842654,Medium
-0.5622040146980355,-1.366761518831525,0.28151490336085894,Medium
-1.4208820342969388,0.36187647609201373,-0.3588821168611155,Low
6.929695172587863,-0.6076691281863853,0.5707003980990092,High
-0.15425886239166375,0.22683052431856096,-2.2393512962227695,Low
-0.9297310506540993,0.11809316756976365,-1.738871743945634,Low
-1.3695844344872379,-1.5551299918694932,0.2856848344486195,Low
-1.3802525676008164,-0.7750544176039419,0.6286648535220523,Low
8.768415774411109,-1.8382205281701922,1.0046848523609184,High
-0.3859680157458909,2.057509304154898,-3.2716493738500474,Low
1.7392230614450082,0.393767982082211,-1.6607981082451393,High
-0.7781996206745115,-1.6058918331894347,-1.3852276660663958,Low
-1.5575925963533497,-0.9032588826675599,-0.20034777361212552,Low
0.32575614805690156,5.0703285030720755,0.9200408627588366,Low
8.388667886872238,-1.4610822389284497,0.33584383655652267,High
-0.5166455980393372,1.6375331942912958,-3.0012062901103147,Low
1.781209694255959,-1.9056049416634675,-1.3597656489259147,Medium
-0.44383047272896425,-1.2638505839647238,-1.0898971400240323,Medium
-1.8565705141370978,0.4690956941217072,-1.2060782287279321,Low
-1.7080458545509902,0.1019668536025555,0.8459408294401679,Low
-1.2215727717314933,0.6182197377163817,2.1613373888778162,Low
-1.3898602997519842,-0.48297218789444957,1.051337504710704,Low
-0.3970439730260317,-0.10621594221499196,0.6833204021947623,Medium
1.104416278031614,0.28837882877105686,-0.001280864371322359,Medium
-0.5782663180718881,-1.3348545623989638,-0.9220728726464348,Low
-1.7583985983687562,-0.9719353169304628,-0.2378867122137573,Low
-0.7840377369390072,2.082562191888137,1.0164812346782737,Low
0.7727981991013635,-2.069826964380269,0.8581134154063185,Medium
-1.6358539536935723,-0.16992430822109622,-0.42264207016959054,Low
-1.4108310308044796,-0.18621633864611703,0.4035141867599241,Low
14.967640251387085,18.34985988074858,0.911075561886458,High
-1.8643228551896325,-3.2241885500116894,-3.983974189225755,Low
-0.5870904409517009,0.2659446107849711,-2.158451238261324,Low
2.121888607347719,1.994298014974727,0.6003821771472849,High
-2.307755897588635,0.5396380399178399,-1.5301973304384446,Low
1.8644575912369017,0.9170605051278163,0.29504498664740664,Medium
-1.7423147867908948,-0.44202351858323785,0.1074614010056777,Low
0.6536838361330011,-1.1858894752189328,0.7819531044131621,High
-1.7170771888990495,0.558317396694841,-0.2637431002977304,Low
0.09446103681141665,1.1608643373516827,0.26323766763149886,Medium
-0.5804358782620721,1.2055307775852526,0.39488153728028913,Low
-0.6310659564889327,-2.058084555951518,0.4836532837177329,Low
-0.07092458251269684,-0.7341505314183651,0.6413279604592531,Low
-1.4938801652624152,-0.718114169851251,0.20568037686981952,Medium
-0.40023886456938446,6.071978588397087,0.5342190102811518,Low
-1.8437021876339126,-0.6026287844974959,0.47462184800385804,Low
-0.9931003697577535,-0.7259438730408984,1.1571278908123535,Low
-2.6082891867241766,-1.4319187879489517,1.0457871206412288,Low
-2.1565911722275968,-0.35345302121693806,1.2128257643757014,Low
-0.9384933105536998,-1.4538232794138712,2.0432707008264224,Low
-2.3168766219495276,0.8270230411238113,0.8756716126301124,Low
9.090172262668974,0.3143975602870448,1.4066812410255982,High
-2.1119877178982582,-1.1732158974716946,-2.5623306999407975,Low
1.0154794382624939,-0.2615023870667108,-0.9669702938574795,Low
-0.9410001144592911,2.840617624058112,-0.5622761510497039,Low
-1.2834714492766874,-1.4576453444870108,-0.31550372211300987,Low
-0.7123764891994809,-0.8107785172185357,1.3119639957633835,Low
-1.9249088432237158,2.904608025643641,0.7958094320313949,Low
-1.23085875441253,0.95165438361476,0.7991456037892737,Medium
0.0007242873082255536,1.0564653686709906,0.9664251554427303,Medium
1.2864964720820011,-1.8469261201249059,-0.06794129513053762,High
-0.9337873162859323,-1.1129595578836293,-1.2879751590706716,Low
-1.2930939313435201,-1.330348605584558,-0.6160424316213697,Low
-0.917982546300777,-0.9010709613825126,1.3027754480868634,Low
-1.8127530705810049,0.47730209886084307,0.8797621430858946,Low
-1.45477120796843,-1.4857338769059574,1.2371591846159322,Medium
0.26614117960145056,0.5451681641089688,1.147555420279485,Medium
-1.1390128119571634,-1.2975550987799966,0.003397170746869993,Low
-0.5051944893380556,-1.0057586510888563,0.5222620611902138,Medium
2.4006902495800007,7.673605091799249,0.2792526345417433,Medium
-1.109615699278278,-1.8142890327685224,-1.2154986132899832,Low
0.9493853730899718,-0.7937106987227676,0.009766342430843292,Medium
-0.7314373008480021,-0.9831553521816242,-0.3624410757503988,Low
-1.0060661044673087,-1.3933084286444488,-0.21080034964016428,Low
-1.4112719603435901,-0.48991808420199523,0.4712530015181846,Low
-1.7793976934151563,-0.6685382056836007,1.3755033375950096,Low
0.929240342211851,0.3243268350471982,1.4553270283703545,Medium
14.215257247167187,0.727358825981172,-0.28158238856916207,High
-1.7486188621379455,-0.5946012078869837,-5.847767451900897,Low
1.6626593828794352,-1.9894494466814394,-2.0382850448749825,Medium
-1.21021016125195,-0.40256634299958,-0.9094183789857626,Medium
-1.057307079505807,-1.7800007664663937,-0.3449882248783315,Medium
-0.900373685418102,0.03130500782405702,-0.16082824629316897,Medium
13.179777261028885,0.008325216921892985,0.5989070027637073,High
-1.9855161460033892,-1.3900781047111204,-5.0509901480199835,Low
-0.6340240090552106,0.36913002963046154,-2.137541299731953,Medium
0.8062702652272841,2.495258005190842,0.815825748332013,Medium
-1.631955480309161,0.02232417919698399,-0.9745729943288993,Low
-0.8167183528592687,-1.0989999014978138,-0.06601342095529968,Low
-1.9527884004091105,-0.07647862051201551,0.5200723511422606,Low
-1.6424660270082154,2.6882488820937143,1.054771285603988,Low
8.849857518193911,-1.7691361076347605,2.084120022289837,High
-1.7140171108296596,0.7548180020145374,-3.150429718264464,Medium
-0.25330054584819756,-2.1718968418555225,-1.145146683699854,Medium
-1.4505638649950587,-1.4678592731332711,0.37128229915336464,Low
1.0107801999268058,1.225987076373048,0.8582830688816867,Low
0.14460050328126658,-0.19242471183435014,-0.2719543885448282,High
-2.384387606918056,0.11484350466598664,-0.817923422368623,Low
6.69825242487303,3.062336272853392,1.4518966411658498,High
0.3369333771599544,-2.26624714003631,-1.3474781375791844,High
-0.6629192110091787,-0.8692104646964972,-2.3342120156549377,Low
0.23005847196980703,2.0928917921822845,-0.4968949609626899,Low
-2.1373079432785613,-1.7289533747504837,-0.21105789652413265,Low
0.13361891017125319,0.8009419530638368,0.9133985164412721,Low
-1.6380553835362592,-0.928906178971261,0.5945430479597739,Low
-1.3046635093899381,-1.4603856368948893,0.9306408876646918,Medium
-1.0317106996378957,-0.8849238276987446,0.890753152062728,Medium
1.2668147415794304,-0.42957647221818507,0.6519667038555415,Medium
0.3979275430417364,0.07090292708464178,-0.9750258301670109,Medium
-0.9805832702327305,0.3922744916697837,-1.1682394710050032,Low
-2.305158678679349,-0.588210127131586,-0.04032703310770379,Low
10.427617656901855,-1.468220996312235,2.082253866444914,High
-1.92367299978133,-0.9753954240065997,-2.4660014144019997,Low
1.223701171743022,-1.7852799270332722,-1.0674097127915592,Low
-1.9355124464471494,-0.4459163629371379,-0.2748237821029292,Low
0.3718771959512396,-1.7196986752849,0.2321722314228507,Medium
-1.5822295037538516,-1.0966222486135364,-0.6526242136475783,Low
-1.1198425449163405,-0.43406113773468136,0.5807117009396063,Low
-1.8764531649664173,-0.7806591596286148,1.4396366977335164,Low
0.9395057104726511,-1.7509530688157966,1.7897777140682791,Medium
-1.8011553874429018,0.3375860472257192,-0.37394269456807305,Low
-0.3399567616474578,-0.3676190120520725,0.4074354102920288,Low
-2.3934382060039883,-1.4191860569043167,0.731596161402119,Low
-0.6412825200695416,3.7231847117911263,0.9331449877186547,Medium
3.8913439891113817,-1.8953832469544194,1.4300240483137947,Medium
0.5804619369324187,0.5572520953563135,-1.572443854651399,Medium
-0.5232366849810178,-1.839673282310341,-1.1931182981625892,Low
-1.3589185698957618,2.073440235031684,-0.21503234410371191,Low
-0.5038598099038836,-2.016099294867439,1.1368412589611423,Low
0.9058546342642569,1.2875889555048083,0.6537908922801136,Medium
-2.608432018866669,-1.1971999496548225,-0.883005674437237,Low
-2.104094396147376,0.7066102886185469,1.6689582094113444,Low
-1.899019769548889,-0.8844968425917148,2.3239195426314736,Low
0.535561919848274,-1.7359373960761346,1.666308834457415,Medium
1.2003138294463571,1.6889800884278257,-0.07197904002702389,Medium
10.037221095868409,-2.2777356188947775,-1.1022744033615628,High
-0.34768399795669025,2.4136726927432743,-4.71555992797655,High
2.0889673567360054,-2.479218097326367,-2.5920409219741622,Medium
-2.121364999608314,-0.5647589816757728,-1.6757799888642024,Low
0.4009377633868795,0.3171678829577104,0.9491922413572614,Low
0.30180455644843895,-1.0885191683709348,0.6740643771335691,Low
-2.3967962027991856,-1.0784687100390415,-0.25680560810139147,Low
-0.9582558440681003,0.9866668607355032,1.4201213047884822,Low
-0.38712308316624683,0.5656206463869734,1.3316781907734865,High
-2.4684038368167442,1.7598978333808988,-0.21151158487484945,Low
-1.3702829334750866,-1.2443234542003367,1.4716969386150096,Low
0.9379404127057447,0.0338373455316434,1.535568086514863,Medium
8.489732818076345,-1.6605317271327587,-0.8315750652794776,High
-0.19157530675767406,-1.2456774951115837,-3.3260235032832517,Low
2.2234554683163226,0.7558509561006473,-1.6830634722283386,Medium
7.263977252237987,-1.95544383527558,-1.9786194430748478,High
1.719558945683657,-0.5050189948058016,-3.809738287193937,Low
-1.038812749014766,-0.7469276846737465,-3.213519933659358,Low
-0.2775194042906031,1.339755417686057,0.3164283750543148,Low
-0.511727086425663,2.0295521570449435,0.26814642767837915,Low
-0.3537717250753682,0.5075643646515273,0.24155221423246537,Low
0.1458388945918573,-0.6138649032870016,0.558106694360726,High
-1.8683778019219395,1.3899928121333405,-0.05693640436290227,Low
-0.6146981877867564,-0.04259545139978502,0.9782050160989804,Low
-0.6234978567580114,-1.7147503848597379,0.8219147724644994,Low
-1.2625345158938706,-1.0646707482279576,0.6174025846390393,Low
8.412301230775652,-1.952645086926416,0.7420504425715116,High
-2.489026408567738,-0.7776332311128629,-2.8337390108915055,Low
-0.568844255144364,0.855897224447018,-0.6706496809588168,Medium
-1.1802932061617246,-0.41984959462496135,1.034176126452039,Low
7.373183848570741,-1.3719516596084718,1.1158534756507075,High
-0.05275627274091074,2.3082921151653477,-3.3681908570859895,Medium
-0.04692073050163795,1.4707846997046057,-1.9626755944108856,Medium
-2.069943879498273,-0.6726736279001763,-0.5881922824725618,Low
-1.061290112482283,-1.1119075266472973,1.0855584298842873,Medium
-2.5803982755912673,-1.421726551741736,1.2277725338004466,Low
1.525234854019732,-1.6244604029112082,1.5885375838910771,Medium
-2.0713143597028014,-1.2435168478224972,-0.8538348318373019,Low
1.3183888960012116,-1.0710211173267674,0.24636104578828427,Medium
-0.1101432905771106,-0.570300334634834,-0.5018534389963507,High
0.10805339448568302,-1.5854712357757392,-0.8359646268945016,Low
4.071354020738724,-1.3938510877805046,-0.5694485069713981,High
-1.1741506934279224,-1.0872793400555703,-2.3269711721794493,Low
1.0127203432405634,-0.06561857483349998,-0.7491732160518216,Medium
0.9080720437689892,-0.14604338349056906,-0.46035692460435634,High
-1.7568755033784063,-0.4867060714350861,-1.6725118289259728,Low
-1.1389419471417686,-0.9904087878613416,0.34467504248135444,Low
-1.1228796580694969,-0.19119857397975767,0.9890479626838257,Low
-0.755546383167869,-1.2448754532319302,0.3568879715897702,Low
-2.0588304267454403,-0.9809695228093495,0.6345605345769992,Low
-0.8745167579551703,2.475691113345217,1.5133011961350327,Medium
0.897278565946522,3.371779116301965,1.3118506128367589,High
-1.3634761996440135,-0.530787627964744,-0.03827382886975787,Low
-0.6247338591619024,2.8276858578472908,0.4323867594926591,Medium
0.008217199600734533,-1.1487346535078515,0.4138933084200424,Medium
-1.9906061144136578,-1.706384261726649,-0.15285975041943115,Low
0.2413707131562113,8.020523256601749,0.7378950019997862,Low
-0.7820270121373007,-3.0876346442318914,0.798610197313855,Low
-2.393672803502586,0.2799236555189447,0.1676433210188347,Low
0.1477781540926789,-0.6492642130270718,1.4475346422285558,Medium
-0.7189706465530581,-0.8471085293932001,0.3581816303066315,Low
0.4243110042274549,-0.025442656352823736,0.06630097889247459,Low
-1.6629807111834913,-0.8618081052384052,0.024982766310446908,Low
1.383518623302966,-1.1443652038664236,1.0868877848229825,High
8.578390165302432,-1.045963551061517,-0.3672641382836247,High
-1.6179701043962933,-0.9943327821278193,-4.358095360596214,Low
13.349574486053447,4.221812630218114,-1.3631102980848147,High
-1.185127660049162,0.45862111765521163,-4.571490238080468,Low
1.384015548175803,-1.2459589947365977,-2.7464159678801643,Medium
-1.7285643625444533,-1.208852604139078,-1.1441889374001186,Low
-0.3506237888543873,1.6488033102787747,0.013930655513522124,Low
-2.7138259908842417,-1.765799094413151,-0.22072135022819872,Low
5.949861392427503,-1.1583838517309641,1.7670079494551225,High
-1.1169370025423957,-0.8100281687562014,-1.7167772985278993,Medium
10.165874528323283,1.4246916831310013,-1.2393646495917647,High
0.5877444299161019,-2.1911524335844277,-4.055800208399605,Medium
-0.42397504781873435,-1.425005299467331,-2.656674923220112,Low
-2.1690117294838265,-0.6489866140443048,-0.47164730272405475,Low
-0.6396167550640519,-0.8062701878571439,1.3872050988107074,Low
-0.7124985913731602,-0.12507296803292425,0.5396736103363059,Low
1.3104010861931077,-0.7980403554704725,0.5093511453036121,High
-0.8493920216331905,-0.47850791683327326,-0.8803462853154478,Low
6.379211023732577,-1.821446490977463,-0.4189958565425788,High
1.5491340798136777,-1.553556578464382,-2.454925563774165,High
11.374526071695518,0.8018069900555352,-2.938046115170144,High
-0.43810334060683487,2.1068222765565396,-4.604899179930893,Low
0.46607780038890717,-2.250411335068141,-2.3507826070130085,High
9.118677410371616,-2.081565316924774,-1.2046268491840173,High
-1.8056798042211641,-1.5901879598424409,-4.105380000915197,Low
-0.611448682165088,0.26229625128180606,-1.6055223511119565,Low
-1.6004389516434452,0.740936195704057,0.6176641852161806,Low
-1.5921835790248617,-1.0874015992376103,0.35241409535890655,Low
-0.7886254889318001,0.13124711056661953,0.37346381754454644,Low
-1.5107694469430137,0.414753974001969,1.096954817571852,Low
-2.0298395320082165,2.4853340874618532,0.6616491254144751,Low
6.092061095223573,-2.67626316458029,2.076372850136823,High
-1.2756219422489796,-1.251604132821727,-2.2870483664238943,Low
8.921581168026098,-1.8358442196558933,-1.21838616531024,High
-1.665628109272029,1.8302910499269724,-3.487994742208324,Low
9.509147393116663,0.5529368856785968,-0.8469796457415988,High
4.66021966016367,-0.4750791877023782,-3.5629174861430175,Medium
-0.8397301630667628,-1.8840248024359276,-4.435066271911687,Low
2.036117963963096,-1.2408871162855823,-0.8707626821429925,Medium
-1.6765776712795175,-0.6477523265807607,-0.7380731830224337,Low
-1.1415327401967366,-0.03240282285335727,-0.04995444922486961,Low
-1.366336538008371,-1.1837806049288853,0.8457399136271256,Medium
-1.0957146963916498,-1.311349282157725,0.933783347988265,Low
-1.949735773454092,0.7745617930802547,0.5587388269150563,Low
-1.6583875718537346,-1.191772741088481,1.5274852655516138,Low
-0.801472539510383,-0.7739422663203741,1.9866557936668807,Low
-0.7152509345473552,-1.6973398544742522,1.0396978713148566,Medium
-1.7014622617752002,1.2775922376659115,0.39764125992796434,Low
-1.7832805776697185,-0.35535417406977404,1.2674472045836995,Low
-2.131200330482074,2.471053725353057,0.99603701669506,Low
-1.2890140227682594,-0.9966761587500731,1.4640029223517224,Low
-1.5594515691665043,2.728552199706393,0.824777369658949,Low
-0.8262742586288484,1.974359224658247,1.1581842796827773,Low
0.3232887758558973,-1.170639029958417,0.9898082249452543,High
0.1256533859244657,3.4695426047248112,-0.22231276552637308,Low
-1.3783124012870172,-1.8216038167510442,-0.5901264615759187,Medium
-0.745769600639449,-0.9494879299586154,0.5126116563541208,Low
-2.188915020965129,-1.564871082355337,0.7048242005164621,Low
-0.16241865315851636,-0.14441220792211748,1.1529900981696084,Medium
-1.5994062378047835,0.9487791681688375,0.31383158281143203,Low
-1.5160269971654807,1.0465787538261004,0.28288687021560405,Low
-1.4954872250447078,-1.329131338588527,0.9553868312571494,Low
-0.6468368730897291,-0.3674612062777408,1.2425427694844544,Low
-2.4392004606085522,-1.2513915479817916,0.4155487170412483,Low
13.083062006201772,-0.11968629168856124,2.0213989887671366,High
-1.291449017407364,-1.7276912505601347,-3.7244897212712025,Low
2.4004326455216995,2.996925408558754,-2.036721532986633,Medium
-1.102785395350822,-1.9962160945553051,-1.3010475920665034,Low
-0.9635286725748333,-0.7324509654548708,-0.6562268436645742,Low
-0.9963861208570366,2.216314339567271,-0.16121718005712768,Low
0.033739506281546386,-0.42872763029156036,0.7263104267672149,Low
0.8619009014657216,-1.8953517324008744,0.12547313942516272,Medium
-1.0289821453543992,-0.04451656746864542,-0.9792936350736445,Low
-0.27476107250624476,-1.1275794423512124,-0.017127432677013686,Low
13.943919794676619,6.659258633010034,0.15463776735802587,High
-1.51567751135028,-0.1923724492192038,-5.0994749346255315,Low
-0.34878061105301406,-1.9970378675907665,-2.029311237503854,Low
-0.9020731463376381,0.07527920162028133,0.8383978051590627,Low
-0.8158474816381153,-1.906899514798475,0.2569029247647789,Low
-0.5684267567991448,1.14818542288164,0.025208673459822577,Low
-1.8274810766142753,3.017261726762535,0.8230718548928375,Low
-1.6855618299940465,1.6681309942407847,1.564055289107687,Low
-1.429372430822183,-1.1354461409913736,1.696946252440084,Low
0.12373094183759847,-0.9409323097464966,1.16424798701314,High
0.25498995840126415,-1.5137099959255027,0.038284734975434435,Low
-2.092658585602197,0.1549894218064486,-0.9058664161493281,Low
-1.1228895477316505,-0.5309538147223669,0.8210025613939459,Low
-1.0483664343853392,-0.7724590462651593,1.888768875496297,Low
-0.812443468286151,3.0574516101362335,0.8269412477499136,Medium
1.2504608492643066,-2.0109319661552476,0.48684225742153314,Medium
-1.9272076087124153,-1.30111526448186,-1.0502391283918469,Low
-0.8599162456293102,-1.1916540342246393,-0.036961238965730586,Low
-0.18450574568648387,-1.3150600496675895,0.4722646969735015,Low
2.121577651149683,-1.4708736080816112,0.6052733733933725,Medium
0.2632091931862245,0.07533554317213226,-1.1128999400651038,Low
0.6533870853862476,-1.0636282747287447,-0.5316538545280065,Medium
3.2562960929646203,-1.225734492831488,-0.3891476453101913,High
-0.6331884904808861,0.12580990539317652,-2.1249598129385388,High
-0.6573328809195271,-1.6232976510486643,-0.7504674977534416,Low
-1.8232929470603119,0.32286244283524984,0.24838618049294636,Low
-0.936836966197392,-0.8698014117662293,1.5531182836222597,Low
-2.147824040847734,-0.47682889938260936,0.995692683045532,Low
5.444049026313342,4.555314839087412,1.5251953846061508,Medium
-0.010768708693825672,-2.2907867656667427,-1.6829297267240233,High
-0.16965118848610575,-0.13423504675514678,-2.0969885020370866,Low
-1.3102160469101376,1.9437307594627642,-0.6681514161243669,Low
0.09901692761303349,-0.8976608649995818,0.7875347520014109,Medium
-1.4630377622291926,-1.2480776644240792,0.1966520386735266,Medium
-0.30892093660484643,-0.47642235789119375,0.9177554763439923,Low
-1.099734701784246,0.6735878102762234,0.25745920347202705,Low
-1.4453589629372903,2.1502886439809776,0.06770218796605443,Low
-0.9435887339405633,-2.0446517390739944,1.2540714404027988,Low
-2.8264551110563514,-1.3427270591324991,1.1133170885163148,Low
-0.7921430760062418,-0.9710872933912814,2.1694343505521005,Low
-0.5737945311743813,-0.6444635677074453,1.2854803320544756,Medium
0.48541131489024775,-1.4319532794165946,1.297201356863947,Medium
0.12075586724174125,-1.17630994738922,0.14613076466011207,Medium
-0.5505765178909112,-1.111712264742067,-0.5318014398181268,Low
-1.2993553132233147,-1.4414684676483815,-0.17275250996926278,Low
-0.813230621789621,3.41702227840319,0.7352216174959597,Low
-1.1959814793945973,-1.8174089987421915,1.2114893428342968,Low
-1.5819633847228087,-0.9741363959382575,0.9893464346840667,Medium
-0.6413064251400606,-0.3220947713045697,1.8619991699410305,Low
-1.7774413115748624,2.153905606655046,0.05358183584028444,Medium
0.1595499379940484,0.6355414238306629,0.8569251265978259,Low
-2.0498697865475246,0.8737062553339542,0.014012425754748575,Low
-1.2516414449061455,-1.5181238939571193,0.9288741394831725,Low
-1.1882364608080753,1.954561084513576,1.0094599919870049,Medium
-1.4579259347311155,-1.1674171387648813,0.30332100808861395,Low
1.4680346007128253,-1.289138332683567,1.1570752824496124,Medium
-2.08799280437586,-0.5020046461444835,-0.4547524469607586,Low
-1.003747394675812,1.651025967239333,0.2968347420833703,Medium
-0.8527564798439039,0.7599163960998828,0.7533784770363963,Low
0.5888068936471261,2.1951416600578866,0.3170445863918493,Medium
-1.2750668657280237,3.263425222602623,-0.3490277269914961,Low
-1.0206308444998564,-1.6779826553634833,0.380267594413421,Low
-1.6631097721436991,-0.3998706984783038,0.4515822198834022,Low
-1.9326073401046586,-1.5396617241927695,1.5959471056492578,Low
-0.8300338667892784,1.9018267009554708,1.9662461041646233,Low
2.1076252935151665,-1.919303290015668,1.672587533044864,High
-0.1875232979238107,2.5516363262549984,-1.1844207441383021,Low
0.28787762517446436,-1.5758538630894232,-0.8801691955491759,Low
0.7583939133887042,-0.9508206780129753,-0.036660040536154126,Medium
0.7474947418612474,-1.8252814424294175,-0.35988397745449474,High
-0.8311220537696788,-0.5882590885427663,-0.20494422229163914,Low
-1.5032451001542662,2.711917529585322,0.04870852359468389,Low
-0.7144566682241849,-1.6342493446099928,1.2945335962508107,Low
10.49476341723718,-0.9568156954815755,1.515273901978456,High
-1.7327928939585557,-1.5841758114061681,-3.2900044605017262,Low
0.6544321330420553,-0.7812030406225288,-0.8875784119719731,High
-1.8292010269302108,-1.0766940065823638,-0.428152881473545,Low
-1.242807701457241,-1.0121413925287468,0.22756863875151867,Low
-1.674139909503061,1.8102533400585907,1.5150095525911373,Low
-1.0464601442710615,-0.7825256686427536,2.348351389253316,Low
-1.5730723191863691,-0.8379395174944972,1.0977869171077175,Low
-0.12885029869320483,-0.3577982237654769,1.0987262363931736,Low
-0.7818831878535378,-1.2158276611445031,0.6573801514369286,Medium
-1.657795734343354,-0.7270669920558387,-0.012420499639858095,Low
-1.1106982622270947,-0.07360746566822597,0.46406408246941216,Medium
-0.9145899161903696,-1.1771267222735335,0.8150078870416042,Low
-1.0171636084332247,0.6729907846322986,0.5768269883173474,Medium
-2.0450740580915245,-0.6972691030699488,0.5094235572289445,Low
0.5042091418625622,0.8222366310407153,1.4880820508308992,Medium
-2.480143021120935,1.9517048428144248,0.40912959679432437,Low
0.22989272911610023,-2.0793055020240803,1.5640137957999527,Low
-2.8364130789567756,-0.9257963485339924,0.28907863222308744,Low
-0.683095104957679,-0.5120143409863177,1.5295210704815105,Low
-1.4035734527335673,-1.2815744554357502,1.6629271626986044,Low
0.48377191971333217,1.187352324510556,0.9449505556735012,High
7.3547644168586865,0.41150980020804423,-0.04819108106824752,High
-0.7282562609987059,-0.9895192810886495,-3.3489712809835748,Low
-0.020071068187471418,-0.01120986761282188,-1.3931279244559536,Low
-1.256570506816671,-1.8635942232924165,-0.24317044547635985,Low
2.284009954540627,-0.034938315370501724,0.6448874770710913,Medium
-1.3180614541998275,1.129430975148891,-1.435440252213234,Low
13.019426420636885,-0.9696802842772553,-0.5236190884415531,High
-2.3510718964986648,-1.3925837042418858,-4.8712554178069905,Low
1.287787405311173,0.9414822194209694,-1.2009074757777725,Low
-1.88363929550559,-1.151771000428343,-0.11155153001293437,Low
0.8807661404069141,-0.7480091253643908,0.18698851886287238,Medium
-0.12848579252888956,-0.3910663289228514,-0.6792618578248159,Low
-0.35435423425193346,-0.866326706583231,-0.3997419235831303,Low
-0.28716376235478946,0.17436434812139176,-0.3375154667010405,Medium
-1.3838481833726008,2.131701751744789,0.0995705452956632,Low
-1.2908501273353463,-2.1724332478266266,0.8805245949369881,Low
-1.4811999800099065,4.17743688255236,1.077693023097129,Low
-0.684285972938955,-0.7825522117919887,1.1369992045299524,Low
-1.430008637919797,0.7229981566054892,0.16741534911549596,Low
-1.242123390670035,1.8577233053964533,0.4034195748566138,Medium
2.131773621561851,-0.6439442827229968,1.6390694368846062,Medium
-1.4064769409645355,1.5189447475615572,-0.5948723676646317,Low
-0.04446606253610291,-1.9276784704212082,-0.06555209151402851,Medium
-1.9950359129837272,-0.9986404210286893,0.4145803319932933,Low
1.9992275814514948,0.8756659349376754,1.21454911856192,Medium
-2.0490277817543427,1.344805536201696,-0.900488869368834,Low
0.772507724784832,1.4905193528854932,0.5883911589740852,Medium
-0.4689960817837418,-0.2890975825028636,0.2319517684446054,Medium
-1.8530197139504976,-0.3714550405059581,-0.08178264996032795,Low
-2.2311185514259764,-0.9774439838722543,0.7276055990391043,Low
-1.315456793356534,6.445283669668177,1.3500303015034554,Low
0.8080260008284028,-1.546857897075123,1.168235506434478,Low
-0.9602970321690405,0.9020940414037936,-0.5535579752254763,Low
-1.071974774508758,-0.7483260527179327,-0.00012287961750005497,Low
-2.325560624284984,-0.3171536876585402,0.6629695335391257,Low
-1.6034965161801082,-0.6866845499972296,1.7381081911567908,Low
-0.9128789364872189,5.172188438058553,1.076606394909044,Low
-1.7902587554889908,-0.6900959885971357,0.5897861743008246,Low
1.9294736773725654,2.852116023162386,1.0220103321631244,Medium
-2.413972460206906,-2.1645469556649273,-0.6633192175780254,Low
-1.808829183569947,-0.16586280166627373,0.2521897237446222,Low
-0.8473561007278676,0.8373353221831492,1.6920721126749132,Medium
-1.0181644477862462,0.9326145228306539,0.8648112269130043,Low
-1.586691905590133,1.3975218425144487,0.09695625933035582,Low
1.9617998930526959,-2.068084449962501,1.372670283369064,High
0.0098816356278432,-1.5741430834950296,-0.6782911706371367,Medium
-1.1718865195215022,0.060891059448379616,-1.1870616096721818,Low
-1.3589856769162831,-1.6982578761221279,0.6481191486013704,Medium
-1.932884613359724,3.9510192975040064,0.8077635403634139,Low
-0.6832109400534144,-2.1811648304520035,1.6554478938667192,Low
-2.1753566851654735,-0.13288569729049662,0.9748811444379482,Low
2.803732143043615,-1.5768044752785435,1.3133588529642453,Medium
0.6419175255847488,-0.24227992728303688,-1.2371063812876024,Medium
-1.5807042521269634,-0.8521339678902581,-1.8744629134453248,Low
-1.4353193307717445,-1.5726955532931244,0.7168631699249643,Low
-1.2233879225385913,-0.42740302363727395,1.3586880936605548,Low
1.7609733416299946,-1.2532599184128694,0.6484635071971281,High
1.3306430143122414,8.101393547043523,-1.061905118481125,Medium
-0.6896360148666217,-2.5956836497389366,-0.6170023421914181,Low
0.06237189328776967,0.388240676805452,0.12797967701568627,Low
-1.3622696513316448,6.725483645514344,-0.19368141176515716,Low
1.0943379393873796,-0.27977092060233666,0.8987655420095721,Medium
-2.077467793827871,6.430598672829089,-0.4912708028137142,Low
-1.051924864192877,2.847317096727247,0.8726252655143641,Low
8.579838828346494,-1.639225549820461,1.775885516700168,High
-0.5630823256268735,0.26793136888373087,-3.0169951996690583,Low
-0.5066128496938624,-1.7818239189137024,-1.584370373594109,Low
-1.8907610431065167,-0.3530663251878736,0.31883681216122706,Low
-1.4706277835786072,1.3610797425550514,1.1002102003150633,Low
-1.7377835550081855,-1.1659405834220649,1.1118850986393163,Low
-1.3945496378078144,0.7687357222782293,1.5903641938695543,Low
-1.962963446020186,0.2929206670260527,1.284558064230062,Low
-0.7499848303500583,-1.545298550920313,1.293114372297587,Medium
-2.0321641308036402,1.2747251569431262,0.7581531196156419,Low
-1.457279768068894,-1.3935334949722287,1.320757999277711,Low
-1.7361789894878787,-1.3723102981929807,1.4105235475908102,Medium
-0.39862515851666885,1.5316732721167077,1.2124541933458048,Low
9.273458875893606,-1.4599799948715404,1.3080897109951517,High
-1.6066832775571596,0.4950739859474823,-4.010724334356108,Medium
2.4623942965776853,-0.8523220350457127,-1.3049460593364226,Medium
-1.7301122514531666,-0.7078005586346178,-1.2282602236629196,Low
-1.0013816628213899,1.3506799986101217,-0.12541263850631695,Low
-0.839549064677758,-0.42892152066309197,0.8545106896861746,Low
-1.9987663735904542,-0.9659789126412769,0.545587575556468,Low
-0.0850947444069158,-1.2562659122249937,1.7486649337550468,Low
1.4362737240965213,3.3762843436453553,0.6817049881881468,Low
-2.6318517691066514,-2.086866812499651,-0.7276768512811156,Low
-0.4920604481960987,1.5087382777307508,1.2620799930975546,Low
-1.0448483969769184,-1.302288818873259,1.5061588948637883,Medium
-2.4853885542166085,0.6237979357617913,0.7569274449092466,Low
1.4927304923491596,2.698707340950857,1.5113919702448042,High
8.390862424680368,-2.79436816093855,-0.292322080928214,High
1.346237432908361,0.3280475049168087,-3.5979529825803582,Low
0.12931956861241015,1.1301995834285845,-2.8057204564744844,Low
-0.7040775424969331,0.6649547059663411,-0.8922586268515559,Low
-1.5205207503771967,-0.1658308021398149,-0.19846436804585496,Low
-0.08949455526859781,0.3147631229113182,0.4905326579018237,Low
10.096182740602313,0.4173321417675253,0.7117084767192354,High
-2.4839092108297196,1.0017866995379527,-3.8715235885948913,Low
1.7191063319255246,0.2628203530729852,-0.5119472504468803,High
-1.3529473894955177,-0.9291200581009491,-0.48882340159209553,Medium
2.14985863089032,8.209862366743367,-0.815044003783509,High
-2.01888279881715,-2.472519249746398,-1.4710931508103156,Low
-1.2457536779665777,-1.6354308846756458,0.53586042118384,Low
-1.4617750941746548,-0.6320262840857862,1.3401777033754405,Low
0.19891098087483608,-1.3289529723319122,1.106801621442784,High
0.40518535540918094,-1.0422898450551128,-0.060214512880078654,Low
-2.39372077864979,-1.0528267717018556,-0.5049805587190059,Low
-0.5473671030879732,-1.3431250601746643,1.6460737564962071,Low
-0.0740819266543502,1.0211333986858473,1.0635897084400248,Low
1.3968634157448945,-1.4823421706171764,-0.13390093014088006,Medium
-0.48934246414932814,-1.2498548383527492,-1.326522246590262,Medium
-1.2129792141634115,-1.2229974279573972,-0.8159737289162551,Medium
1.9941194047511308,-1.6801192107429237,0.5074337769790236,High
2.5512852714015275,-1.3356954135580474,-0.9299663430750913,High
-1.5103722874931222,-0.10333920918420934,-2.589680876829392,Low
1.0546525635022692,4.244663779498894,-0.12949618309564329,High
-2.6595986757543075,0.23635951303754632,-0.47042339671819455,Low
-0.4379488953236825,1.9551125811390937,0.9495936063969993,Medium
-2.060862010188063,-1.5983291486269227,1.3637411099495653,Low
-1.5448258965476338,-0.8973916723331926,1.290215713514113,Low
2.016914654270811,-1.2876941785417035,1.3523097896158534,Medium
-0.8915063229566699,0.7665394150017528,-1.0674407458536073,Low
-1.3932303159293005,-1.7361536442508851,-0.12731942030324214,Low
-0.06864812993797602,0.5967240268111519,1.2340033588450987,Low
-2.0499156215352654,-1.2703394746942456,0.41232051336775455,Low
0.13923644498058166,-1.2158221059675702,0.9736137947237604,Medium
-1.728608092404093,6.603718360375021,0.16961764459767303,Low
7.913540349822138,-0.42623128023822876,1.3239602566283046,High
0.15326043981478346,1.1661949188096925,-2.0283875767005526,High
-1.4027388757732737,-0.8796334945188468,-2.060920792480535,Low
-1.366640321733439,1.6712050737006556,0.29126298931625794,Low
-0.45700444681388364,-0.531127056650561,1.335133195337365,Medium
0.22038070238581212,3.1278836698016446,-0.060591524321790644,Medium
-1.0478617641060437,-1.7031915465881948,-0.5024513117751572,Low
-0.8942574127587289,0.14044823025377703,0.03848041068879,Low
-2.599982967167829,-0.10344802146144903,0.34850167821858313,Low
10.54098921558115,-1.272665461280182,2.1888760744674376,High
-1.3740820491122174,2.1479011085236364,-3.1084837862846997,Low
2.1363173215826845,5.709873878154726,-1.6392410756414095,Medium
-0.2594868640102438,-1.4656908407017424,-0.7064288498214852,Medium
-0.482417117434391,-0.6242780587679239,-1.055116514366539,Medium
-1.144568959907858,-0.3848925243306597,-0.6815919954039223,Low
-0.4869628405626502,2.393491030413595,0.4153834968188713,Low
-1.1686518287177254,0.015916564369292726,0.31259890722877953,Medium
2.999587318789783,-1.810415575355,1.6821476550605146,Medium
-0.6786027506137937,0.6912529444881537,-0.5625476549493156,Low
-1.0905533904822222,-1.5133756021346831,-0.42869244241741683,Low
-0.03685719954680236,1.387789147022365,0.15235935078627666,Low
-1.7715201352856471,-1.3943920801178977,-0.06854087048844082,Low
-0.804085495502617,-0.7826803993630614,0.8113889591994855,Low
-0.6673411528016304,1.276070199351505,1.0901190380873556,Medium
-1.1872169499370675,-1.835216964231292,0.7644783499812106,Low
-1.2678871096605733,-1.2171863161075651,0.5782531359547798,Low
0.6588653432530638,-0.7883831798409927,0.5953673505296062,Medium
0.07654097870778338,-0.9028748673775835,-0.31652799993131175,Low
-0.273652624366336,-0.7743383797926198,-0.7223184554219629,Medium
-1.2283885627858047,7.903263523736404,-0.6074814566767742,Low
0.01808926923317667,-0.42295303943800117,0.9357499222275633,Low
11.667294480924472,1.2565964500961446,0.8775969398115181,High
-1.8772057023733435,2.4190131341714474,-4.452821784500012,Low
-1.0908541549221775,-1.6091753113897749,-1.3440294537179924,Low
-1.9209491242728374,-0.8940248981209983,1.0346159621693842,Low
9.146008914503163,-0.3295442890532738,1.38313310042131,High
-1.1880647061958984,1.1255830862556315,-4.206440186284168,Low
12.773415866281395,-0.7527122264015942,-1.5686236234231652,High
-1.9702474687555733,-1.7276372314526511,-4.34000893741729,Medium
3.4896700384057304,-0.625527475483891,-0.9948695108799311,Medium
-1.0387703287414047,-0.2164640102674055,-1.6373388989830986,Low
-0.6239026964999579,-0.49877292727500305,-1.144301821411973,Medium
-0.050025310381714455,2.079819127452748,-0.35315976697278184,Low
-2.6740947336607817,-1.3305283025688999,0.3818930464271423,Low
1.0995505702796338,3.6327120554314347,1.3915972401183851,Low
0.32280903950163004,-0.7382323657369756,0.4903299176845663,Low
0.9727716609435239,0.6012406898874063,-0.4927128752028274,High
0.6076816859303038,3.323698077582027,-1.0871213289842923,Low
1.7970888155457092,1.6445582514744677,-0.8550313440203793,High
-2.079692892450509,-2.154534014029924,-1.6278334749094234,Medium
-1.4750158265354796,-1.050441367637028,0.3044287444633791,Low
-1.948633095979968,-0.21943346120112242,1.5399119971279926,Low
-1.469358451137093,-0.6944144808956768,1.3920605468505216,Low
-1.7580004342133142,0.2115736523660997,1.0137123389352911,Low
1.4591879147960967,2.938704979069915,0.6970634543907389,Medium
0.2431625661644026,-2.3376411735944673,-0.4448854194541388,Low
1.3641274065299207,-0.76446247890191,-0.6076617214566596,Low
9.199183066811816,-1.5539841190692891,-0.43273226858940494,High
-0.8121990640555039,1.816076717136543,-4.106045322644617,Low
-0.93880067452268,2.7047411033101545,-1.7609560325564426,Low
-1.0994824209518468,-1.0132637312855983,1.1345604699625838,Low
-3.159740380908978,-1.5113776072975447,0.4796722177642527,Low
-1.2751276334032602,1.871502113923758,1.4558790226277007,Low
0.14915705745231964,0.5438110098427883,2.072769416883486,Medium
-1.6525921122026805,-1.0356534941733715,0.03925864570284737,Medium
-2.255719168353331,1.2883785450312704,-0.2770817132214015,Medium
-1.3585229457804804,4.230876793612388,1.8661429308459763,Low
-1.285232837258049,-1.12573301174637,1.8745662330995567,Low
-1.492207261913329,-0.4595039503368149,0.7203254423522425,Medium
-1.946566177755278,-1.0372086392461708,0.6462274371035239,Low
0.8084407398001339,0.3745566890423841,1.1342683346199862,Low
-1.1037403617005883,-0.5494205760096268,0.04377610714615279,Medium
-1.4224339669809074,-1.0983300450602036,0.11723693441943665,Low
-1.0902096557709575,-1.6299451210416482,1.3853410765945307,Low
-0.8546125104906179,-1.0198063887322648,1.3286943567370273,Low
-1.780661096819909,-0.7107143889741734,0.731075887556564,Low
-1.7147563830213894,0.017404463780553152,1.095705156777515,Low
-1.9710009158599266,-0.08488504318132686,1.3473089232220712,Low
-1.4417735173706976,0.19329537355110504,1.3647842912159365,Low
0.3789441536090869,-0.06021128941742289,1.2824255538076814,Low
1.1236937788051484,-0.8049527980705922,0.13302983130078067,Medium
-1.172017320053877,1.5413902556385504,-1.2507030826136643,Low
-0.9389667046470997,-0.9139859859512658,0.28445935218174706,Low
-1.3257417448765378,5.763230061020627,0.45369381115927054,Low
-0.9262249520115144,-1.4651639126178646,1.1118260385914829,Low
0.7871912272233756,-0.22857887656739306,0.4695909885061321,High
-1.2234103316790848,-1.6423393094706848,-0.5994061168314467,Low
-0.16760596023444665,0.2830858544093841,0.10718809258793542,Low
-0.9402496158234115,1.2943988697162914,0.23353786991431752,Low
-2.049255013122178,2.141520912039666,0.2447652223781664,Low
-1.4474754275383586,8.633429673576718,1.12434125580173,Low
7.860377096045548,2.087408164125239,1.8143211732999884,High
1.7166940982134726,-1.2565523259887506,-2.7077592770924985,High
-1.6615157725602103,-0.7435746771486328,-2.987981612187985,Low
-0.35062667188186475,0.09910370011761788,0.13576100104413757,Low
0.5551068312290341,-1.7891393043801602,0.4728182286912423,High
0.9086159844110414,2.725485037475989,-0.7541714303317522,Low
-1.1958796321267093,1.0237395032261674,-0.5524276213028456,High
0.06013160341695801,-1.094921375500084,0.30682188994581017,Low
-1.0184137244545397,-1.0110113645913499,0.0012621336075932267,Low
-0.06577933368169395,-1.5251273234375204,0.24281405094107228,Medium
-1.674451000298421,0.7859213706861408,0.043133185671694024,Low
-1.2894055105225297,-0.8518273513542715,0.7771769762663194,Low
-1.8043032157661902,1.4970725620497896,0.6713169394676565,Medium
-0.12254193335339436,-0.0903108470691323,1.3592904778371893,Low
-2.0297428310780714,-0.569194500470089,0.3654571021000029,Low
-1.190218474965554,-0.5389134161523121,1.3136706782368628,Medium
-0.5040888121562381,-1.307599281357395,1.1552802468488788,Low
-0.7458755823761144,2.7699761052088867,0.4246016166216663,Low
-1.6291270639628024,-0.7710649283211256,0.7108595807177065,Low
-1.1594328334533848,7.108516557113544,1.0471500205870994,Low
0.5584140110162326,-1.0436728319353703,1.723582796599378,Medium
-3.0239868576843763,0.027324632132180816,0.14429704071218602,Low
-1.1326466284887864,-1.748889816024365,1.6578344094343531,Low
-0.27529113202663935,0.7035221561842072,1.8919948842951102,Low
-0.9682170267209287,1.714426266158175,0.08868865240701544,Low
-1.6306310979565752,0.8414963641514205,-0.059987064278989456,Low
-1.1060081887261277,0.21993442514797715,1.212132830841659,Low
0.288714917871914,-1.0065936836886813,1.559610072167776,Low
-0.05569851072262781,6.4246498314964535,-0.10334758920364705,Low
2.1403089363760452,7.315921430878129,0.08001859474212342,Medium
-1.7225586695900237,-2.950052813477693,-0.6929018748434886,Low
1.1964535755343573,3.0854364508292793,0.24927988393606837,Medium
-1.579130823148779,-1.6447854958286328,0.019939136564645618,Low
-0.8434336017277,0.586586563911923,0.5474892130990912,Low
-1.5524570324766538,-0.6775103975608944,0.5436588878246246,Low
-0.5263951941945482,5.148484764310668,0.5907803420049956,Medium
-1.1183675138583546,-2.4294318958000822,0.6995704878250625,Low
-0.5096501558247405,0.09573678642653136,0.8216794491797205,Medium
-2.151232696713699,-0.48847288808184314,0.1641703545934782,Low
-0.8109531559793208,-0.7593837555887532,1.3188187039153096,Low
-0.34331765028514016,0.7039802490874666,0.7618861559468728,Medium
2.602006300378126,-1.7251448292429292,0.3794547134385525,Medium
-0.4250413562698636,0.6031819212562406,-1.5285090606105889,Medium
-1.4056159928463032,4.640436813516714,-0.8376371323007724,Low
-1.9630363867995877,-0.3806959600595775,0.8432452882588048,Low
-1.1950294744223415,1.7678928624447976,1.4274109183227472,Low
3.19543802057752,-1.072607835898185,1.6110720074052756,High
-1.5972113565505996,-1.2568562291804033,-1.7541469182833536,Low
-1.4345695576999193,-0.15239966864807114,-0.08635740345278092,Low
-1.2917293696083434,-1.4819471021579984,1.6324967215805943,Low
-1.3064424324169501,3.801378716167517,0.5173360691700581,Low
-2.493590233355046,-1.8656043012160624,0.6344728365117942,Low
-2.009853335569362,1.9700301266660505,1.5905070825474292,Low
-0.3764520063656839,-1.9859375812024487,2.4483968428324134,Medium
-0.9388792548786765,1.1301669920788344,0.4927715102316392,Low
-0.1550230783042202,-2.116788873682958,0.22886113618295242,High
1.9410879822267622,-1.6417845007275966,0.4373871880583558,Medium
0.041731822523829905,0.8866386250434836,-1.498460455410948,Low
2.9134872191635193,-1.7062463325956307,-0.7973776957768068,High
-1.3525483555686548,0.748971658642692,-2.0587984135236237,Low
-0.15436753519331478,-0.21838411507575237,0.2614754389938632,Low
-2.373159164842227,-1.2708194323534772,0.5039610528709207,Low
8.349332260338253,3.4243193257127946,0.9449384494694628,High
-1.6636364127179262,-1.2682536049690158,-1.9428344425119062,Low
0.30409305474760584,1.075529348222403,-0.6908508626651348,Low
-1.623554847310507,-0.4994163188083832,0.1180042629130648,Low
-0.004168491299205372,-0.06488889813612558,0.30577910937192543,Low
-2.447361420089398,-1.1615118957706607,-0.12065212602070491,Low
-1.1354147393490213,-1.0537949057073597,1.7572701295563928,Low
-1.9996025211038422,-0.26713144405816713,1.2256235486166742,Low
-2.1183089078628425,-0.6233543949928322,1.1785774694531184,Low
-1.176490956538078,-0.9022882694287447,1.7575839288329604,Medium
-1.9208301488282788,0.10691363948655971,1.0016217008898805,Low
11.114930185638233,0.3925724676337385,1.6629472546403279,High
0.5553228219988494,-1.938243814841846,-3.4473914141834427,Medium
0.4345996899938845,-0.553183599918559,-3.1175026602490727,Low
-2.009158207913632,-0.7677918657508583,-0.5886153081065427,Low
-0.9957510234490127,-1.3127703454194177,1.4010575534329437,Medium
-1.8552897471224552,-1.1388745067937605,0.6936903300458126,Low
-2.278327891964504,-1.3183639348424014,1.0840192838700196,Low
0.858340035591722,6.953205775681214,1.8854647254116927,Medium
-1.5799102315632088,-0.20650582978221396,0.6203231738943982,Low
-1.7917320790704505,-1.6598305810820837,-0.11767390984329201,Medium
-0.41431914314205265,-1.3112523411652528,1.3497151619075323,Medium
-1.4341792080689213,1.036974933074993,0.2845672412510355,Low
1.2796052142923326,-0.3571504168796411,0.3822760763542519,Medium
-0.7036862288513107,0.33750759426256494,-0.6203570276072555,High
-0.39895093380084656,3.4213498408034124,-0.23665904464308704,Low
0.8048233258916463,-0.534249467310269,0.5198985268116895,Medium
-1.5541213216362475,-1.4792274694123164,-0.7076569547939928,Low
-1.0900816719301252,1.674058465998767,0.388080883288558,Low
-1.2803261551399105,3.876917162955405,1.0288962201022487,Low
-0.4092101768647877,-0.9650085543097728,1.1908946028800602,Medium
0.46305461412055743,-0.1824190527504494,0.1110280936279391,Medium
10.645479893302115,-1.8345695834346203,-0.2692965322537336,High
0.2975525466965962,-0.4235146974378254,-3.677778785510605,Low
9.76747662510774,0.5020945555839751,-2.371709713296721,High
-0.7855627198693917,3.1644200815624757,-4.329235606595269,Low
0.3366994901728372,-0.9565981582878591,-1.5751474921738393,Low
-2.086344602928036,0.7871360169353526,-0.1879831102038929,Low
-1.272285123573532,-1.3694942428187507,0.6501228450932555,Medium
0.06327432746835954,-1.4998171609098176,0.500393634083143,Medium
-1.838457148820063,-0.15851829998778985,0.011526794444767032,Low
12.082883844705385,-2.039096504464175,1.6234768461012896,High
7.1149940049534,-0.20151371076953392,-3.902646092612682,High
0.018928830927731462,-1.4156261016034115,-5.074775603272931,Low
-0.5218046233684183,1.302358611051662,-1.3057972033936527,Low
1.3089232370504942,0.986012135171117,0.10341844847295345,Low
10.832882780508246,-1.2873615178432656,-0.9605603559263157,High
-0.5254423533135785,-1.7069313678119669,-5.08550561638321,Medium
0.26205358130375095,0.05923582805393201,-2.296819583255789,Low
0.9043683543756237,8.012229599298127,-0.32647341295356813,Low
-1.1695131661573805,-0.9171660727146786,-0.6847441697577407,Low
-2.1068629963280254,-1.6976374070136848,-0.02083614450691091,Low
-0.47935859832061134,-1.368380092412654,2.1746245647724187,Low
-2.8545655868712516,-0.9459945848088662,0.7976273095516152,Low
-1.8985151359864119,-0.9596730033492272,2.194731011280437,Low
-0.8362531099144861,2.496574963186136,2.057898639709254,Low
-1.4015120750339152,0.8903867415624012,0.9058037739351641,Medium
-2.140249725360787,-1.412953507896789,1.1828504501322052,Low
-0.6107015225845588,-0.7157361598500148,1.9281665757140292,Low
-2.2347229136879174,-0.008951547111555198,0.6925225493710266,Low
1.182864282691716,1.761723576417099,1.2403933480134153,High
-1.2397554849905497,0.5942276269239558,-0.07823236210538749,Low
-0.6997061403878178,-0.3090648714083491,0.10114170359311264,Low
-2.2255212411575394,-0.7068794087434375,0.6190171160921001,Low
-0.8882342490972451,0.37391816447740445,1.2755020369028063,Low
-0.7071746148376634,-0.8499767474720079,0.6016607852920497,Low
-0.6874112474800711,-0.8149518492806266,0.07254676054387749,Medium
-1.692682078096827,0.18866625970878623,0.12696029015296245,Medium
-0.6945023646728549,-0.05144229629811602,1.8072546119634905,Low
-1.3391261748184171,-1.0756830130199282,0.9804160835790565,Medium
-0.5648817904524234,-1.2877032915881383,0.30540498105487807,Low
-1.970493798353176,-0.6793747967885645,-0.0021947820468780923,Low
-1.3414884157850369,-0.5799893967998805,1.760516722648683,Medium
-2.108771285236709,-0.04302542660800102,1.2447981782936048,Low
8.526517180411858,3.2704507985081746,1.1678155588061607,High
-2.576838796798548,-2.2131804761231924,-2.9351324996565498,Low
1.6323285687225615,-1.4507753781795485,-0.7542577982895506,High
-1.1653585408282674,-1.1175122302162683,-0.7134912628434763,Medium
1.3782552768419267,-0.612209637382226,-0.12185771054316352,Medium
-1.015742158928739,-0.545620520369936,-0.9722290061456389,Low
-0.8725169804682769,0.4841806487970975,-0.4116804671045784,Medium
-0.3634260365074072,-1.3265110848088053,0.7387459730316351,Low
-1.8666699274439666,0.3214780989545682,0.1585654845803638,Low
5.225864292189297,2.9331857143066875,1.2070137111053634,Medium
-1.6575029171887994,1.64873691418698,-1.6976097255896985,Low
0.4872094731920486,3.423358735317115,0.1279525733522933,Low
0.0947352515348881,0.18942390543784743,0.5544273670141465,Medium
9.020823700406792,1.8458504591218952,-1.024373813557826,High
-1.8382424533608221,-2.117283127047217,-3.4930800723927593,Low
-0.7547329835611133,-1.1204631307445725,-0.7476596176327113,Low
2.5333201222769652,-1.5287605720487312,0.9848309823000865,Medium
-0.4074139581176599,0.36833499534837155,-2.0136660390135876,Medium
-1.0945320584067766,2.5262244801623495,-1.6608633507790362,Low
-1.2350859529502007,-1.8022003509931108,1.0263813833955808,Low
-0.5284174799597956,0.017035813020001945,0.6542489166837882,Medium
0.4018825576198496,1.0449097631622397,0.2212593122068577,Low
9.984250541120643,2.5246942654576645,0.06403177287428347,High
-1.1534037870883191,-0.2589417826028634,-4.065837096170405,Low
0.06894243844606585,4.802477908905442,-2.2341657802897052,Low
-1.4425464619382542,-1.7197589547965013,0.8105933581504032,Low
-1.436913400239769,-0.6703706356991214,1.1505403828191934,Low
-1.460567831215041,0.1738218491587391,0.6899513438044251,Low
0.23914207330140466,-0.7821706891075004,0.864599647366598,High
-1.8745709734774412,-1.625276381137854,-0.43088239809386275,Low
-1.196515411612461,0.4200506503792259,0.5142557085831563,Low
-0.7892225601492598,0.6943321555302097,0.8426930746969878,Low
0.09263445625219863,0.47585134111831295,0.41613540185144315,Low
-1.697367183576511,-1.030257740017413,0.2319840858676236,Low
-1.7196571006448564,-0.20055173051910152,0.6881820860952859,Low
-1.4960394421093162,-0.5172772623028611,1.186162830400352,Low
4.187885033286025,-1.5170526921002554,1.4665542934845999,High
-0.8855784087890178,-0.425382596336963,-2.1574490518645746,Medium
1.3890509070125738,-1.7883006361751022,-0.8466271196557269,Medium
-0.7530854090482542,-1.4156648013437265,-0.8727443357924423,Low
0.514339500961296,1.2819671008398994,-0.47885492386151335,Medium
-1.2144521497278478,-1.7980451912390953,-0.68998597878397,Low
-1.2159148374819415,3.5064454679436006,-0.3124182526065017,Low
2.3753659354717787,-0.6755797197516693,1.211851673382096,High
-0.6169498771082624,5.5885518221560275,-1.5589096536640468,Low
-1.0602142411930284,-2.3398336072496404,-0.4711734477767382,Low
-0.30834077906551716,-0.07343065894170765,0.6683934928515401,Medium
-0.9544701086599837,-0.8505013430498958,0.2503654059387603,Low
-1.634510964340453,2.170404450112188,0.07481284768289524,Low
-0.9459894414046011,-0.8937154628040919,0.7378552110038701,Medium
9.401408438902617,-1.347768743109968,1.341113464829325,High
-0.7251104282456059,2.173678262914542,-4.287893229035708,Medium
-0.32058760091837135,-1.3282074713245642,-2.147768695920141,Medium
-1.9881227671395951,-1.4816794228939572,0.45223208617693683,Low
-1.9260710460416444,-0.35702121486536187,1.537670458665144,Low
-1.3913379756021529,0.6669289803021894,1.6915691012595546,Low
10.978963361241243,-1.6646976910583375,1.961486758112876,High
-1.6716438090758945,-0.3114786808997395,-3.5062302719567606,Low
-0.8945819746863274,-1.2764030908499702,-1.1316242552903857,Low
1.0156810747709824,-0.41297089619690613,0.9458501647917208,Medium
-1.1408292142784533,0.4455762149067125,-0.802493183541257,Low
-0.5602601107213004,-1.0657161925975143,-0.0682789908469305,Low
-0.537312765638466,-0.644725304107176,0.7332226713540752,High
-1.2020020918432657,-1.5459015362398292,-0.19564770819933297,Low
8.994890465405117,-1.6068338515594873,0.537065648648445,High
-1.886532173224386,-1.1960762345777054,-3.2105429433494552,Low
-0.0289216388169887,-0.4448025051961725,-0.8434068431421108,Medium
-0.4237471219645055,-0.7986945935396635,0.2872229875586196,Low
0.27519885323098076,2.3812360352261623,-0.08693346582822464,Medium
-0.851084909085667,-2.2073442529436997,-0.19736196394342115,Medium
-2.754533591461164,-0.2952853946584141,0.6348478970773102,Low
0.2457858975592008,-0.2106933385835571,2.4373211735818185,Medium
-0.8650000217277223,-0.5050990712019249,0.43356793412365346,Low
1.3454126722769149,3.644959429932003,0.08125196712703192,Low
-0.5753371617212883,-1.209924345884596,-0.3723808698255852,Low
-1.7509296666573386,-1.3018909886275989,-0.2674436961417867,Low
-1.3535987253959514,0.6004832881126921,1.4317495066670376,Low
-0.5366619226446057,-0.8318783723986306,2.0747287644869874,Low
12.858205565874853,-2.344951368451178,0.9290839531068265,High
-1.731425335575781,-1.3248599186735597,-4.7208936981735805,Low
-1.6102344337351193,-1.1429391531736577,-1.6265505670722513,Low
-0.6468426855670646,-0.12261982319466842,1.5433723027186548,Low
9.834626219582706,-1.7701928290904276,0.8483779998203925,High
-0.8717545254455574,-0.6763822851573937,-3.949771404365289,Low
-0.3222620074395725,-0.21034828253370422,-1.5425752598920066,Low
-1.135577976977436,-0.8869028220987025,-0.2605976835366715,Low
-1.2907119451968176,3.0343801219601083,-0.1643118596948495,Low
-1.3494436736659048,-2.284053865712823,1.0951314027573293,Low
-2.134884568759777,3.3339177591579587,0.8748207825852097,Low
-2.4000058089635283,-1.168368509418097,1.6939457834391454,Medium
-1.4574536888546112,1.2822669691300788,2.9034965902445076,Low
-1.7133071920817329,-0.6774932290979427,1.757867251401445,Low
-1.9269056439455359,-0.44916307187902615,0.7410595775592993,Low
4.828541953055245,2.7915348361247387,1.6654763435303912,High
-1.6449489653826737,1.8022971716295306,-1.3584846202081566,Low
-0.13836461357012195,-1.7221104590706844,0.03644520710243507,Low
-1.7659493194371396,-1.2492667577042234,0.7689235356081228,Medium
0.7724133931787087,-0.7047675855638641,1.07812091028842,Medium
-0.7508505252365961,2.6042784740955844,-0.1657445550331214,Low
-0.15718255970498718,-1.5404902432153942,0.08272317097454573,Low
-1.642153235368518,0.4176012495984122,-0.16743443129762983,Low
0.27734840490274476,-0.11308863555064039,0.557750973813515,Low
10.226403669694754,0.6928418811745647,0.9629596994710499,High
-0.11302808124296525,-1.3755416761281356,-4.026133682012831,Medium
0.23301442927245217,-0.9162746436758005,-2.0807197004024824,Low
10.763047745714507,4.223493571731221,-0.6443304329484766,High
-0.04082216321328333,-1.563081966533575,-3.7972305959980988,Medium
-0.8780464593622397,0.23549184990476307,-2.6285114024547154,Low
0.8924948122029982,-1.3066791921831273,0.44731691082836994,Low
-1.0803924999262453,0.7872750398905748,-0.6773475930304296,Low
-0.9571917332227524,-1.4201461067547712,-0.7889523883988615,Low
-1.2704886717455408,-1.0923491837505017,0.8170554191166659,Medium
-2.647022674064204,0.15218830947928697,1.2445130443040289,Low
-0.08701796116186566,-0.5787255166854262,2.174293161592954,Low
1.9255887749534033,0.8506010910408518,0.9139604550417646,Medium
0.8481132933187764,-1.4876819059457835,-1.3349408902338236,High
-1.5292098672116645,0.09820463834745272,-1.9164104499088694,Low
0.11657745547754345,-0.7475606948264968,0.46876006985067425,High
-1.8236473774722295,0.08376462757253485,0.05670343427498594,Low
-1.3671870250715836,-1.2023843335253535,1.0114756452576505,Low
-1.6678854137965728,1.1187791036081165,1.1499327351896897,Low
-1.4937428338244443,1.2405538822762563,0.7888250870001678,Medium
-0.7212420169857792,-1.42395222643531,1.2177499373767824,Medium
-0.13340029117936883,-1.1969166159209847,0.45950094543242037,Medium
0.2638286178674579,0.6610394592243616,-0.008182989583512622,Low
-0.5671921925892085,0.43980276856862865,-0.5502496533814227,Medium
-0.6944099197254021,0.06034085209066855,-0.2922058339645657,Low
1.021894567400925,0.3327117610259334,0.15946955552335357,Medium
-1.3547232878371909,-1.0802183591196917,-0.9864915644664269,Low
0.9856512099551217,-1.1627106851713005,0.044381338191490045,Medium
-1.6761933816921695,-1.1743027745257675,-0.5151689300950156,Low
-1.656225467327843,-1.4658375202157488,0.44759084415327866,Medium
-1.019049467088477,0.7699187356528713,1.538250447908479,Low
8.888330958372547,-2.3260824780402816,1.2949794490838464,High
-1.2436410099312365,2.437966076370328,-3.24602463380327,Low
-0.6191400571850865,-0.22422194631921033,-1.0452175957911851,Low
-1.6864545045677253,1.6530805991509152,1.0360892986924182,Low
1.1396829614858115,1.708539725365055,1.113381219879678,Medium
-1.692641467531854,-1.2752154403532154,-0.7129255119998914,Low
-1.6880789927453248,1.2176006160095663,0.02430118137836141,Low
-0.49748692226302516,-1.9352817241405784,1.8549232718275417,Low
-1.0584151428155786,-1.3794062362450705,1.2238244681540595,Medium
-1.8922922388149208,1.076693012826783,0.7221949773442596,Low
-1.5352616940355848,-1.6008990510182144,1.748791210770008,Low
-2.1649420794543137,5.5827113043731345,0.9038191611204346,Low
-0.8489774706850352,-0.6998246116477684,1.5227055135370564,Low
-1.075336897192193,1.2588701419454382,0.6900545732198176,Low
-1.5801653513928404,-1.1925894855621029,0.42004919130612745,Low
13.115019473257949,-0.017879015491044984,1.3798556115814744,High
-1.581174397778394,-1.7619959784965176,-4.389219619574036,Low
2.642429393796457,1.138729262485262,-2.325715280935628,High
-0.8565501368604943,-1.7619105320865622,-1.6673110116920464,Low
0.10311892202201278,0.2679227888441727,-0.9917372256523983,Medium
-0.8599399181462466,-1.4280643245332498,-0.508437089165185,Low
11.325443462172956,-2.0891400425903117,0.4492800944676585,High
-1.9108554721225162,-0.6288386903188616,-4.027154945224175,Low
1.0708153756703558,-1.717618168078771,-1.533205414094264,High
-0.08219143867098719,0.04472368908527532,-0.6717407415916021,Low
-1.4279323618867183,-1.6583206630215104,-0.5637947595987709,Low
-1.884031022429756,-0.9859030033115419,0.21941000231146507,Low
-1.9916974679085333,0.08838719755268015,1.5097005833020816,Low
8.699361152410049,-1.684379810180277,2.4568115337797067,High
-1.368605536923454,-0.6665650220589704,-2.8288190467410037,Medium
-0.4275461369594573,1.2959223426699502,-1.6590609760753474,Low
9.651789091567796,-2.089360607931817,0.22174869237849995,High
-0.9401728376990289,-1.454686080222853,-4.028929425647004,Low
-0.4815306820888581,-0.6404840019127321,-2.44839351778918,Low
-1.901463697914145,-0.725177445192382,-0.09023053092280993,Low
-1.6358631176643648,-0.00328178654833541,0.9083327344143339,Low
-1.958390499495224,-0.9545960852482408,0.7348553237601995,Low
-0.8483268726063989,1.2595359023762709,2.2804018458517596,Low
-0.8514466892212272,-2.027265572453337,1.2963612985060513,Medium
-2.5670486408238653,-0.695556865172147,0.21334858299512555,Low
-0.03184623961973909,-0.9725217327112111,1.6532607418107526,Medium
-1.678148461265398,0.24375256286676866,0.36127981069712295,Low
-1.2355959597576747,3.8656423723765836,0.6098706833133823,Low
-2.0819269793124033,-1.3816827579667388,1.0970382421552194,Low
-0.7580530951618679,5.515305470355392,1.0714779381293873,Low
-0.1457028689665074,-2.1898776722475035,0.8752335308819562,Low
-1.725801496036923,-1.4090590669438379,-0.16439434618268825,Low
-1.6694082600692237,-1.0003140328813198,0.4705950063047846,Medium
-1.729274057819046,-0.6884108084738149,1.2239375053956745,Low
-1.350057818700891,-0.5727143934207545,1.4038603809471382,Low
13.739904548677018,-2.1890754564293853,1.4871591323748496,High
-0.5291794234891184,-0.5836074094675762,-4.380126902502164,Low
2.7445450117537034,-1.109789851452827,-2.725761817178445,Medium
7.60291410013736,-2.100057802926332,-2.4743811989972224,High
-0.2268538453283498,-1.1238402446813918,-3.7564325055973846,Medium
0.014740480462096202,1.743808302539225,-2.167230105401795,Low
-1.5740557072101642,-1.2294518884324916,-0.33663293176538067,Low
1.2311075760358976,-0.24517442768564976,-0.27951046637263316,High
-1.2617468238457954,-0.48833256493454563,-1.1120929529583845,Low
-0.6897199098357587,-0.9294377736193689,0.4608624868841196,Low
0.7478820418622054,-1.126264835634775,0.8511046198152361,Medium
-0.9800069039824753,-0.6741646906559471,-0.7014139510022311,Medium
11.38733823180909,-0.7677629179440487,-0.24196805641212052,High
-2.1562063398085765,-1.042087457793408,-4.186975663192712,Low
1.845924585392645,-1.6037525325573438,-1.058766345769456,Medium
0.3202053485675814,-1.6174440027940806,-0.6234813971405259,Medium
1.9492402905037394,2.332506069961593,-1.2912798607745541,High
0.1884937626293979,-1.6792222878400125,-2.233014746777194,High
0.4941094093697765,0.5774741647785808,-0.9347546847881688,Low
-0.07853227477629979,-0.5415260037906289,-0.25530637469514955,Low
0.34960829150181394,2.4247763276632064,-0.34491053884626155,Low
-1.3852911847019722,-0.8048523467472837,-0.5619708806474801,Low
-0.5228166128878032,-0.6242834071968586,0.8403159496148069,Low
-2.535436108185052,2.150508797067926,0.5840493923773825,Low
-1.558790279233155,-0.08101306676017955,2.1904219589544787,Low
-1.8570537043761621,-1.432372526282069,1.9236946456661843,Low
-1.4349575664563243,-0.8636500759177904,0.9227620225696578,Medium
-2.3279865131142237,0.8950329881321353,0.8707078905570107,Low
-1.714838058918939,1.2691140123597051,1.425526405600207,Low
-1.4509009066313638,-0.5476623827524445,2.784564459710035,Low
-2.427759003355395,-0.42402633062209044,2.5535664862922047,Low
-0.4413396737402166,0.2505192035106374,2.402412010051605,Low
-1.0947554968302249,-0.9302954978321512,0.7117652979953486,High
0.476987607754993,0.14092368071645733,0.4098373733302853,Medium
-2.258115486880029,-1.533523588976605,-0.22259409823656826,Low
0.5493966125918485,3.4150511377905186,1.284774272913676,Low
1.4210344253201599,-0.2527513307570467,0.8986943347114024,High
0.781482813255456,-0.4855600914819188,-1.0734894212111123,Medium
0.6770098816930631,-1.4424623228594162,-1.2297640114714454,Medium
-0.6004824019241025,-1.4758220003310791,-0.9358888720934457,Low
-1.8534573962636092,-0.40629055249299234,0.160837915265443,Low
1.12346065382818,0.7556612338463166,0.8617107136701894,Medium
-2.189257155463727,0.14266812736521345,-0.4568530405984553,Low
-0.5565777240627301,-0.711207812722904,0.6652469100233348,Low
-2.3628864357844237,-0.1938639294287369,0.4333033349389542,Low
-1.5364583043345943,1.4430420603311231,1.476922594382075,Low
-2.1506074312017938,-1.925540416300791,1.5934179168240008,Low
-1.3540151387117036,-0.6508122797040633,1.6253291173301267,Low
10.005497681751597,0.7978568251722705,1.5841977281704307,High
-0.7644344404761352,-0.36840494841574156,-3.3364754342279372,Low
-0.5649805775626346,0.4515362550548689,-2.4519207696791523,Low
-1.0667876248020096,-0.39632256980943426,-0.05850088769428221,Medium
-1.0817888230125707,5.063714837368696,0.504002082249658,Low
0.7187429922505151,-3.046293281812239,0.7801891526960028,Medium
-1.6053035058590255,-0.16447985918621363,-0.20656481743608146,Low
-0.5061850495285336,-1.5421623593884803,0.8555602168267149,Low
-2.661371729564333,-1.2579169919948539,0.5625250232669377,Low
-1.1955501624522726,-0.7721949646587664,1.3303635567465097,Low
-2.1575213071800086,-1.1743434546247735,1.3670813689581434,Low
-1.1703298487359228,4.817239861987328,1.337002660897121,Low
9.72327072243253,1.3718147102507976,1.7878341238071211,High
-2.1251686759794026,-1.5986302343735013,-3.0827583872966517,Low
1.6833428712772713,-0.07703755401294374,-0.3912982889178992,High
-0.05250947924680832,-0.2924151461610042,-0.3126750035445723,Low
11.874180565611478,0.9755883498222617,-1.4417469431574548,High
-0.2141920576028873,-0.33122177563988364,-5.258871356358171,Low
-0.9123627234462698,-1.8603434303009305,-2.9653977485014096,Low
-0.6915976545180642,0.22748974441192277,0.1511411282236305,Low
0.7644360157040987,0.15874996768793423,0.42880600331708135,Medium
0.6608807484201303,-0.6556112267671668,-0.8065740023329557,Low
1.9329284976398964,2.8487869083692403,-0.7818613583872549,Medium
-0.9859197706069783,2.4433324852281286,-1.6716120955430007,Low
-0.4243886612601712,-0.8063799937812277,-0.21880824277491645,Low
1.1519029674938959,-0.14571697746002715,0.14332139117601045,High
1.3527430832213196,7.186101458687005,-1.161483085986316,High
8.160075631772534,-2.7307717838407393,-0.593099439741266,High
0.31237409229397856,-0.7149373413805814,-3.9952957423791164,Low
-1.6339409970187093,-1.2533585699444119,-2.2599195577751043,Low
3.276399438877645,3.125638739112215,0.7275879655716754,High
1.0789555919662543,-0.22548928478278144,-1.3872540249864385,Medium
0.41592427495529233,-1.6861676019383278,-1.9111597074913615,Low
-1.290961564660474,4.167706932293575,-0.9885769001819943,Medium
0.10518553576335649,-0.21998617152990593,0.4238462029127317,Low
-1.830634206804908,1.1391529637625781,-0.2971882556002019,Low
-0.9035869709024826,-2.1106534045008165,0.8163735664523037,Low
-0.4151620332091356,-0.215204534170323,1.2683391401190007,Low
-0.7598710705716561,0.751980167120939,0.32055104885623487,Low
-0.9027779746308695,-0.7400776485644275,0.15231873608375174,Medium
0.5478413648916431,-0.4565429649165912,0.2608124828818892,Medium
10.288549068898083,1.3776128340828147,-0.12049504216636224,High
0.25240228472253257,-1.5333632279126825,-4.346147165371517,Medium
-0.614081659450924,1.9558720222288395,-2.880165418097351,Low
-1.2615854653470653,-1.542482147864928,0.0521357232539511,Low
-1.2850277461456072,-0.9248517633570668,0.15721908400527432,Low
0.7089836926630599,-1.2392097192541154,0.7044433815127502,Low
-1.7049409172269847,-0.5415020587887732,0.040739462624146,Low
-0.47175385773065004,-0.8389705247746676,1.0988662049798932,Low
-0.25643509210752835,0.4350206601598805,0.7586575196739236,Medium
-0.18199708518626215,-0.2791431021001611,0.197116801656769,Medium
-1.077841944204755,-0.8833975161692972,-0.10288707632298717,Low
0.7870550024263073,0.36836069995069953,0.6389564691086059,Medium
-1.805507519842681,-1.5421460212403886,-0.26499738422243274,Low
-1.4416073670959848,-1.266167306366686,0.09979263723458215,Medium
-1.2069123417202927,0.334203950718278,0.8415100432338822,Medium
0.18787272751454984,0.09479096595660978,0.8804153591194724,Medium
-0.007771325631021605,1.535895305920424,-0.22709745853979588,Low
0.10827191261844699,-0.894286551868428,0.11168822187030573,High
-1.1345909323849095,0.9844732019813606,-0.3921928400826369,Low
-0.25881702991448347,0.12111351017572464,0.16955910978375813,Low
0.6811208329990153,4.126556435729449,0.12691538685526835,Medium
-0.9392396006323063,-1.8567877819214358,-0.605722714120552,Low
-0.7283561706129059,-0.5516437717854853,0.010708851827433339,Medium
-0.8971103198589182,-0.17755521425745188,0.40928747652513564,Medium
-0.7000850375406843,8.63380445215201,0.1535685841169195,Medium
-1.3884545661321914,-2.907522323842286,0.7195554196045291,Low
-1.285131439009126,0.17357203387216502,0.9464192062947427,Low
-1.811423970568095,-0.9277298885210522,0.2648572923973044,Medium
-1.5851002713658384,-0.7297787564129783,1.0294134104855082,Low
11.243599314965428,-1.7200340640957235,1.7609178640315848,High
-1.1248288584596065,-1.52576419896675,-3.7716484064132665,Low
2.6653007573583003,-0.26250767248434703,-2.257979659814118,Medium
1.4037034752981137,-1.249189018450348,-1.8016149936998613,Medium
-1.8011202403466149,-1.240714342185933,-2.2008037702742174,Low
-2.1318563998216,-0.9529460747127729,-0.2031972345419887,Low
-1.8079244502086895,-1.233374921083406,1.728008683564958,Low
-1.572292155683184,3.2424036026465073,1.4883879399902173,Low
-0.5490017057780794,0.024321911459818057,1.80096326366593,Low
-1.202687854679381,1.5553266655678757,0.858492690151067,Medium
8.12315800544551,-1.698007662712173,0.7401872520714218,High
-0.23951258901422195,1.9142695367905125,-3.1091052109070256,Low
0.9961776280299045,-1.3152993346724793,-1.4458343167985772,Medium
0.6106281098174695,-0.4626191826637246,-0.3005307439371903,Low
-0.8012541984811669,-0.2664496805478272,-0.5236030481661488,Low
10.044842040302576,0.3224860374855151,0.08494580454835174,High
-1.740412029748575,-0.6134692882262994,-3.6684745724018284,Medium
0.5256240541119525,-0.7975660305964742,-0.672124028903638,Low
4.165886490633892,-1.2895524157061409,0.8197660867947194,Medium
-1.5540071051499535,0.42910386979419324,-1.6157196805483869,Low
0.1100425443041621,-0.818333504447565,-0.4490343203342788,High
-1.882936964086876,-1.2965379132700638,0.727801929606585,Low
-1.2776680695132676,-0.4916876812985603,0.7918734465314509,Low
-2.2506894783574407,-0.6907465106754361,0.6730574884283816,Low
-0.6231386747781673,2.5978433669854786,1.7213855973319412,Low
-1.1984123315506763,-1.657331136230863,1.3889221917828114,Low
-1.0889376836434959,-0.7471914703554288,0.7046745561489078,Low
-1.0846334344999182,0.9823130982961212,0.5063533563060186,Medium
-1.081447666317165,0.0247880961462998,0.948559961711286,Low
-1.5186486720145422,-1.073215453500455,0.586699419967986,Low
-0.9159796022872001,1.893479405534855,0.6329798744804926,Low
-0.7543278326194852,-0.7708248094757422,0.27058425719116846,Medium
-0.4557929276884122,-0.3684004649401945,0.6326938132410413,Low
-0.6575354777656283,6.209206409715527,-0.13097170184919618,Medium
-1.049748447145836,3.0265341745021264,-0.23803848589502735,Low
-1.713366527411973,-1.6479518592028815,0.6351722684667965,Low
-0.6091422223968027,-1.122243464741273,1.4129012833223034,Low
-0.5398163234166364,-0.3569043538158863,0.35380359397735267,Medium
0.5543956602596118,-1.1004129568031575,0.202318926396163,Low
-1.8323890117858466,-1.4295520232173113,-0.40956479906478466,Low
-1.753522003544103,-0.3074385535598513,0.6695164527432631,Low
0.09422950716795259,1.768342544846156,1.1702808312924338,Medium
-1.2696008894028006,1.6522785470672225,0.23060388249602676,Low
-1.2620450714142146,-0.9577596886881201,0.5552834544865894,Low
0.3058639240255845,0.4044181218139515,1.1457978592381126,Low
-0.7058438062536775,-1.811403338782181,0.09944307090904206,Low
8.457500548990318,-1.576415232199714,-0.049276616700745075,High
0.07265620268862694,-1.8080577927886448,-3.0620593690401843,High
0.06724336974427042,-0.031102517011696734,-2.4930509821918796,Medium
-0.4722460868789823,-1.578394141141263,-0.37325662442804103,Low
-1.2897488697070423,0.9110981326867573,-0.561071368380928,Medium
-1.4018098251896407,-0.17055505805363796,-0.03310097466938827,Medium
-2.911334806305493,-1.4452986744027914,1.3494950259373544,Low
-0.25734627775122426,-1.3090358636901216,1.9889678330719283,Medium
-0.6570713450357246,0.8621688404857092,0.6132066980773194,Low
-0.5880613472786758,2.4352917948303627,0.14365302039302785,Low
-0.501154036442239,-0.27791435086555377,0.04681533999308613,Low
-1.5426018408085753,-0.9852163346334694,0.15881958096049378,Low
0.9825606933514405,-0.20338489330617213,1.2504690634004079,High
-0.4672081382814468,-1.0614652957329795,0.007720736052919908,Low
-1.4286522201522103,8.686637084461518,-0.8214388947418757,Low
-1.420709182608669,-0.7809119939360057,1.0508254177367726,Low
9.513077766139624,-0.5556898832445311,1.839515524005942,High
-2.475909346606111,-0.8442673257172942,-3.402474942537036,Low
-0.25463721291041985,-0.12668009500485894,-0.7983792534631842,Low
-1.4813953323181022,-0.7987469130138937,1.1559606597247156,Low
-1.8525074934371943,-1.4500195779062108,0.7207118838710282,Low
-1.0127931734643918,-0.8679629830962077,0.9122232681539613,Low
-1.6043434082562538,2.5065506927550696,1.0940333983653043,Low
9.360091822161648,-0.8053863264871179,1.3925130582987575,High
0.8095869225067679,-1.9700271391932438,-2.349970724623165,Low
-0.20400685205367838,1.8436853074126247,-2.32832398555264,Medium
1.1803000721510857,-1.9598327627989893,-0.41171032676329444,Medium
0.6676513827223773,-1.2196554159843285,-1.0515893192567938,Medium
-0.48850761768674866,-1.1670522033403876,-1.5756029075946458,Medium
-1.605206992633946,0.012356256224194836,-0.009074467108180405,Low
-0.0751269264743855,0.3332649049789594,0.7424907497121598,Low
-1.7208523254897834,-0.8374096207779558,0.05993970593576107,Low
-0.7064929067301813,-0.10502144166931676,0.9067460987254292,Low
-1.2637108582071555,-0.9521254706099956,1.145190736210546,Low
-2.2960756329010468,0.9430466653634425,0.8085629205065525,Low
10.283038912363073,-2.2582955584421542,1.8725049368321542,High
-0.5474788301102097,0.6186715994347417,-3.2614310146673695,Low
-0.883451588580907,-0.1075613586494417,-2.048483530421101,Low
0.27794824706687477,0.7945418144340995,0.6453179589724866,Low
-0.18844157066242215,-0.5306077649118585,0.15926464878275307,High
0.009863713711280954,0.4377999457955059,-0.9301204207732986,Low
-2.461801222596757,-1.6564432071932438,-0.30985977115636604,Low
-1.855679504494266,1.4156149990833398,1.0407284805289154,Low
13.22234705184893,-2.7261642453211903,2.1742411588922033,High
-1.1008250590190802,-1.5128349569297268,-4.301648433666834,Medium
0.26531620221197544,0.1448910935644091,-2.2820354913640095,Medium
0.6220705267694513,0.6149328813983947,-0.12288004843891544,Medium
-1.6793385485259542,-1.702086808647333,-1.0391393999535565,Low
-0.5542322524530823,2.867702588623369,-0.5256248793634314,Medium
-1.9266549793805456,3.6997988643350386,0.4143705420040339,Low
0.40733750976131067,-0.9855082193839464,1.4465477058212315,Medium
-0.9258535045310884,-0.3961952238407202,-0.02290665188213851,Low
4.491847111978962,0.8690354086733443,0.31688319266515697,Medium
-1.104740581431543,-1.1633353854564905,-1.480921157510587,Low
-0.6892518424324066,-0.09051543761053375,-0.5061851693675854,Medium
-0.3622927029366028,2.3786687766839987,0.6939493030653654,Low
0.9188803149619943,3.5919964661103654,0.3964283292024931,High
2.1464616750954177,3.813736217391804,-0.8312684992155973,Low
0.5101914946362047,-1.9573001857430568,-1.6620240407230888,Medium
-1.1590241682746378,-0.9194194082201057,-1.156624565924615,Low
-1.57950094607424,-0.9547946983902341,0.463445239614985,Low
-0.6756736638246059,-0.503648253535533,1.20735940876122,Low
0.6748594628268435,-1.117509835130994,0.6194310150510263,Low
-0.7886297736200288,-0.7655647931232428,-0.6416473197496585,Low
-1.8765391189000302,-0.10435777224881763,-0.11675614522283283,Low
3.3171579904590387,1.4063910424457722,1.8817276410632275,Medium
-1.6797905370025292,1.0502233559837544,-0.6151794179288488,Low
-0.646630423911775,1.3262430442950237,-0.25833142494563277,Low
-0.8945359819255024,-1.7611062219468627,0.5467854448927224,Low
-1.295990680349634,-1.3480032968456057,0.38282866838226837,Low
1.3606709661781995,1.3864450572144849,0.9046320376726208,Medium
-1.5987278587144274,-0.44337449387503947,-0.36474726680727576,Low
0.8698733371364725,-0.7193730236080345,0.14699963807685038,High
-0.5353509231459727,-1.6327686095160694,-0.31036658478802376,Medium
-2.0510374041346577,-1.0457516553736774,-0.7510542373567596,Low
-0.8998161657939299,0.05604071808703764,1.2511201655852517,Low
-2.012362392329161,1.9439080245274944,1.3305669606330408,Low
-0.6085797818589855,2.478229013990789,1.1148239423886825,Low
-1.5116714544098955,-1.2343838201096369,0.8996030462444801,Low
0.21567395883823096,-0.09362027188103507,1.0909795661916302,High
-1.6714305195632146,1.7562036253034865,-0.33692695177571086,Low
-0.4555611438576032,-0.8767901207385472,0.5607893456596348,Medium
-2.565265498802412,-0.6267494031452233,0.20849694999509183,Medium
-1.6453661963210382,2.4935520345770525,1.3963623999752544,Low
-0.4182156744623966,0.3002789304532513,1.9167664295787894,Medium
-0.023914251172578276,2.2562266211483752,0.41694283436196794,Low
-1.6514906315891282,-1.7629677588403556,-0.3351721549365158,Low
-2.3956588310173155,-0.5897491861283328,0.4055874046318712,Low
-0.12327474503091157,1.3273797472767732,2.020989775246377,Medium
-1.8848152094337671,-1.764176429341655,0.8322086148250011,Low
-1.1389971684009406,1.5903701868184181,0.9169085199836707,Low
-2.5762574010550656,-1.4715612519491357,1.148147436203894,Low
-0.1487971993705415,2.3344208671052167,1.9666995118216581,Medium
-2.0946806723560334,-0.736675917442467,1.6192898026886795,Medium
0.521187266596188,-1.2104997675728906,1.9827661483806387,Medium
-0.1346590450389745,-0.6268872836712502,-0.09132281132021589,Low
-0.9413650733867198,0.7006051120287745,-0.575096670530706,Low
13.113481100673827,-0.5439196627701287,0.3110621528902448,High
-1.5372096206352721,-0.5868684543235626,-5.212980292095831,Low
0.14199089355910308,2.026635060497853,-2.4979555820706585,Low
-0.7411131401858461,-1.1669911618006115,0.07019900539668895,Low
1.861201069611078,-0.3383785268802827,0.319597363994143,High
-1.5510082807481202,-1.5695908859103598,-1.2779168783173251,Low
-0.24918767624969568,3.123931565119841,0.7896885512789255,Low
-1.7637999317238935,-1.5335821586961786,1.071749763161659,Low
-2.2159158680013378,-0.30423777017337394,0.6836755637013424,Low
0.26644352074014005,1.4035461625189987,2.4002463786816834,Medium
-2.236991363365656,-1.4876249649635036,0.5217940002004636,Low
-1.1448689533422252,-0.19569755121403695,0.41689205274044555,Medium
-1.3275746453615047,-1.1470846080736574,1.0554421985004172,Low
-2.3926904415077486,0.5263713915488026,0.6739899193406325,Low
-1.7852812124957627,-0.512661448840626,2.034064324017421,Low
-1.0525444181809862,2.447596862454702,1.816255670356192,Low
0.34770375223510663,2.246964542679634,0.43729464471658613,Low
0.4930773635952456,-0.4936415076418191,-0.3926353678742205,High
1.03618933593929,0.33160019080577535,-1.0115455778667446,Medium
-1.5509793669620637,-0.5203741627468589,-1.1187971257182612,Low
0.26653830914842314,-0.6894477225437746,0.2506230760432474,Low
-1.500152280387507,0.21588985020246282,-0.24526315519046052,Low
-0.6056308309751948,2.5744104817672584,0.5007449180996333,Low
-0.9728466476747665,0.24306167492992725,0.6255327254893627,Low
-1.9922856638885582,-1.2115445131265252,0.7669795518613187,Low
-0.5306719572448779,-0.13213014930456574,1.767643943916607,Low
-1.3744434264509198,-0.9251998539563223,1.0686807981271071,Low
0.6204151831264904,-1.23044497438804,1.2037971310350306,Low
-1.0653489244273118,-0.4317456307498465,-0.22039375690441468,Low
-1.0783893292135631,-0.4593952403120522,0.3502014312028605,Low
-1.9353834341249996,-0.5296990020059021,0.7282048238573273,Low
-1.4093848987012882,-0.9254866645885969,1.7279764949368368,Medium
8.902425020706552,-0.010117193090232363,1.6697973048841843,High
-0.4923899770680385,1.4126082894033622,-2.8345722326328664,Low
1.4178959451388822,3.0344511462033967,-1.4762943677160387,High
-1.331916422181011,-0.5552669329622445,-0.9370963502331208,Low
-1.379242664095585,-1.611176734540465,-0.3223309551437892,Low
-0.46211473937745096,4.885269100901045,0.22945726582296677,Medium
-2.3011906832058755,0.24626750818905874,0.1256292202956079,Low
-0.36645008756383624,-1.5397625890660407,1.4057552922183936,Low
1.0889820336131601,-1.0963533764370026,1.285639428854898,Low
-0.9622685343304321,-1.4080719510662507,-0.6394305481826109,Medium
7.565094395188035,-1.4582881348868089,-0.03887448063640541,High
5.206775787840454,-1.7046067533027045,-2.0685155815698635,High
8.971324907445027,2.950017017575418,-3.1018814851459373,High
1.7477446358834674,-0.9641156876083377,-4.383821528904417,Medium
11.315758398960535,0.25536391181482176,-2.9477658740483235,High
0.011912845748416036,0.900305414473177,-5.548381367886732,Medium
-0.429677432864747,0.49342839032543984,-2.557477097095229,Low
-0.865039862949569,2.235208094924139,-0.18581374318235166,Medium
-0.9406273083024443,4.081917374032181,0.4413504440932494,Low
-1.0083857708274462,-1.2529457607358996,0.39174204423022563,Medium
-0.07984906547485551,3.5495362221026436,0.4304810929011475,Low
-1.8439759497819106,0.3013727155363753,0.3097788740160171,Low
-0.800566493595019,-1.327558184455383,0.8959798150749158,Low
-1.746482575414034,0.8264643508093896,1.0467131813460324,Low
-0.4666585325463992,0.3864243670502898,1.2968539946683393,Low
-1.3977307911028358,1.472860099233562,0.6308866083271577,Low
-2.664915933685027,-1.506880898159298,1.1037928736747982,Low
-1.455621664784113,0.179454835010821,2.2946096883544436,Low
-1.946615673265496,-1.5808237208261597,1.6471313433107575,Low
-1.8787568126806848,-0.6956082643242508,1.0654465954069938,Low
-1.8610168737724266,-1.2854605133052652,1.23371250189969,Low
-2.0672838007883945,-0.037779365989678675,1.1512697941131984,Low
-1.0204151649678725,1.8904406257131454,1.292975635835909,Low
-2.142118155458477,-1.3835785226495005,0.953998154296633,Low
-1.0410321973374081,-0.3393185934613674,1.2765377573719132,Low
1.613347314249037,-1.3813177821479565,1.3371546862151888,High
0.602428334567213,-1.588710215943178,-0.9840783582843424,Medium
-1.4045729844229216,-0.05376694797011131,-1.3605849335762714,Low
1.1865614969006284,-1.8805624720943936,0.24023681225221277,Medium
-1.1727344829084116,-0.1258095392334663,-0.83482225846043,Medium
-0.8853104285900003,-1.6766985016338676,0.14055367396372667,Medium
-1.8876233868324321,-1.1263550942006952,0.6551855813418598,Low
-1.184847675983127,0.08699649234725661,1.2797450392549674,Low
-2.3200891671827883,-0.012947566568337279,0.8204792069088119,Low
-2.070122592218228,-1.7120873129150331,1.8140265366898372,Low
0.9091078435468604,-0.29635833716728793,2.393634375485903,Medium
0.4950548830747055,1.6586223584936406,0.06126067016119029,Low
-1.6374710831924368,0.15703203472180607,-0.7808453583470677,Low
-0.28810614448656086,-1.6956532905283628,0.3934952504627507,Medium
-1.0122260675927073,0.399736534384359,0.10142723562716333,Low
-1.8575866628595348,0.06928877807939124,0.13294549547792012,Low
-1.3963735748323514,-1.8258575156826684,1.515520215102312,Low
-0.3487761362544377,1.7854193975521437,1.3429651538358014,High
-1.1074235698825339,1.7732752021770257,-0.014823934648155502,Low
-1.5936915702496806,0.7503791014542651,0.11581881866833237,Medium
-0.477159024901303,0.9096699094736799,1.2148673519951783,High
-1.2376488032673043,0.666531864557719,0.06136428739597382,Medium
-1.542297612098826,-0.017770723944790876,0.5798552420743479,Low
-0.9961807291073557,0.40162069240923937,1.7200579774370657,Low
2.3689198355609538,1.7174902532942156,1.3574457018142234,Medium
-1.8544697522766413,-0.12871396714971645,-1.008059312332713,Low
-1.1210909985705728,-0.9532861680335263,0.11952040476033506,Low
-1.2345364688210505,-0.8049104341685708,0.9057564351986052,Medium
0.6367602335532628,1.6752885534613635,0.5309848816119239,High
8.588549842862808,-2.701464576527322,-0.015354294388616347,High
-1.3994473412677066,0.35312110521856077,-3.001450368513429,Low
-0.025874002199671474,3.799821133299185,-1.0580528313912418,Medium
2.0841506415113864,0.4270104697521371,0.43507776499787526,High
-1.411369792601633,6.2740562424429465,-2.21727242436956,Low
-1.2518394782108002,-1.045486321284768,-0.35039934004255413,Low
-0.05040126761024133,-1.872000978113276,1.362088629910872,Medium
8.425228726113343,2.147386422751909,-0.39125855573491175,High
-0.8611391407833133,-1.5469260093678685,-3.722892741709571,Low
0.3561657731070248,-0.3246190080972576,-1.9458100234315931,Low
7.180465544944199,-1.7564531214318326,-1.0098922504645438,High
-1.986025884419842,-1.3937902539073854,-3.275842131972602,Low
-1.071184156083712,-0.6563087043793462,-0.9166768189442703,Low
-1.3461260923243445,-0.5091658188500903,1.1501820654342083,Low
-1.0578555393789113,-0.3595402195972395,0.4844421002841028,Low
-2.0325786871149893,0.4313037727226228,0.2576052529915553,Low
0.9594013250281782,-1.4276306389787776,2.4913500637180377,High
8.322712098936933,-2.0560237311101255,-0.22866259014772394,High
-1.3197918874954193,-0.11398000056930134,-4.350546178632888,Low
0.5895750347050119,-0.4176582384692598,-1.2775723346236911,Low
0.15441780738979635,1.5107651154171247,0.14966542223109228,Medium
-1.569015594585039,-2.0538878901267354,-0.4737702872812024,Low
0.10055728247441287,1.4182197762217468,0.5734810042546273,Medium
-1.814423592570798,-0.48099001922467816,0.3922042670780792,Low
-1.8747045858594245,-0.5340044096813455,0.3673537954041226,Medium
0.660180160357986,-1.8349733794374907,1.665541675632527,Medium
-2.627142086258239,-0.5943184787733163,0.06988391646400975,Low
0.5616297777941919,-1.4023529271755726,1.1452882673178508,Low
-2.2914553602602536,-0.9669965637243264,0.1477105114155859,Low
-1.128589660683048,-0.08217294961536097,1.232405236292074,Low
-2.368452660665702,0.5452561292480708,1.1269227507564707,Low
-0.4338209865989822,0.4796885210283566,1.8013506507316503,High
-0.36247883119970387,-0.241959570662295,0.790217006780916,Medium
-0.10988751047308391,0.2163011825021247,-0.04957826973567767,Low
-1.630447009429781,-0.7475244478671116,0.0708567909171867,Low
-1.2118720053370522,5.111788828619796,0.6183765540159611,Low
-2.3977363182512086,-1.4321829532702537,1.2259013543326382,Low
-1.4862897001013726,-1.4533920961379514,1.9072275886270105,Low
-2.2348796379515212,-0.7401765446385842,1.8083098999615597,Low
-1.386435094869502,0.13337292822594138,1.316069092865007,Low
-0.10040720118797093,-0.16197455133411015,1.0371455290618092,Low
-2.2378647031567502,-1.6708921006310344,0.12481811477005687,Low
-0.9524925546690634,1.9782798733708484,0.9080458359967525,Low
-0.576479071937485,0.9807379165118804,1.1791394322824682,Low
-0.41449194843842835,0.14555674115228923,0.23615862324843623,Low
-0.4667678575856255,-1.6697445710125776,0.030457392667457422,Low
-1.6125314752718134,-0.5925580846136823,-0.07545897618390561,Low
-2.32816666899611,2.3338437217549166,0.8572000883772712,Low
-1.0229729746901604,2.021894906197542,2.051696927837821,Low
-2.3227989473595394,-1.4038238492877158,1.1243949642458217,Low
-1.0143533356497572,-1.0966803000160907,1.3653305325573755,Low
-1.9371306229280394,-0.722918990170503,0.9060181761096794,Low
-1.3144361376068487,-1.040740555697128,1.3525276048356594,Low
-1.0608661226699831,0.9888321991155463,1.3425360243014133,Low
-1.6275080383855909,3.9195808707762327,0.316166799531056,Low
-1.4929001159715476,-1.2145564789627026,1.2076011374416153,Low
8.420190849250323,-1.9019665708658702,0.9508748080831566,High
-2.0410053474924954,1.468618071794355,-2.802261949859418,Low
-0.3065918915475566,-1.9995477368316668,-0.6030377162210728,Low
-1.7206284245603927,0.49149078298024407,0.1660983696456427,Low
13.085268132575,0.13538573522329872,0.6971464622869664,High
1.0486407009845107,2.749812506449985,-4.891267343048809,High
11.04096775046072,-2.467070890637569,-3.3349190118644034,High
-0.9413611481061109,-1.6368495041888385,-5.012851682249588,Low
0.845437696101921,0.268144107684591,-2.0152999787600434,Low
-0.9509442172062201,-0.525243742759824,-0.9282307309281439,Low
-0.8347102798717996,-0.9291431536230729,0.07212021480176738,Low
-0.34148336193081735,4.741995539252319,-0.11818429358858318,Low
-1.0437508903457386,0.7328383272054302,0.37233996895033894,Low
-0.5405969200275016,-0.019150905256661598,0.6313583795409468,Low
-0.8353980152961205,-1.6789174514123697,0.1834303018237923,Medium
-0.6096805049031861,0.8751750929665525,0.057012493516146574,Low
-1.4348410910761558,0.8621532911608115,0.10034902964404266,Low
0.0058608668984320225,-1.2011620983085873,0.8090297907366559,Medium
0.42926301920734083,3.7035802809157934,-0.03160312944143663,High
0.6912697915762275,-2.2423312325227567,-1.1285905410445376,Medium
-1.4732181726764797,-1.0945464542951204,-1.5158727380798054,Low
-1.3264587667364032,-1.239397456084354,0.3925663918585148,Low
-1.121460467743799,1.1979956724495835,0.6340435355244689,Medium
-1.7136053728055687,0.15543994621291685,0.5169212645654603,Low
-2.123821294275416,-0.9851119390251092,0.9037668611464029,Low
0.7819482809414682,-1.4229005741501533,1.757116124581528,Medium
-2.3079300276268717,-1.1943606877249044,0.0826656219028255,Low
-0.3177470199596313,-1.1853139818949174,1.0241305544246895,Medium
-2.212230194401157,-0.7835960798684983,0.4931464728198988,Low
-1.5057959196478325,-1.2290611164894036,1.0627363985783393,Low
-1.1343881156898532,-0.8149705215908771,1.5214189702814573,Low
-1.612442757147282,2.082083782135257,0.8255780019521624,Medium
-1.2880444905411128,-0.8831469284925285,0.9926757499455626,Low
0.6293303216712353,-0.11281014685842866,0.8956765746218904,Medium
-1.0501582427145415,-1.9500145142494367,-0.04508797867694345,Low
-2.7665664863495683,-0.9102731539762252,0.25938106208977163,Low
-1.0060440865182867,-0.8638831314624437,1.7812156322683228,Low
-1.8190486333405902,-1.2266267739762782,1.0887260215277208,Low
-0.9136032333368582,-1.4249787203952102,0.9899961179062985,Medium
11.451889993210065,2.3436225828716,1.0233355904653139,High
0.32738437086510774,2.734908102301548,-4.508839455360391,High
0.04484143041191031,-1.8270835179746971,-3.1445260996451765,Low
11.828172261342786,-1.5641230838372953,-0.6683586877083161,High
0.653872352491484,4.566723000295329,-4.896808279029375,Low
0.5995136599715986,-2.400234162255693,-3.1028779868366514,Low
-1.280939262837462,0.11045475313551446,-0.7929912776186573,Low
-0.22444356917883407,4.6535923866539735,0.42730056898841895,Low
0.24752884697641972,3.579694374193704,0.03841109930444816,Low
0.9292322084181069,-1.661585648332772,0.33499275674249296,Medium
-0.7606905610928894,-1.0012490843605608,-0.6717410110189423,Low
-0.34266027463570486,-1.0972622401188736,0.020678010343151844,Medium
0.6683625302824925,2.4529703767234166,-0.1371054702764738,Medium
-0.18971346563722863,1.7278273999841753,-0.6377737634420522,Low
-1.7689798018728282,-0.9341824879863925,-0.23001681547435376,Low
-0.685779266559854,0.7145666693485432,1.1650172214950167,Low
-0.4460130010877762,0.8854480755083064,0.8243719636081683,Low
-0.41211934891599233,-0.6133685135868259,-0.4119180321347206,Medium
-1.795769501687702,0.9244143630536658,-0.13067918416027413,Low
0.40417437538274104,-0.05663134124345994,1.611199312001768,Low
-0.8588670596255125,-0.7892934436016166,0.4195422726883099,Medium
0.44971720946519106,-1.5379358082072998,0.06932729982113524,Medium
0.3141472706808549,0.46558389730680566,-0.5001455910562713,Medium
0.7144067788293623,-1.3502780867661175,-0.5444843904236585,High
-1.8807059618504862,-1.1427869264054438,-0.7625050588450634,Low
0.48642189422384613,1.3970833216042937,0.6882092975376516,Medium
0.32065610308210746,-0.5538606821996351,-0.15399132073208105,Medium
-0.5902696567086554,1.8604285391934334,-0.5520792461750907,Low
-0.5019991234251385,-2.1540760526396,0.4684720652826205,Low
8.800996642124217,0.5119435634287971,0.8690514733695502,High
-0.5864032360174931,-1.5330670523464363,-3.6554387146873135,Medium
1.7558152179517597,1.9847670101222727,-2.062932536264944,Medium
10.772390886171715,-2.819691124792096,-0.5339675673185802,High
-1.7999287061417206,-0.30256797924324974,-4.628082741107048,Medium
10.924243152148208,1.0107516311964222,-0.7298732586430481,High
-1.001431287672857,-1.3058596525899167,-4.033342954794306,Low
-0.557594463377375,3.467317827240518,-2.54786219108295,Low
-0.17513598912620448,1.3954369759058218,-0.17183845419338403,Medium
-1.1099759071501907,-1.6456955276464305,0.6087941656835126,Low
1.5142970863526375,-1.6663735880600177,0.6542144036231387,Medium
8.583780435823352,-1.8919668454582819,-0.5602186319576965,High
-0.42852721291986423,-1.185469370836091,-3.814238220979353,Low
1.010523370513007,2.012164882000221,-1.8616001192453417,Medium
-0.7175522195339629,3.7016799349495946,-0.6829232691379219,Low
-0.4581404409457134,-2.2542783858038575,0.07283460266270202,Medium
-1.6628549106866157,-0.5472013363505497,-0.016349913420634497,Low
-1.587857257860936,-0.3433948289253879,1.4443696443616085,Low
-1.8996115002920047,-1.233492927188942,1.636970474967745,Low
1.240657035896153,-1.0719389029764426,1.534249328695798,High
-1.0358324041599027,-0.7382971018420778,-0.3706416042501956,Low
1.7140216141214035,-0.013148530339951506,-0.2195084907717013,Medium
-0.013812654344590301,-0.09088481512652527,-1.052969260373346,Medium
-1.1547100558907122,0.6487048466925925,-0.7816746089622558,Low
-2.102804057197054,-1.6218515703169154,0.30421558699722917,Low
-1.0626097227357876,1.913633748182182,1.768559536055079,Low
0.36274614990314624,-0.0746957558553277,1.3677517168895232,High
-1.367584488400178,2.3785095894430595,-0.792527759322377,Medium
-0.7887254498444489,-1.2781899256832103,0.6509625323764021,Low
-1.6060185893751755,1.4308975084745894,0.8116627854619977,Low
-1.5983161094156417,1.7739231789232464,1.1653123207180647,Low
-2.707893690344395,-1.330585277118753,1.0132893116070227,Low
-1.1183787438589252,-0.7684064065407785,1.887326794392688,Low
-0.4489304997641479,3.733047620686205,1.2608167621750042,Medium
0.036709637125842,-0.1084641407252712,0.755693438991852,Low
-0.2444356822101547,4.226113320342521,-0.11640380676803695,Medium
-1.7752542355819154,1.1002060396279256,0.06326095500559138,Low
-0.3216902621740002,-0.5222730594035792,0.6526177848165399,Low
-1.5393211765744004,-1.3801019754989443,0.5018387106912898,Low
-1.136599009880976,-0.8756554823921624,1.072342366732703,Low
0.08539520698550485,3.0527367218229977,0.7508852596435184,Medium
-2.476196831820348,-1.810432752734854,0.35330581943474043,Low
10.369820954532097,-1.9453022374582807,1.4275189963427584,High
-1.744440015822127,-0.1912884006111002,-3.5503574662877404,Low
-0.6442205787091235,0.5533981984415318,-1.3025812638814274,Low
1.1363517681308686,-1.6146847147120285,1.164185875015974,Medium
-1.1773850476592862,-1.2788639751762667,-0.7201575136241354,Low
0.6308806473916025,-0.5724908865733831,0.06770913922203975,High
-1.2868767253120101,-1.5659808382104041,-0.32340980210012366,Low
-0.42319879747625694,1.3107532913316418,-0.27182353726098346,Medium
1.2693607922194066,-1.5767291161059511,0.24378737626630131,Medium
-0.3036560286580971,2.008896352874494,-0.8147981711895786,Low
-0.5772797304806412,1.0462962779813718,-0.41877863290654893,Low
-1.3246534964766055,0.13021435383262484,0.09653889078742511,Low
-2.393323254768772,-1.0378575320246468,0.6340029186823573,Low
-1.5359823359459766,-0.0654367607452296,1.489041144151947,Low
-1.772189410289914,-0.22843837061921354,1.4384924378331174,Low
-2.0216458415246557,-0.8308267444979538,1.1295809926690328,Low
9.494486196248154,2.327211110057005,2.7058626810294055,High
-0.4670129446818184,-1.233689896451214,-2.985955992197806,High
2.211725288742924,1.1376834202599235,-2.3182991903274237,High
-1.6151430112485414,-1.9064284111802472,-1.245795161036043,Low
0.9801025186522364,-1.408182827350959,0.24796103418456994,Low
-1.8337455309022537,3.6008598455629803,-0.14908892153148554,Low
-1.982283542160504,-1.017104826291602,1.380473307780274,Low
-1.2269396903261116,-0.7191489001388169,2.206138662615775,Low
0.8664168978693122,-0.48939607820605635,1.574367367196603,High
-0.11258976378935993,-1.2461003419524026,-0.26222809311404793,Low
-1.6724575588135882,1.024091925388361,-0.6010898400991149,Low
-2.792689838341303,-1.6946801601374926,0.8941147594719338,Low
1.0333397202304866,0.6416810717395789,2.131994621314455,Medium
-1.2581646570883676,-0.20360304274760596,-0.11672258603052042,Low
0.1378466226419928,1.9931635097050284,-0.21361077303530807,Low
-1.7818284219366878,-0.7201830925286158,0.17494768767469787,Low
1.2348429740252729,-1.6680401527581932,1.1350921338428994,Medium
-2.0047060056183237,-0.11778085086126593,-0.4888477654627076,Low
-0.7186848566914306,-1.5655070350701117,0.45744010278331126,Low
-1.5703134324922488,-1.1059234021736064,0.5860289528820057,Low
0.8032143046838224,-1.7144860987950408,1.5107053224696962,Medium
-2.2272755421340698,-0.2734812482685508,-0.26187449393379963,Low
-2.1192664294238766,-1.5310126300426419,1.2051120243225426,Low
-1.1470898808973877,-0.24012117210202308,2.7526708104589157,Low
-0.5457897951904906,3.4389300748786193,1.3144495658395963,Low
0.7256443202147886,0.09713257067948425,0.1995835013893283,Medium
-1.0412366933084145,-1.6336583091787327,-0.6307187119189178,Low
-1.5444315517016136,-0.9035487210827601,-0.22168349253062578,Low
0.6606019535964026,0.07582652228318816,0.8457174514218558,Medium
-0.9725099935291622,2.648266643283826,-0.08258420494470833,Low
8.622625342164678,-2.6272158500592693,-0.27900733257611593,High
0.37797750179335143,0.7726336123413062,-2.799840016279001,Medium
-1.2502978043965491,-0.7728420736059598,-2.231638271271788,Low
-1.017361859812549,-0.022079445520788065,0.17778965702568128,Low
-0.016268526053698044,4.46363022093679,0.3558913101563644,Low
-1.2424319678136373,0.23063394984872426,-0.7916696088972709,Low
-1.4653443870474916,2.130738493554398,0.5577097357576782,Low
-2.4712984407342384,-1.2320312046211295,0.618635274903535,Low
-1.473941961642735,0.07710213163248565,1.5032446362204528,Low
-1.15414022373622,-0.034262010284253866,1.3905108457840327,Low
1.5826881841220648,-1.1727521438983814,0.9018288690239464,Medium
-0.19582838677320255,-0.27543523184159313,-0.9847464264511362,Medium
-1.0901312211464314,-1.3136516087307453,-0.9728227201825194,Low
0.7603848152855691,-1.4095304939546573,0.525365844140063,Medium
8.642764592735501,-1.3966704148238038,-0.42407032112564946,High
12.690803633282261,-0.12087553983886645,-3.8575688826479055,High
-0.5765594260102933,2.1797401128587635,-6.556448188636275,Low
-0.24133320796179641,-1.4892962770947964,-2.2643465661873097,Low
0.7947974862736286,-0.765438459627847,0.0022790283636124745,High
-0.171426784142655,-1.7180113521448892,-0.7384419200696749,Low
-0.3507175654927959,2.8296037638171727,-0.7840871719387277,Low
-1.6210197926055734,-0.5250657614247661,0.010134350411918399,Low
-2.537691082573384,0.30063360178211673,0.31998196164558396,Low
-1.8231912968328403,0.8835238739467796,1.871739543246611,Low
-2.2266483010762324,-1.6397069790482603,1.7976115530752623,Low
-1.3202961705946017,0.3006734069765298,1.5876309348897084,Low
-1.9183429920426422,3.2431944041740044,1.109684277212641,Medium
8.52392942011807,-3.034152195938581,2.8217418513744446,High
-0.40735924505177257,0.6577314852349163,-2.3250870786529574,High
-0.7478121631230846,3.116510147806092,-2.931154866470456,Medium
7.882485297016986,-2.082732370436443,0.41575209212342024,High
-1.4707565847888684,2.0117590498095526,-2.979137936816213,Low
1.160291495359355,1.8781774282429802,-0.7929649892840487,Medium
-0.7884253469208805,0.15032595476108274,0.1077478541237099,Low
-1.8345678187853578,-1.4084171103336467,-0.44570088281311393,Low
-1.8229043071541533,-1.0417292064454722,1.024447011075523,Low
4.527818405087351,-1.3279060000744405,2.23036216771424,High
-1.5381822057228378,1.720295911825939,-1.8002724319630856,Medium
-1.2368182546179198,1.163297745895005,-0.5465997370662168,Low
-1.569753902771102,-0.32249790696244046,1.7189299526169448,Low
-0.47868480555853327,-0.8779469948747173,1.42670073067544,Low
-1.0506509946188276,-1.2774397752752489,0.12244579489826128,Medium
-2.0464949988542185,1.0040074723643422,-6.916754755360269e-05,Low
-1.330306566073743,0.36405891822994507,1.2184728398731097,Low
-1.5329999632144455,2.8932998441149307,1.1151666754048737,Low
-2.2135403096569615,-0.2443492685165334,0.9040107826090812,Low
0.697756701825606,1.20068794659144,1.679712845030881,Medium
-1.020904808092781,0.6032955329818885,-0.026931001255153103,Low
-0.15169434630412262,-0.001122663115654842,-0.050378333206879435,Low
-1.5417116991579698,-1.1827158308128574,0.20602796500065987,Low
-0.6073126326526813,1.9857150828414196,0.8421069592743584,Low
-2.3497530505791326,-0.4676852727232991,0.8327307040175344,Low
0.5516409194873254,-1.0266978308931813,1.6401381924635179,Low
-0.9221441823042923,-1.4300124413645279,0.5280786678272895,Medium
-1.038510063126751,-0.6100830638509949,-0.10282513419510993,Low
0.4956227046206518,-0.4995215686170082,0.3145660539408566,Medium
-1.4871236615439758,-1.1499846653285501,-0.13700942116271272,Low
-0.7719182884959017,-0.9337575081924852,0.6197079805209481,Low
-1.9689169863346672,-0.010642636891587736,0.5172836981495639,Low
0.9681788375045014,-1.3576135578858533,1.103293795021428,Medium
-1.7806892844450695,1.5188863175472598,-0.72816014843559,Low
-0.9079749282122472,-1.076341244194116,0.23078689322796597,Medium
-1.6808470852829265,-0.44835784505065435,0.8697029677942149,Medium
-1.6614783432783877,-1.594249733504661,1.060774389253808,Medium
0.2669301030731338,-0.8358216371870023,1.682582470427127,Medium
9.605426381185822,-1.4266442616276611,-0.177994939262513,High
-0.21477210222435097,2.107564672741525,-3.61149621739205,Low
0.9814482064485824,0.6936693668615719,-2.0025785917102423,Medium
-1.0392067604456787,-1.2539560017741043,-1.3482118808703965,Low
9.656131002292963,-0.3145634514109414,0.2547365413141592,High
-1.3069212274365114,-1.541636828413082,-3.8936678108026426,Medium
1.302048874334722,6.944230342461045,-0.837029748507175,Low
1.7754293928355127,2.47584417727129,0.319818891424983,High
-0.36489041692301294,-1.0164984977233518,-1.4426472651010906,Low
-0.6855466853021196,0.48306710908953393,-1.0903796836233732,Low
-0.9722400015298629,1.1757996450607282,0.2955666452808106,Medium
-0.8764718791225791,0.8038808614532625,0.7580188290643566,Low
-1.7233599784319362,0.8762603882937624,0.4490900288795274,Low
7.817716941546883,4.586367540423675,0.3311262002073181,High
0.03257322172813951,-0.7834851931518275,-2.5330573603933915,High
-0.5384351709865305,0.11806070205692323,-2.416370574283587,Low
-0.22578264840937756,1.2152524892148568,-0.5138066331163843,Low
1.6320321816118872,-0.12796487094540868,0.39238027390409663,Medium
-1.185909066946871,-0.06374406133599257,-1.5503622527765406,Medium
1.73861925670167,-1.5433303524544542,-0.11072403554679555,Medium
-1.6756565622631794,-0.9865473010309679,-1.0475681246456452,Low
-0.25044800631879754,-1.324440488795624,0.29334472275752804,Low
-1.0564374662414036,-0.5140876778094328,0.26562155163348444,Medium
-1.530399301148625,-0.3821577522557215,0.18938492070644242,Low
0.6029212741048,8.393386985858317,0.4206884262863357,Medium
-2.1921212461794517,-1.920977490499771,0.17182497734823146,Low
11.02630311137946,-0.4354802879190669,1.358015007430218,High
-1.3787886582820625,-1.1994811941830343,-3.26550376895832,Low
-0.5138487869095197,1.9678797837908277,-1.6650390335994183,Low
10.542817771299495,-1.2833713433974006,0.3174048758568584,High
-1.5070179944906092,0.42013076885718914,-4.130021435321295,Low
-0.8367081993361023,-1.4730791613355518,-2.2925661557664143,Low
-1.8795151315402872,-0.17173804275581622,0.880700463527309,Low
-1.8231616534108634,0.022208309082199222,1.261270638500617,Low
0.36822376298801685,-0.10112327523073858,0.877189170086214,Medium
-0.4570191576499247,3.7604066707896875,-0.3366739519783469,Low
1.44388091200678,1.0906880538752737,0.1657064953025919,High
-1.4408901578839137,5.09493273284895,-0.8011771269923076,Low
0.16258806500057496,-1.4854480914600887,0.5353936178683338,Medium
-1.7734720347232278,3.607174151264556,0.36397000061283585,Low
-0.09005960479041207,-0.006036031577028787,1.1790939779763558,High
-1.4181348085065042,-1.6553094537913036,0.3361841155559652,Medium
-1.5413610608691328,-0.916150345874968,0.7445727582199579,Low
0.9084448619072295,-1.3328156805641582,1.394277135425249,High
0.3313505444494793,-1.7855774697608928,-0.5061247096159883,Medium
7.214470783332715,-1.4686866830118464,-1.2196109186960145,High
-0.544200922825471,-1.5767670878512083,-3.217979674326479,Medium
0.10023207207138424,0.7392678350016568,-1.345309600197111,Low
0.7481148160429223,-0.9233503044999576,-0.42623574623644556,High
-1.3813615660829488,-0.9552246960716276,-1.782926135014957,Low
-1.3485343911406773,0.5112800858570652,-0.43798579462624304,Low
0.19725085642073312,1.654267387435041,1.4720751646657944,Low
-1.0539735825044525,3.928391888830045,0.10594638319901287,Low
-1.7682625669432221,-0.977757957386655,0.22069698934069223,Low
8.16637116146206,-0.8623236758522023,1.4544793097986026,High
-1.8507293070584205,-1.21771143688789,-2.1831384352475744,Low
-0.8558940145887423,-1.182706668423198,-0.5531594007900079,Low
9.995531613187833,-1.6085037626868168,0.603630610285521,High
-0.8988605886373335,-0.7326739035102092,-4.072506207558128,Low
1.9387048676078606,5.419957182824618,-2.804964289086618,High
-1.8472851577768934,-2.828823637908233,-1.0890973971391151,Low
0.6408421056826415,-1.1329066520287687,0.14235616239436805,Medium
-0.5519206653869225,-1.1810150041881493,-0.7466440090604362,Low
0.8524918077521306,1.4679283220390213,-0.0089858107472856,Low
5.298331326397389,-1.06704395066327,-0.08340387959244251,High
0.6047115681362442,-0.4834912927822152,-2.4077139176799034,Medium
-0.27904720595827703,-1.7163989298787492,-2.351951777095277,High
0.46782939931678075,-0.6085412104129304,-0.531236018565451,Low
-1.465705307862131,-1.42029308983827,-0.4662644075248637,Low
1.4114563583016946,-0.5709836577940087,0.25757820325862046,Medium
0.8774912849818278,-1.7328229773361912,-0.23935202360817043,Medium
-0.9881005519482509,0.17241455483504245,-1.2342666935607443,Low
-1.28032425276503,0.0419307461209288,-0.12287278224153551,Low
-2.226324520330527,0.4105702332476228,0.3670973578578487,Low
-0.9526369131902169,-0.6540288402304325,1.1821461755992078,Medium
-1.4539604442683094,-0.8901635205017185,1.229601717682119,Low
-1.5761426007406163,-1.2544769014464943,0.9574348667222989,Low
-1.6429021078992987,-0.16436881554135827,0.9609896132251479,Low
-1.7296860315014742,-0.32296409082662797,0.8980872168839541,Low
-1.557302955715466,-0.2699916193703553,0.9366304716675029,Low
-1.5820007023630327,0.3852568009102432,0.442739086627714,Medium
0.8340898568714067,2.2508258166620703,1.547758913180458,Low
-2.471145762329518,-0.1712463464900332,0.08821093173833536,Low
0.8788499143035767,-1.7956386514700837,1.7849643833149194,Low
-2.084132739062834,0.45501053910584766,0.49548307629773364,Low
-1.1875669214275852,-1.5029330506750875,0.541827196271304,Low
-1.283266317484971,0.6200731298757431,0.8594263236769173,Low
-1.632982182748433,-0.8633474632776487,0.8694226994533949,Low
0.785574408657888,-1.512583532019402,1.2704326488786624,High
-1.9855673278888242,1.9471642306516797,-0.504314762106974,Low
10.753861184859549,-0.8207237541740187,0.3254488502438878,High
-1.7127780966834438,-0.8109721849451107,-2.7931761385167984,Low
-0.791364021864771,-0.6718780089891455,-1.3069365489334936,Low
-1.2884686063541548,-0.5370861985850016,-0.16794556520752674,Low
-1.0873925324766252,2.8303451232745376,0.2721914565501006,Low
-1.715866710067391,-0.6488004327482196,0.7256641515906727,Low
-1.3573296172417277,3.730394148178551,1.305322424845938,Low
-0.6232313630716633,0.4733609083671147,1.4359688461932365,Low
-1.1223125440242565,-0.7970999611329826,0.7840010898123595,Low
-1.3691658208171666,1.5154925174030036,0.5407498033232879,Medium
-1.9742088491337355,-0.8138040674797822,0.6787128972138732,Low
-0.702505760427502,-1.068638951045187,1.4110812346529178,Low
7.8411638216177275,-0.2295166397597572,1.3249551671786512,High
-0.9865550222350609,-0.04472621607407346,-2.4759356385825217,Low
0.13175926489346637,0.7569443453202686,-1.1874807348304732,Medium
-0.19855964787451766,0.2895180283687055,-0.5139363270995982,Medium
-0.6540576198320387,1.0214403328494228,-0.2266906929500552,Low
-1.3444710181349564,-0.4260302046239997,-0.04546706542613754,Low
1.9502410909042975,-1.4180710319307719,1.3408874279582743,Medium
-1.9336600190595707,-0.5395569727221619,-0.8462622506813692,Low
-0.8429455359693734,0.7837471075198514,0.20685664299064047,Low
-1.554041799103657,3.365935225962329,1.195518160036352,Low
4.338609924369353,-2.2801765631666724,1.710694018885815,Medium
0.7720494160606876,-0.5752391089156824,-1.1223589488644556,Medium
-1.1697575903909385,-1.171816466060294,-1.3638558235168594,Low
0.8308637594160041,-1.4106743295060875,0.3904269075255802,High
-2.326609863271841,-0.5190107720566869,-0.4484067260662762,Low
2.0366040672537227,0.33175527495363866,0.8291213525266363,High
-1.4656934211477923,-1.7783983464884114,-0.7896826491581402,Low
-0.7896649808823054,1.5921539271211889,0.04976085231993392,Low
-1.6751050236226097,1.2810987838871708,0.7359046076914995,Low
-2.035533324933057,3.3068418211393524,0.8450717137874498,Low
13.274500983512766,-2.9158555407825473,2.4969464160087216,High
-1.3312611448695129,0.165952272394817,-3.8479644319799458,Low
0.36824009889831266,-0.9770602612204432,-2.1526847635904893,Low
-0.34260224352547314,-0.7156556632563369,-0.16631970867233298,Medium
-1.5705624041518038,0.21085426306409444,-0.6623832749452662,Low
-1.3140948469243339,1.4662434112979585,0.32493887017098333,Low
-1.5898960506715991,-1.7803712336347042,1.734010897327063,Low
-1.976013450847029,3.928845924405459,1.0944937773991805,Low
-2.0895482550029016,0.3179225271314721,1.4084319059836845,Medium
-1.9462695733012998,0.7444315372401031,2.023625232330437,Low
-1.9019080740368075,1.0473363753007638,1.8289616507642152,Low
-2.533417324571508,-1.2320162852570613,1.1792081657378877,Low
-1.909730274273704,1.0316656980010692,1.7728071363338955,Low
-1.520773341742497,-0.9111412465610005,1.6884515995614278,Low
-1.7429918661818784,2.3911610972297264,1.3738754658035464,Low
-1.2274469992813202,-1.4684792181548367,2.2502319635393877,Low
-1.2054924917817198,-0.781148165524417,1.6608491512630559,Low
-0.9611848060000457,0.2894793886201238,0.7289081763337212,Low
-2.2036938622950863,-0.9032479054580215,0.2197089877049867,Low
-0.3653693722391847,-0.3870292223713254,1.5407148354373348,Medium
-0.8693621948456323,0.1725231303766891,0.48864862644446466,Low
0.6195199388071115,2.262798908021722,0.43310925240816944,Medium
-1.8569806005807137,-0.9267510944013636,-0.27661362263821787,Low
-1.7504884752336687,-0.7676848916656982,0.5640897349275896,Low
-1.415099337158045,-1.0778236415739122,1.411767747087379,Low
-0.41137003175187276,-0.5393850689273407,1.3840740224892099,Low
-0.8797926542287514,-0.1638151398972135,0.5223175542122002,Low
-0.8835617193837042,0.37954202359319267,0.40654644514357435,Low
-0.18301791210638693,-1.7150010200328052,0.8196629184474418,Medium
-0.7231212676529474,-1.484226324660829,0.3794997566189932,Medium
-1.032716111137025,-0.3398307191310488,0.4496007153981398,Low
0.595815815369202,-1.1888552855031878,0.2978078695268172,Medium
0.2541836740185232,-0.8475811671448404,-0.556926876904598,High
-1.4787814827016315,1.0244445382110607,-1.2372536846902114,Low
-1.3906360119051566,-0.942110321316845,0.4958150201683252,Low
-1.5348903017458293,-0.8451187389638869,1.1443840236960714,Low
-0.256153062568642,0.022480057678452132,1.3791933169207513,Low
-2.2355038536503207,-1.1705711546843216,0.6022097630229252,Low
0.1303172862696466,0.4003083427290166,1.1589652022896881,High
0.1970018880871481,0.07965784501965179,0.289571395728186,Low
10.667251801402104,-1.3194548111231479,-0.5610382256090519,High
0.5955527752186625,1.3260848879019755,-3.953975945620617,Low
-0.021071676380945918,-1.5456664333285084,-2.9414627112470897,Low
1.3269874950949079,2.6381634514757866,-0.8829189153283024,Low
-1.6509990521536353,-0.7876693163496852,-1.5378196211695543,Medium
-0.7695395507315571,-0.26167567687007603,-0.3830046438130386,Medium
-0.2774358307606244,2.4868354967441606,1.5334025647656542,Low
-0.568634563106767,1.046685111842329,0.5334550373830859,Low
-1.1365980296275089,-0.7885919032252406,-0.24227866665006453,Medium
4.7994980474103555,0.9913557980560479,0.8081276924995686,High
-1.116975276856037,-0.9050559152012576,-2.1003633539437847,Medium
-0.14845388002765927,-0.06454946130138815,-0.5998053318917912,Medium
-2.1346112455936637,-1.5554126451533639,-0.2711902851969544,Low
-1.7209728734090708,-1.425532326152634,0.5369035940948,Low
11.341524134882116,1.5384974802631208,1.8742728969349849,High
-3.062471041330006,-1.991741502313899,-3.510684764657892,Low
0.8313050882239567,-1.68279276300394,-0.9188207929209364,Low
-2.3822067310493917,0.5511079117730254,0.24640770893290348,Low
1.4377757556193569,-0.8225350747312435,1.8237359563238598,Medium
-1.2020227772357808,-1.1872658513030927,-0.3803107966940344,Low
1.479655258654166,-0.37674656779906235,-0.03353971678280382,High
-0.10550508342300872,0.17280394611954553,-0.9814670065174725,Medium
9.448984752970578,0.5381873822017758,-1.1276392178279189,High
2.3622364902179207,-0.58515776099343,-3.3429442251290213,Medium
-1.3479021527871429,-0.8602977176166344,-3.284986141546453,Low
-1.295630968392664,0.6529779648414316,-0.5255858918831905,Low
-1.4220098308174998,-1.0176774392199444,0.6113463469876804,Medium
-1.7549784321801525,0.03738048372558684,0.5187913244691726,Low
-0.8021641095046066,2.106984207539523,1.539887219437369,Low
-2.029128611057444,-0.9181835300830629,1.222490886831354,Low
-1.0595828370472433,-0.7358890472009801,1.6257796995677938,Low
-2.1899544794511363,-1.2871170275473498,0.8375141534638942,Low
-0.6060795702913576,0.37405686035129165,1.1376203496103232,Low
-0.6109867621567004,-1.2756258025157097,0.986709132371477,Low
-1.2066646147716331,-0.2730949311267752,0.3907416231239164,Medium
-2.114080042628092,0.9738956095302466,0.5132714043428247,Low
-1.4601908367770011,-0.353987490356043,1.6835049714162225,Low
-1.7513695926274608,-1.1616361557144308,1.72191326728583,Low
-0.40294010040509765,1.785537284589549,1.259699232139747,Low
-1.9355397934434422,-1.326896259969793,0.11421418961476835,Low
-2.1208402750618234,0.7502335223149023,0.5420182714674352,Low
-1.592360112649178,-0.24058250412822232,1.3763535278649202,Low
-2.0215055347581297,-1.137268398879429,1.3507285122989316,Low
0.5202441012932758,2.3582555152732545,1.2023837360763618,Medium
11.135690647093613,-2.29892406479022,0.48688078975042315,High
-0.21362405114325236,8.201418111163424,-4.807852647328132,Low
-0.2884695262020106,-2.974129309688861,-1.6197921906720272,Low
-1.788891583643436,-0.7586579731348619,0.4399964613702099,Low
2.885153116116145,-1.4801689165216907,1.009728513574897,High
-2.607836208091246,-1.5785430143076606,-1.4659438344006392,Low
-1.2331188578863812,1.127120330459478,0.8382236299409002,Low
-2.258012350001631,-0.04473845213728348,1.4004156190251627,Low
-1.6351778395745704,1.4796070193509643,1.6589980331173495,Low
-1.1220733231206286,-1.560281279672962,1.3771844617610725,Low
-1.2118982008603354,-0.244721051223271,1.2833371131486948,Low
-1.5375472627773257,0.7459115582608759,0.7921268556894713,Low
-0.8580874736224254,-0.5103290373732959,1.3164519768466891,Low
-1.864169393654144,0.7261638919102694,1.0718559430254635,Low
-0.739233959242727,-0.12171153266376313,0.9071057170919902,Medium
-2.0412217129091506,-1.4746859751376995,0.5458818590504718,Low
-0.5330424140940291,1.8090604386365783,1.01835429694128,Low
-1.6627220679235508,0.1100626817480038,0.7759039255301298,Low
-2.213105175566185,-0.10638148246389727,0.8628631922358171,Low
-1.688019366767981,-1.239351689519793,1.6195991431880823,Low
-2.4323710828622813,-0.9025793024332903,1.1765769275785791,Low
-1.0777927820746287,-0.8223124974675289,1.6570322780547637,Low
-2.680887958338061,-1.058942423919873,1.1123218757113966,Low
-2.044514020436807,-0.9982243850613702,1.8167116806702877,Low
-1.43479004400807,1.3773835338409608,2.165095561019716,Medium
0.6765851189989004,-0.2235665209568504,1.3934562366841474,High
-0.3935843677731246,-0.11384655336155766,-0.2689710604074759,Low
-1.4600526333550008,-1.1141434902686576,-0.4964035437243853,Low
-1.4400611725096324,2.847072773014702,0.9553780185913812,Low
1.0294543313087934,-2.051133577928436,1.8739888734013481,Medium
-1.6208742955906892,1.5575841167673523,-0.3455779451539722,Low
1.0237681308220947,4.8423423339122,0.031858230336237636,Medium
-0.4423297342138851,-0.23385487160158822,-0.6088828392161825,Low
1.3322620249958952,6.0019542255278155,-0.4923277468530139,Medium
-1.765363831527108,-1.3562431905692944,-0.4170752714782663,Low
0.19029834696253103,-1.7243143295259722,0.48914238687721595,Medium
-1.81703232981433,-0.9269899854849984,0.16628803609633094,Low
-1.2699121267509286,-0.6850923814480813,0.8738425129653327,Low
9.005104841740645,-2.4237860079866222,0.7966284648575122,High
-2.059254808626044,0.540583358908062,-3.3058470187630755,Low
-0.2816661794287495,-1.0705551606673114,-1.27060795069608,Low
0.31495077830144413,1.006986653984663,0.3650076317930479,Low
-0.925715156767056,-0.9522825656123312,-0.6190418451885309,Low
0.36520441412827054,-0.6898161453836564,-0.5961908640898959,Medium
-0.7907734020295527,3.756445825830913,-0.22757330807867493,Low
-0.2958766080479932,-1.9609165573583278,0.6026774011500292,Medium
1.4883480426251336,0.5295069257784808,0.1956231532742429,Medium
-0.6499402398849281,0.6880594053715684,-1.1835092368432705,Low
-0.9816818388139056,-0.4158449530475402,-0.5404831005390283,Low
-1.9489555810801535,-0.41375250003319436,0.46959278561097567,Low
2.01438611518825,-0.5752636142601902,1.350360909640023,Medium
-0.34334874491553374,1.4132920436783525,-0.8920936057090401,Medium
0.48142387006812254,-0.14141915276438471,-1.1781400108323492,Medium
-0.9633131255024364,-0.6022515130851102,-0.9058954764349255,Low
-0.5602924431966718,1.4137419537201443,0.33119174830344644,Low
-1.343786745970735,-1.2823811817753559,0.4286357005011985,Low
0.17231432675114453,0.8241482948389952,0.45911112211682314,High
1.1302584151569366,1.1990192369612929,-0.33344662390292473,Medium
1.5842436278466516,1.2370883378042756,-0.9602122029146497,Medium
-0.41884749809404354,-0.4368711565540232,-1.563112461801631,Medium
-0.18284362785656624,-1.0592659702562126,-0.04050744690116903,Low
-0.5665252715045044,4.846756211401177,-0.11656597030333028,Medium
-0.4629096836191606,-1.3200493742934925,0.691114205338642,Low
1.0255490869795165,-0.102532612543853,0.37291731588506316,Medium
0.3101618894251391,-1.786582769054552,-0.8259842370065285,High
-0.8953875029998368,5.333650383236268,-1.1245118144039101,Medium
-1.6949709168111344,-0.8173416636907028,0.5309238312223722,Medium
-0.8411461237293862,0.8744565533517449,1.86707332191648,Medium
0.7468567572720805,-1.9249982517016244,1.010653709860311,High
-0.2333886660486777,1.3151949574792583,-1.0307953232877334,Medium
-0.6302649769426005,0.28307543593104567,-0.6021941722964901,Low
-0.8871682025174337,0.06662706178716561,0.2692858987592708,Low
-1.938542337608603,-1.3671181429231198,0.5339234347193719,Low
-1.0010859085365147,-0.152313050886017,1.217781629742609,Medium
-1.2416865405322826,-1.3665883322824097,0.484534564743839,Low
-0.7688880483697398,-0.2581739005608342,0.48707195644218654,Low
-1.4057829428331943,-1.0789450907593399,0.6237839310660718,Low
-0.5622172953333773,-0.6970496425558321,0.970230670787466,Medium
-1.109414010939134,-0.8349168260330937,0.3746935068647802,Low
-1.5032990475373462,-1.0410107081519018,0.7120809468122206,Low
-2.0815060917851103,-1.1343757846095524,1.3300955062557314,Low
-0.9675001768197226,2.2752462805346054,1.3889385820129594,Low
8.433606702047273,-1.1345120805159123,1.844784943408299,High
7.745167420531385,-1.666890446418721,-2.695467503931738,High
-0.022701288381110456,-0.1785693065318108,-4.398781118166017,Low
0.13101911701404015,-0.19608167175309243,-1.5976140824353897,Low
-0.34047395735785707,2.4988521615961523,-0.4680542218796315,Low
-1.0310789975359607,-1.9522372931171643,-0.10729902264709021,Low
-0.6490004332991837,-1.0511811684395678,0.23388666412236175,Low
1.9662039245211669,4.887947755942781,0.6062095041453636,High
-1.114741057464453,-2.152033022786452,-0.9907717346259948,Low
1.1688193341646866,-1.235302310041996,0.026254548244193716,Low
-0.42065491727589627,-1.524211500147493,-0.5679183024284772,Low
-1.1232697015176634,-1.299592391035036,-0.2639255151854623,Low
-0.7605272764040789,5.191733054505495,1.0285535177531338,Low
-1.9053140616289677,-1.9421702360285718,1.1541958890306816,Low
-0.8117244872864756,3.3665768448835554,1.3386056276320304,Low
-0.4119096781135304,7.87388733539064,0.4355055206369081,Low
-2.2774960147569283,-1.6282178604623139,0.1611604792597638,Low
-0.9759393987251116,-1.5966577194975942,1.229270647737717,Medium
-0.7558245321597776,-1.5399967092254565,0.7233126405348504,Medium
9.773941766377394,-1.2543787161006619,0.008994865158096967,High
1.014226023199754,-0.9343802578668594,-4.059587961854291,Medium
1.4621891072444757,-0.11977569885172791,-3.505818809762006,Low
-0.6606066982638881,-0.8004214685956216,-1.9254107841769075,Low
-0.9808231979387028,2.4796192470944978,-0.8217693738387474,Low
0.42910677716727447,-0.92912120121879,0.7167521146832102,Low
-0.7203413572493487,0.33891601248773595,0.12103783435293171,Low
-1.0754996721666146,0.990310944300385,-0.11495480347751987,Medium
-1.9082431514327927,-1.5809712864753749,0.7471888102558529,Low
-1.5985315662689423,-0.967505690569016,1.1862952233465651,Low
-0.26987623428378466,-1.1714536142355438,1.7107458393981574,Low
-2.1336528106803057,-1.2360716962717864,0.24736513827833717,Low
-2.288266786780323,-0.5602508909228157,1.6862821165658164,Low
-0.918706272790416,-0.9011575487294534,2.497386598081667,Medium
7.44295544513887,-0.6596580586621082,0.6274638546419251,High
-1.813685601355521,3.799972056655162,-3.301612424305886,Low
-1.3548511719886738,-2.403355529545163,-0.712066432521959,Low
0.06746304152063017,0.6822630923956834,0.9222927478191412,Low
-1.9562954237414047,-1.497574304537536,0.02319192780545911,Low
-0.10852808508350595,-0.7153301132791984,0.4788646746157266,Low
-1.0852592510177188,-0.4420925412832584,0.22975636464006824,Medium
-2.7087706000896485,2.2298102712403547,0.33080240958514645,Low
-1.98258506891096,-1.3063056233436985,2.369934048771771,Low
-0.9174413720266201,-1.4934426684172273,2.245587036910061,Low
-0.4714606758003833,-0.7471705717570144,1.2261099097366157,Low
-2.1186344247833713,-1.1893557374361106,0.31563734467772453,Low
-1.8706915080643107,-0.8413059202670644,1.0088798756659598,Low
-1.1709096463696995,0.15703263664299966,1.3929555116699122,Low
0.09774138948205752,-1.887150850007156,0.918350221407196,Medium
-0.47914174473165366,-0.33769733794521983,0.32133889089210255,Low
-2.119484415049908,-0.909514380659607,0.010535640993890986,Low
-1.970499457760361,-0.9741633606425747,1.5704012152559788,Low
-1.4577039154988092,-1.40735498610642,2.0213124429099305,Medium
-1.1775102010588783,6.493613379498702,0.9271538496609406,Low
-1.3626397729155706,-1.8508945592094947,1.2197841163946865,Low
-2.1469198733264347,0.5887675986051156,0.8087936586816071,Low
-1.6302260515681823,-1.2431372057900716,1.5169709694361309,Low
-2.07799489629048,-0.3274075168997817,1.4393292890989688,Low
0.23659661463091478,-1.2768224760572073,1.5097026457285045,High
-1.4585127469917016,-0.9483909859806463,0.24356123116638645,Medium
-1.4245936780033803,-1.4240205406582356,0.9020548959801742,Low
-1.6655088247758467,-0.2901287611572478,1.0600491174279192,Low
-1.7336758382352102,2.1690994185308643,0.7733570162469896,Low
5.201426476073147,0.6952860934241517,2.22011776716106,Medium
-2.5829608905670165,-1.7089086958281876,-1.5952894777286069,Low
1.0208671547246182,0.14454058046494353,0.8009755097663804,Medium
-2.104658248754105,1.8101011776708462,0.27778163919927495,Low
-1.1870876973787516,0.14891225819488477,0.7122713697630562,Low
0.9053087910388308,-1.809712211359297,0.9523861991563539,High
-1.2877807611990824,2.8020338280500177,-0.9318077397714722,Low
-1.7740355962338494,-1.5370509328398871,-0.31925622987022695,Medium
-1.0627396409948182,-0.25381735094433994,1.4990331967622363,Low
-1.3534187610352626,-0.35037873471338116,0.9470645960919528,Low
-1.0008696375336243,1.602447223139648,0.5926489869617915,Low
-0.9454490292396275,2.5382056525345322,0.6702692535132381,Medium
-1.4072933821538047,1.878888760297265,0.8904099789378083,Low
-0.9449877610014911,-2.1959010539148296,1.2902800221303155,Low
-1.1047111622934545,2.9637680480953876,0.5562727636821703,Medium
11.283089612237612,-2.8210163874689846,1.3165242910621602,High
-0.061973399137139666,-1.1973328672168964,-3.589222747116264,Medium
0.36654333301645237,-0.2652412169462724,-2.6000141886736827,Medium
1.7228992237560994,-0.6729142219473832,-0.30595836382483466,High
-2.222986773575425,-0.24455515586163937,-1.71198282117149,Low
-0.664883710548237,-0.3595885303696942,0.3317810999154466,Medium
-1.8629839820261884,-0.19490085677116809,1.040066994008598,Low
-1.180074274556149,-0.9061348685196009,1.3791048134877608,Medium
-1.2808948176672121,-0.8369953430399224,0.6152518978292872,Low
-1.936232122162208,1.7749805277648678,0.5530788622694545,Low
-1.4268560009385565,-1.944498233286625,1.833049834028264,Low
9.224009186054904,-0.11632214758919343,1.0981123230093603,High
-1.2517022060854501,-0.1277371763057008,-3.392248709030682,Low
0.5521898699799241,-0.36217160598389353,-1.7006402960020233,Medium
0.5835272475628133,-0.10094187605706958,-0.5436406539604022,Medium
0.16625927914611707,-1.7748050864760108,-1.1283455246506588,Medium
-1.7736036456809734,1.9322943805176758,-1.309704095581545,Low
-1.5304981091937748,-1.5909961723225732,1.0226090019202692,Low
-1.653077492132237,-0.5377806336086094,1.1161825239710252,Low
-1.6571141732554944,-1.1506595140670188,1.128600066484052,Low
-1.4012486019337063,0.12907024315974905,1.679648501381271,Low
-2.628621769230003,-0.20272325178609898,1.2168738535549035,Low
5.795686016794143,3.6476235113886113,2.2523673902963,Medium
-1.9788519485145706,-0.1739379245862474,-0.850067209428602,Low
0.0673653791343406,-0.4290338531218662,0.2182937388540915,Low
-1.8314990883699354,1.7633092173937464,0.6565457362220832,Low
4.700516529858443,-0.876775524910401,1.6591844078697933,High
-1.2272982443399805,-0.16583690173692034,-1.9058991892340638,Low
-1.1111806513392086,-0.03198146460969081,-0.7486989291158628,Low
-0.14314115733451138,-0.5868081170468801,1.1393241150385076,Medium
0.393782996872918,2.7491019550610627,-0.11671505614372842,Low
-0.7188951657316444,-1.5757814819948293,-0.5992541747090631,Low
1.4076106519074796,-0.059659403798385684,0.26328699178548987,Medium
-1.5534835893205883,0.6511660142943353,-0.9455817145613571,Low
-0.5011266166762979,2.187882367625674,0.0553241898020047,Low
-1.3802389772317456,1.466378234354305,0.8226191315522111,Low
8.57841365862475,-1.1512123414691506,0.7063626658327158,High
10.57575133369164,-0.7252903794680945,-2.2411164867195628,High
-1.7362987462779023,-1.2424495914632818,-5.657081148151756,Low
-0.7532420708178148,-0.5533108783720214,-1.4379886290484167,Low
-2.3478681691486623,1.6010315482445185,0.3267139859359182,Low
-1.2746785363679174,2.7239674868235375,0.8718270983011158,Low
-1.7989408339015518,1.7949031585579642,1.4994435676637028,Low
1.2479998538775916,-2.0381863627346295,1.7071920750113427,High
-2.0590614223791137,1.645405792676496,-0.4758760526464939,Low
2.0137765788813655,5.276831692704452,0.5587873645083242,Medium
-0.7458795476041772,-1.3668525652025498,-0.7101647300715429,Medium
-0.26402909859209406,-0.7093518221544719,-0.6602603816826356,Low
-1.3465227947897678,1.1913835645601591,0.4700815463636175,Low
-0.5974106566086371,-0.7266113726736162,0.6933105963126711,Medium
-0.7995453759011236,5.885169048436777,-0.2674568579853101,Medium
-1.2995606897348981,-2.1723698155364755,0.6364769066208683,Medium
0.2232854218275264,0.5994791075411299,1.0464223008183018,Low
-1.4885311363268892,0.6470051004195579,0.06903274990350645,Low
-0.7086071680573587,-0.4335977253020816,0.45783852083007337,Low
-1.2935388024764198,2.328548129226469,0.715662058541327,Low
-0.873692920319644,-0.2380889822057516,0.9570850932981496,Low
0.5196752955233391,-1.1346593580055875,0.3156263906418505,Medium
1.1613853802523535,-1.5786869491951598,-0.2058278233716391,Medium
-0.2219387199988531,-0.6557596727624414,-1.317284716987178,Low
7.121051882905499,0.11202927005735733,-0.7898539952048842,High
-0.7571524756899386,2.0203469264624387,-2.6243837978833926,Low
0.5998562646774191,-1.427523582528943,-0.8478252407464779,Low
0.25172334574959915,-0.9373512464431436,-0.03795404955302911,High
-0.996043880613922,-1.2083734903169088,-0.8907088681363083,Low
-1.5942410890101735,0.2810943012297575,-0.07076218574797102,Low
-0.7688934137618487,2.908768779419082,1.3331747957540285,Low
-0.21609860908595355,-0.9065720967890765,1.105905889282851,Medium
-1.7841041625708625,-0.03406411805234015,0.21823096810003917,Low
-1.7311327605228009,-0.5513451754394104,1.121277130620378,Low
-2.2178801936243726,-1.3220750096400495,1.8323648929217844,Low
-1.9598232573246281,0.27703203453803055,1.3462397705748557,Low
-1.3663413482450668,-0.48467945385788985,1.5924774268830193,Low
4.807324117982561,0.7360958067815233,1.604187407968493,High
11.41622741192134,2.1972590655088906,-2.104862159668212,High
1.5232216220950536,-0.06777058177267764,-5.591798261451397,Medium
-0.5069527908282238,0.19211641618159475,-3.0468387167500524,Low
-1.189351166462151,2.0295209121514315,0.029421806606651127,Low
-0.33294573779971043,5.330843660129718,0.554653430040845,Medium
9.80995395369797,-1.792196142405998,0.29412005368741667,High
-1.5610404801152316,-1.4190801780924887,-3.6655364728033066,Low
-0.4620253000893545,-0.5938384084040826,-1.5728845866916583,Medium
-1.9946220021728636,0.7194840905971509,0.20659178458889682,Low
12.761401492962293,-2.9082710546502857,1.400039581314388,High
-1.0023285543249267,-1.688895242173012,-4.419118748467614,High
0.7162784947613838,-1.667118366917048,-1.7510824079355143,Low
-1.4544566765943223,1.4011211941175667,-0.3001649904284015,Low
0.3924514782292927,-0.6153667092290003,0.04826317861634471,Medium
-1.187925217946719,-0.7854054270165274,-0.3993579842403957,Low
-1.2223776129908308,-1.529679286912071,0.9105450736298404,Low
-1.785673270046168,1.0565656500534082,1.1116184061181267,Low
0.3925878806585763,-1.1283479885000505,1.2642027170234353,Low
-1.6572283487582113,-1.0356810862319275,-0.20522773850042578,Low
0.055368067404106165,0.6980899999909409,0.410161774769588,High
-1.20746985903983,0.02768676570775032,-0.44096278289911733,Low
0.02356256505293959,-0.4996275389112761,-0.11136401285176357,Medium
-1.6174100081369913,0.4243310488032498,0.18959782913561188,Low
-1.362993633133172,-0.9966926921778706,0.694755663076671,Low
-0.5743388324990214,1.8353399599258224,0.5031251104790332,Low
-0.1543030720966326,-1.4775546390505852,0.22449717020380128,Medium
-1.8601457234767966,-1.1578826220055214,-0.39805501183301834,Low
-1.12928316116562,1.0244602764442583,1.1266965130467985,Low
-0.32562155209115806,0.2760481652969066,1.40135574888497,Low
-0.23349934299082428,-1.7995165015235468,0.44063392269419027,High
-0.5034611158901081,-1.3908359100571077,-0.21507419730822816,Medium
-0.8029579209385538,2.1958947112735245,-0.1694786975824098,Low
-2.112092174159977,-0.11728685851428465,0.22518665914422847,Low
2.3213472179536865,0.21662938380663546,1.7360938460619235,Medium
1.2414452854377733,0.061224849976229005,-0.5354046109667498,Low
-1.8698584088958967,-1.5262214812027675,-1.6041402022491695,Low
1.6954734189571747,-0.3912391614884422,0.5594641135663191,Medium
0.017698341767324523,-1.7989101220293833,-0.4190772447935654,Low
0.9581106749641305,-0.5889341820140361,-0.8354562369851529,High
-1.5041686050696714,-1.3275657604569249,-1.3460777423240569,Low
-1.1043689228643347,-0.7027784842580105,0.23634969122352545,Low
-1.736939182966893,-0.3068671660542142,1.0652847126429308,Low
-1.8769104690268064,-0.5402776410096748,1.2137874889999931,Low
-1.3452137380477098,-1.4745365143709483,1.2469622437171728,Low
-1.6026879258611102,-0.7709141090663842,0.7861292302819682,Low
-0.3521417398220276,1.7652964554907733,1.1964191708091585,Low
-0.7626816511035804,-0.9030306330403068,1.291774593255668,Medium
-1.6559019348813455,0.42565930048122447,0.5763930274465985,Low
-0.8332340277074859,-1.309252008909185,0.980168231921004,Medium
-1.3108006206817038,-0.6668644766875632,0.9122690715373638,Low
-1.4657560005364727,0.0002627389514285011,0.7182575915058251,Low
-0.9436916990884745,3.7648467121352107,0.5140256694659671,Low
-1.421931494703196,-1.8751101807246784,0.8548767486958799,Low
-1.055766978577442,-1.2651667006436302,0.8657170225846478,Low
11.739060108292366,-0.4589410820385451,0.5269000525553542,High
-0.3990712776419741,3.5300286855301723,-3.8919628245885933,Low
6.726890358881333,6.054576151987073,-2.2416962671823795,Medium
1.099707611489747,-2.105047026410561,-2.861070288544304,Medium
-0.5608363201425218,-0.36090945864103724,-2.774662705042358,Low
-0.8345922524092103,0.09332945824960896,-1.3091034891493296,Low
-0.5906496231734901,-0.16595518465907128,0.9945859877378048,Medium
-1.6170519516963664,0.0479579372849234,0.6292559405822526,Low
-1.3864870798723925,1.4032273917668392,0.6541641093390859,Low
-1.1717845225465655,0.3250233580791847,0.9876252466522114,Low
5.363361916624504,-0.2272975218778965,1.2269039287273342,Medium
-0.022348388118150868,-0.9609496862937016,-2.0521891027655053,High
0.6698258922315109,-0.08735650810869591,-1.410139601387215,Low
-1.958722345866526,-0.8413494296300763,-0.6012424024624902,Low
1.7234686244050128,-0.6153451391329038,1.2406060411460615,Medium
-1.1979888319304992,-1.6890323279077406,-0.4973145273797879,Low
-0.41554444918792055,-0.967843712408506,-0.15931159064600214,Low
1.6680791497625136,-0.12769254532432822,0.08985200943794365,Medium
-0.7706047582754246,1.2974518790201168,-1.3639438927890422,Medium
-1.8787949721572705,-1.4416329223117335,0.07098122307525577,Low
-2.462817666468141,-0.554135442202654,1.437891672857784,Low
-1.5687701809805548,-1.0903467167782794,2.4564723405012514,Low
1.3138297953738636,-1.805672099133525,2.957954397167299,High
-0.46123825937187946,5.069242379685606,0.21398050812853747,Low
-0.4883406507998449,0.9187452313665692,-0.25123761592235405,Low
-1.7974694083203697,-1.6721924351406436,0.34694990111294954,Low
-0.37283702937961677,-0.10005755575531047,0.801758137821456,Medium
-2.1893281657654144,-1.1363485446674575,0.4504375291549007,Low
0.23644785942465732,8.576861571721931,0.9329611520117732,Low
8.723968874718945,-2.8015904609528737,0.4411508567499677,High
-2.148447220142904,-1.0967310970330097,-3.8137634507421856,Low
-0.7508311972592951,0.12511540457479844,-0.6889020223193877,Low
-0.459892278096208,2.402855342399274,0.9504379012534608,Low
13.983669101343638,-2.6088600536718425,0.35697728588929456,High
0.04122558989174963,0.3747384231738978,-5.253737232871634,Medium
-0.5036659422505044,-1.7905402691504373,-3.1777692161443944,Low
0.9901215734151559,4.399287859392789,-0.16132617939266586,Low
-2.8057235641999023,-2.1794098532618644,-0.8957921919828428,Low
0.45759099918761065,3.1718709082706407,0.7648505397216419,Low
-2.1317813155622543,-0.9313899968101534,0.8509766706794916,Low
-1.1445921295395955,-0.41808652304593696,0.5981200459194976,Medium
-1.054991107217065,4.14781693750568,0.7589174645336186,Low
-1.2495696317567653,5.649788118890338,0.7876234689799242,Low
-1.6372591311513165,-0.6756950579371422,1.0183838381195927,Low
0.23256573387213572,-1.0079189133085469,0.8885787856677181,Medium
-1.4734121114683396,0.045168885008621734,0.6234316614113099,Low
-0.7557949032029915,-0.5176601070988516,0.6779497656239202,Medium
7.302389865219676,-0.4595997874065353,0.9289976863551982,High
-0.4443160151989092,-0.58737534760292,-3.1146347267466705,Low
-1.5238534559219263,-1.8127297180723738,-1.8734348946537713,Low
-1.8517027967740576,0.7304134629086727,1.369138650418396,Low
-1.4061567192863047,0.7171119171219085,1.5773633686874182,Low
12.337676269869721,-2.404321078687606,1.2510242962227598,High
-1.3553039895983876,0.21312053009340193,-4.522027008902167,Low
0.7166295663277319,-0.31430034216773495,-2.3101481520855893,Medium
-0.8124569823637062,0.003818664362809727,-0.2479486857118164,Low
-1.9181305107401698,-1.532183560533343,0.040056540699901916,Low
0.31210883713748966,0.756041727859523,0.5895091684840796,Low
-0.6224316489434212,-1.0869482963281434,0.4041523168410898,Low
-1.37644244500495,-0.25035320395467037,-0.11230403177834004,Low
-1.7359221537335066,0.9891570952146008,0.37013897083145925,Low
4.474284683572629,0.9715215645367328,2.0015279559366546,Medium
-2.639170505670477,-1.5500274344809721,-1.5341037037249294,Low
-1.1606394818378267,-0.42035654865082506,0.1733964287324147,Medium
0.40404609596679086,6.158937571197455,1.5949298344083669,Low
-1.666449080493874,-2.1329093188280526,0.26799460314709767,Low
0.20139141275138647,1.997258566424553,0.9040221421158982,Low
-1.1721819206171578,0.11986872755379616,0.50439635033462,Medium
-1.9405298408204188,0.6014942363333798,0.01386007573652218,Low
-1.0125432963336207,-1.3073427743230264,1.4885600272399742,Low
-1.6608510149478617,-1.165285377470564,1.1938120094972426,Low
1.3562677488696275,3.905216139126314,1.3224808764491092,Medium
-1.8560776929939222,-1.638316537700668,-0.37477265468524207,Low
-1.504422891785752,-1.453896339924877,0.3913888177142688,Low
-1.9106385207849075,0.1476104615128244,1.284910084469455,Low
-1.1001534848294567,-1.240202736143419,1.5780450189407897,Low
-2.2194391041895147,1.4566749966045955,0.5529057767229041,Low
-0.1903923102021763,-0.5999491343092008,0.9717621623706121,Medium
-1.3740622910720994,2.6661516726200802,0.36606647314499463,Low
0.4836816144921288,0.7116854055502503,0.7828056461050507,High
-0.8810135449719078,-1.6552923666927626,-0.33309567362054143,Low
1.4773818123105333,-0.7406031904860171,-0.08573630670033455,High
-0.25271761994431846,2.1115904402854535,-0.9007586940880259,Low
0.8595708734981876,-0.5189363269554078,0.08898940572310299,Low
11.742347345637413,5.225617874289909,0.22777024315246816,High
-0.6323782331179724,0.4754624914607279,-4.312293231170844,Low
-0.1508403588343111,-1.865729759201834,-1.8200216637400388,Low
-1.338324026833984,2.652002113489506,0.3148818611714571,Low
-2.6255082514729073,-1.9068026482552018,1.015778141478881,Low
-1.6480942883185887,-1.0845901301181418,2.1923036904618365,Low
-0.3350300900427463,0.4406021052958713,1.728689297436506,Medium
11.225119288402155,2.099297061527978,0.6384881919008898,High
-1.7466275941688798,-0.4963575828449795,-4.201345832426914,Low
-0.4845577674321237,-1.5178692271957899,-1.887029429306041,Low
0.2886767613825374,-0.9204188472885934,0.6669158109130574,Medium
2.022661192963412,-1.0448981142954124,-0.36243211239948936,High
-1.6584630031967844,-0.953563653754568,-2.301324184419317,Low
0.6038739647132797,-1.1055749897139484,0.16986656758852026,High
0.19277588992355346,0.040271030752796894,0.17093545718187125,Low
0.8560724329893256,2.283322964023749,-0.6172888479353649,Medium
-1.2325857497732433,-1.576531015477363,-0.8487345387796831,Low
-1.293062098497579,-1.3890444896980882,0.11249181555653327,Low
-1.8334572801640412,1.2623683683120352,0.8134298275847454,Low
9.662054937850813,0.17928848815520376,1.1425223215877853,High
0.9401406507425524,2.426283222575591,-2.834297805098309,Medium
11.825924610360683,-2.6693848994970737,-3.1198698969675305,High
-0.6988007017980425,-1.5663572544304987,-5.678369763020578,Low
0.856027289161864,-0.4608140390440087,-2.629839141077661,Low
-1.0892623421741159,0.2784372503939303,-1.168698873948306,Low
-0.49212103840122556,-0.7737092850938957,-0.3682640455887203,Medium
-1.3665299968240354,-0.40041524653062777,-0.21387597182577112,Low
-1.1047736971038242,-1.2192790562336238,1.245973706558838,Low
-0.9642602579739973,-0.4614836390870661,1.0616055746403277,Low
-1.68265444096368,0.38837681139564456,0.3025336829027645,Low
-0.3474144802658686,-0.3018631138897353,1.3130333855609315,Low
9.108742769920587,0.00272682348168336,0.4693713912903336,High
-1.5069970726889115,-0.6960770262032535,-3.133463993862425,Low
-1.3584838017207919,-1.1352562764721468,-1.3609278536952303,Low
-1.3910407563864395,-0.913888230173473,0.5053172528924074,Low
0.21958875879741066,-0.6828784704133595,0.41869680478071597,Medium
1.2717206564196137,-2.1260211284460007,-1.0233836104137417,Medium
-1.6749910088207345,0.6181911285721148,-0.9453003826671268,Low
1.5579520329280767,1.1823850160039886,0.29186164540077,Medium
4.055354136531028,-1.2214128674771252,-0.409118374609854,Medium
-0.9981761402296847,-1.4624018174142908,-2.066388998334492,Low
-0.8627486480028628,6.478851108493469,-0.7506304803941704,Low
0.13839983143952447,-2.016272750156934,1.0380348860991007,Low
-1.1371558691181831,-1.468303124113228,-0.1898577238460736,Low
-0.9660904767444642,-0.5859290968955349,0.3826066508700801,Low
-1.2729154263902382,0.8328383136731843,1.2592259850032332,Low
-1.642056115741569,-1.3331321334325514,1.0844270176489708,Medium
0.8328488180374883,0.05409542583566595,1.1707965697978613,Medium
11.005878248799862,-1.3723212506128166,-0.1881231638999665,High
-1.4558250650359907,-1.4701004125827686,-4.383768821585285,Low
0.5915354071658898,-0.8958900831152393,-1.1772417899637828,Low
12.315688130274713,0.2899210851057907,-0.17158729804731107,High
-2.100852793889074,-0.4364913930175307,-5.175764539491259,Low
0.9156530886168907,-2.005701425752132,-1.7967232590698217,High
-1.7283709305962753,-1.2178840911230082,0.05108747037378377,Medium
0.72763103210351,-0.4674068330051457,-0.21909283325390716,Medium
0.49370896363490646,1.9624193697386216,-0.6005589637005642,Low
-1.1589047228404008,-1.2752124918762608,-0.060626944926495514,Low
-2.013941911945245,0.10127868967814961,0.4714636244912595,Low
-1.0400422841994317,-1.1904294740720895,1.3106290536258862,Medium
-1.1866880167358964,-1.0916458719304258,0.36866672384439986,Low
-2.1498528599037425,-1.4350395322556178,0.5905370626976724,Low
1.1909457970256658,0.8969642118918703,1.503313748614475,Medium
-1.7280439723642878,-0.6983873494204331,-0.22204482459807773,Low
-0.4534811566260553,1.510650501693086,0.003812233310943381,Low
-1.5460007944429204,0.386845399778788,0.31025695573431267,Low
-1.7169346469363542,1.4512660407105225,0.591850571000474,Low
-1.924584624133628,-1.1466369687852296,1.7807064197056806,Low
-1.9100887961152124,-0.9846100615081074,1.570241009202735,Low
-0.39458120264922225,3.8574911215921155,1.3864117133871818,Medium
-1.6171193398101993,-0.17209983726880068,0.5769541648926156,Low
-1.7004129770061573,0.8674945778753572,0.4594877409249748,Low
-0.7308158964238536,-1.9214379783979583,1.422669449652592,Medium
-2.2909295796570874,-0.6456736039664221,0.9148147599424361,Low
1.0859358429863977,1.7886340530483384,1.6863942935306304,Low
-2.2687751731864823,-1.5838894963610581,0.12279684450525268,Low
-2.2857946687809725,-0.17432046204555485,0.8853179269811007,Low
-1.0048342959619123,-0.6652583262453745,2.6569007353520644,Low
-0.36500290607307423,-1.6154143013926332,1.4299590210733808,Medium
0.3025127261740628,-0.7206921246361527,-0.10549645361932584,Low
-2.2367758694610953,-0.939073872222577,-0.5958358924494428,Low
-1.7683930577721618,-1.4358776426480049,0.9269313989517869,Low
-1.4828937401863544,0.6572571982973173,1.6891774112417481,Low
-2.530532673450234,-1.3522710642296811,0.9677512957914387,Low
-1.2728321913891685,-0.9452154248696633,1.9885031648203386,Low
-1.1656148509793787,2.322418765354959,1.4278326914570598,Low
-1.4991589229773914,-0.9860923695779636,0.9308157710755531,Low
-0.09196871074860011,-0.7130798253576885,1.0023526994592304,Low
4.442631115972325,0.9388097228003504,0.3385004076095517,High
9.362961565062271,1.933245551787638,-1.862668347937712,High
-1.6346654971172254,-2.1272385484337444,-4.663087139109808,Medium
1.1887733453280451,-0.6462636606117946,-0.9281483889051753,Medium
0.36818852984504047,-0.1327854030636193,-0.4401189525191823,Medium
-1.0541094783822407,-0.9940719471180565,-0.9988853206379587,Low
1.0480014021946613,1.1359913806935495,0.22635240115149077,Medium
-1.1169721425812886,4.681512353948334,-0.95387334045028,Medium
-1.0044378904119406,2.8547029257898773,-0.3458853608818389,Low
-1.4588805549574941,-2.002983919235827,0.5057843611502176,Medium
-1.3449548579679405,-0.9952859222657829,0.8145616343085628,Low
-1.4323942725077619,4.458349390949551,1.0237474870266128,Low
-0.7735885347810734,-1.0472525232307914,1.4372560060233803,Low
5.407973650503344,-1.3636306394198388,1.5662719699429233,Medium
-0.20557794492670073,0.24672217452821743,-1.3795939716705108,Medium
-1.6520548145706853,-1.2545850331672825,-1.0127427696493339,Low
-1.3446677639324565,-0.8655806718924415,1.0377069294959729,Low
-0.6541781819222167,0.14926994385432532,1.1339310730203749,Low
-2.0588779590608515,-1.156850240870014,0.007317482547569397,Low
-1.4854728647083406,-1.1399808049686686,0.9897394335248967,Low
-1.8694714443354126,-0.7745633408112448,1.377669907531451,Low
8.249687399740338,-0.24333060668332565,0.98610815893861,High
0.4015335751673528,-1.8341744860305933,-3.052110113582801,Low
2.5893762724982343,-0.5918173136997089,-2.2336580354984896,Medium
10.455218895584386,-0.8265764054956974,-1.791843403435879,High
0.3182116277265409,2.615033386202937,-4.609535297379517,Low
-1.2172898642501666,-1.7735552468725915,-2.8639393618616937,Low
9.78529479047031,1.739733344862837,0.4500458501500394,High
-1.9450860064925268,-1.6498665836673914,-4.010620821204772,Low
1.1543310792321178,-0.1293977074758487,-2.136562521523074,Medium
-0.3451226099451688,-0.931515691078718,-0.27543730381510945,Medium
-0.7931038432400632,-1.486064059069556,-0.8318495661191969,Low
2.1918407233028447,1.5837693339979275,-0.25573879150643364,Medium
9.895117596353435,-2.3929564554926226,-0.8372254574810899,High
1.1127099752824277,-1.75176510007871,-4.098568833074704,Medium
0.06648915646492903,-0.8961921307899773,-2.3962880810365492,Low
-2.1275890194807414,-0.330345729231988,-0.7978561218544244,Medium
-0.7492358683732098,-1.3155476797669492,1.2287072189138646,Low
-1.05879832233598,-1.2041082013456912,0.7104456739250328,Medium
-1.9975249114775315,-1.258968023306941,0.3121764134351223,Low
-1.2271755771135098,-0.05986139537652453,1.067387218995349,Low
4.610944997707971,-0.45015795262157987,1.4176488751397054,Medium
-1.8006259532036815,-1.1063177853403576,-1.1887753965413232,Medium
-1.0316139177438306,-1.4642650933796209,0.48532595131383177,Low
-2.3176391959079727,-0.5494547972429032,1.183713197846533,Low
-0.39550680260160415,1.1946464909809684,1.3608873571363698,Low
-0.0840063933134422,-0.3527236386980363,0.7338590403312996,High
-1.7866453165194998,1.5394758922208414,-0.18759918547393256,Low
-1.2621168113085428,-2.1028717702637105,1.3858786277270423,Low
-0.1950672613876614,4.9005918342019195,1.5659026793650095,Low
-0.26361947969251337,-1.296860209615421,0.8326219066191377,Low
-1.2098133682702559,5.168474884735807,-0.13660968304013107,Low
-0.6527186423241602,-2.634684883471623,1.0837685222130518,Low
-2.000566485290235,-0.29301263687948387,0.9892381985921707,Low
0.5424574106124641,-1.0840006782247107,1.4396968274858488,Medium
-1.2640662087574646,-0.7472989870951684,-0.08275364731595561,Low
-1.8401592676268061,1.5234774435140934,-0.03961765947249856,Low
-0.9449377673398739,0.33122838129383975,1.0420813904714683,Low
-0.444423727257823,6.987145768697183,0.4059283320665851,Medium
-1.066246616261118,-0.9001563030819012,0.5918820954670262,Low
-1.758817454928829,-1.0615208199189061,0.5984103245031375,Low
-1.3714832111633135,-1.4163088801958368,1.460122365001936,Low
13.742367507285024,8.35839143236768,0.9251144916793984,High
-1.7386647737695653,-2.105410170418876,-4.142113016300561,Medium
0.7836870968474332,1.009066008201709,-1.3679367815989165,Low
-1.8766781491113107,-0.995991246733939,-0.02548650345943606,Low
-1.718693802964293,-0.09102097727683839,0.4416295348696309,Low
2.7987199139503454,3.315439631513485,0.9737665777911273,High
-2.580318581496041,-1.9242690013985833,-1.0667422880258584,Low
-2.369735856972858,-1.0681658082114085,0.6543961188603784,Low
0.7084464417488783,-1.4999161857479952,2.6272701114143415,High
7.47179292895948,1.9055786985831005,0.23160758673655638,High
-1.1099187807410944,-2.012044003724552,-3.0676000751012196,Low
-1.1867041281028958,-1.357715839231466,-1.1029438132281575,Low
8.931325693224712,-1.317943696291897,0.8669890912225383,High
-1.502401849886702,-0.487962278177715,-2.765758527278193,Low
0.4292757520322958,-1.027990040070377,-1.0865225825666724,Low
-0.4293269582060907,-1.5766882794745676,0.6018807842571198,Low
-1.0537513230405586,4.679184906189068,-0.3069306499765519,Low
12.672788222185918,3.9402687679276935,-0.05778141986317479,High
-1.354264368100504,-1.752614530809666,-4.1987260365739365,Low
-0.4415535609222874,1.1857249431566932,-2.129387020307344,Low
-0.7352883979425876,-0.5135225907377817,0.5082292394371951,Low
-0.8699988086845177,-1.4355713544763766,0.38055443060435906,Low
0.5204245006979638,-1.2099709417744964,0.16347084030695896,Low
-0.24029453336819706,-0.44577656157873446,0.19627293060659493,High
0.864747885842352,-1.2397318122979195,-0.563778444423208,Medium
-1.6654242946623412,-0.9956678101897437,-0.8708962100252948,Low
0.6739483802913135,1.2847687002331545,0.469868364540355,Medium
7.954231602887486,-0.8273517095031209,-0.4962191632041755,High
-1.046432390547131,0.26373477869071765,-3.8358823359805996,Low
1.0895082759133663,-1.573821893008177,-1.0672057909249266,Low
-2.173289119325756,-0.16194844998002395,-0.524093139048929,Low
-0.8222650794148529,-1.154118087838438,0.4996095441895391,Low
-2.219175980166917,-0.43721272420430013,0.46640885530176573,Low
2.713072312509424,1.5151969705622013,2.009166910168843,High
-1.7250090350790124,0.7137452664642936,-1.0238553096861005,Low
-1.2530595892250571,-1.0981993282060791,0.3580462143678311,Low
-0.6930286210989772,0.12502120261326066,1.506218596352712,Low
1.8678666470551788,5.104200938908489,0.7921107765419146,Medium
-2.466538977864104,-0.8393194450360558,-1.2690238683139674,Low
-1.2801267143188975,-1.408992496174866,0.46141780828539336,Low
-1.3127583256791082,0.687261363580074,1.2772801103495859,Low
1.302325907013533,-1.785866700094893,0.7685070314232569,Medium
-0.8031479088429552,2.605034407185973,-1.1796421940640707,Low
-0.16313299812580354,-0.25963428453848997,-0.26294411230951736,Low
-0.30876189902844714,-0.7708207094516316,0.4446593677787745,Low
-2.114978206591253,-1.4846262556860883,0.006973333965693996,Medium
-0.7386521167286185,-0.679211947688378,1.2851308181209382,Low
0.6048418796666944,-0.1968120511735511,0.8304948932015196,Medium
-0.11214907557746161,-1.2130502991953456,-0.5107175322465796,Medium
-1.8508398356995306,-0.6325673432957135,-0.6070748129171935,Low
-0.8965143111023023,3.979026229611069,0.7245165729723058,Low
0.163010725237605,-1.5236453972660726,1.1194392123122763,Medium
-1.8203632179990672,-0.305404100975569,-0.4113357449232208,Low
-0.9840500241082856,-0.1462596466998167,0.48983692360665204,Low
-1.1759793056293992,-0.7783074593984469,0.9653690875490414,Medium
-0.04642395415558587,-1.3268860476402413,0.6786005855510618,Low
0.6699742116824269,-1.6551332026621155,-0.18871108859260513,Medium
-1.052392875458419,0.48952101015461863,-1.0976317646123004,Low
-1.0493335483413757,2.714836867582939,-0.27169924080204466,Low
-1.9134610706201207,-1.9522360060281534,1.3227791179965456,Low
-2.1230412014420383,-1.184058141298138,1.474414864701015,Low
-1.5372957506155058,-0.3660176622174995,1.7029678558991255,Low
-1.8530252394162645,1.6180089043595214,1.4361225277599765,Low
-0.37389435656943404,-1.6252637513513175,1.3799877087832706,Low
-1.813859375175435,2.039980167426848,0.502678096049012,Low
-0.578989151975883,-2.1080351680353,1.2873879443929435,Low
-2.3262690208878403,2.589479268613244,0.6906181120044307,Low
-1.7663649323658106,-0.9895957471239234,1.5022673514644702,Low
-1.962162901536056,-0.07536725481789723,1.5986176232181262,Low
-0.6442728382721711,-1.0580134497525475,1.7911490784777373,High
0.49707411513762095,0.5249548070848375,0.24904188087093143,High
-2.6311949021693994,-1.6914708928577094,-0.5361752532687989,Low
-0.009284865943454387,-1.0642419509191448,1.7154377443230657,Low
-1.7576595179486674,-0.19366244535743296,1.4232990174203994,Low
-2.029035569753147,1.5869109298739021,1.1669976309771244,Low
-0.9947591935201726,0.6302959311826949,2.3044297049847833,Low
-1.1663834288228998,-0.4472495914270226,1.4819754407545358,Low
-1.1356220587331731,0.19187996582975614,0.33936707708554653,Low
-2.3112312084289446,-1.4007312177560645,0.4143093383706552,Low
-1.3160358330590196,2.429719631958759,1.6388158395200796,Low
0.2653367957085235,0.340746883443471,1.596807095533409,Low
-1.710144464841651,-0.38152483488115624,0.29658558807171576,Medium
0.7773708158550457,-0.6987174069370659,0.8512241153541171,Low
-0.32117837907615676,5.152511751742035,-0.3139927717544141,Medium
0.694380442079073,2.663233233719657,-0.29870375366544216,Low
0.9120163563879885,-0.9213499743583492,-0.42107790914305326,Medium
6.498498803246656,-1.357806963803006,-0.9177567382955384,High
-0.5513764105739146,-0.254877731165527,-2.38776565754506,Low
-0.6930581778296065,-0.04035260484762111,-1.2130693305957623,Low
0.02507876673802637,-1.3087173289191316,0.003274132700525042,High
-2.7706940665611053,-0.9953371605442244,-0.16370219957055684,Low
-1.5307742938019977,-0.7927936245435431,0.8505999959292835,Low
-0.26303704027650515,-0.155597575653692,1.8980887969771076,Medium
-2.0431879897634895,-0.7693418797134295,0.4038401288976491,Low
-1.0877092568838274,-0.9101048974920346,0.8325137092112453,Low
10.945932600063875,0.6015250060030739,1.002815821439617,High
-0.7135079345800721,-0.5657378966148529,-4.113578095896473,Low
0.2233986963209579,-1.3435667336534802,-2.0790020181678286,Low
-1.6230392603459078,-0.4934385228529303,0.08970806986596498,Low
-1.6688916952165473,1.6520673989792447,0.47653540468863614,Low
9.434500174846915,0.7595659311931092,0.8914409256219482,High
-2.3653375162626977,-1.3188418529677148,-2.9089023102589637,Low
0.24555975331025695,3.885940575971533,-0.9182203606726296,Low
0.5569996951725267,-1.9999244696665393,0.35725168812705765,Medium
12.18535568214455,3.5394722430497505,-1.5460862840683984,High
1.1431295203552112,-2.580405890688387,-4.976782399608729,High
0.523328335012852,-1.8737462221567098,-2.5495831056744644,High
0.5084613623109767,-0.41010823709593647,-0.3654276930167988,Low
8.562479976555363,-1.3101745488481058,-0.7175007761782258,High
-1.6538147423695055,-0.24731741523349696,-4.198329014805147,Low
-0.768825767603279,1.4730440645044731,-0.7406456545471329,Low
-0.8847025969061327,1.6661520801785838,0.9667023268045082,Low
0.003893404763491794,-1.151364692283603,0.5629089877041279,Low
-1.6297575850867134,-0.5921398549937886,-0.4056570205600963,Low
-1.4850155604945439,-1.3114878022242362,1.1771856496659068,Low
-1.3177927344002505,-1.2431992233288336,1.115725569479608,Low
-1.8302451539389017,0.6462888555006592,0.7179418232599828,Low
1.0206120843324284,-1.8713784612709639,1.806430595215901,High
-1.6598908166980308,1.372422048765297,-0.27934602754723975,Low
-0.4004491309860377,-0.6521726256221873,0.15957919681437638,Low
-1.3479215632771122,-1.3882323226260957,0.4134781054263584,Low
-1.326512308684289,-0.29415714472387555,0.7610825823257407,Medium
-1.7144951252388692,-1.391692719164342,0.8795932905933632,Low
0.4131542434707777,-0.7405202619127699,1.1804253584322584,Medium
-1.228459653128326,1.7461357133417374,-0.16337941670866654,Low
-0.30627742591075896,-1.1807352379938802,0.10457173802617742,Medium
-0.8635026905329367,-1.3158792013448604,0.12732178708377365,Low
-1.0417444819226684,0.48216397918052406,0.2615435467980093,Low
0.23334510329449756,-0.2799231171245687,0.7574149992619837,High
-1.2278925295979006,-0.12699871854899053,-0.17538621629733564,Low
0.13194085806045983,-0.9278136276908707,0.3603286386792288,Medium
-0.44886918612302634,-0.7446426216886223,-0.01302899956563007,Low
0.14370318098823667,1.8109803035777787,-0.1509676778971563,Medium
11.222550579684086,-0.24453882480950892,-0.15401946912998346,High
-1.2999286327946598,-2.068417921059623,-4.870629632269356,Low
3.01619330510501,-1.0466240821385204,-1.6221274392606981,High
0.2736706008735829,1.8918800551430561,-1.5801423359143616,Low
-1.287243862841884,-1.9985405929531843,-1.5270362775612465,Medium
13.766764770180206,-1.0464354485323464,0.11042974548513153,High
-1.8077845087161315,0.32131807725394335,-4.616997902347057,Low
0.9909934309423502,-0.31153923530955613,-2.0425263620505625,Medium
0.006619520674439085,0.7938470009718238,-0.48789455748240496,Low
-2.0388478074935406,-0.21164657222318767,-1.0954871266474429,Low
1.9232951820972346,-0.2851944626032644,0.7044277729346586,Medium
-1.6170261675645563,1.0982123500196488,-0.19605046936936685,Low
-1.123067619024365,-0.04207169281723124,0.09747339040136835,Low
-1.366940716500395,-0.4793411402164501,1.345783048698818,Low
-0.9199507822472768,-0.3777612571169296,0.8922833375473662,High
-2.0425016315735443,0.4555538151020126,0.23363441375144034,Low
-1.8013222881631195,1.6846036978208605,1.101271982819936,Low
-1.2274342980020991,-1.6052521151839545,1.6659937934081692,Medium
0.9986779542243028,-1.1262499168904507,1.3188562210403716,High
-1.6318463877139566,3.678861310481976,-0.6237968049180994,Low
-1.1826263372637118,-1.0332719277697144,0.9405115727521816,Low
-1.9561085861376253,-1.1060884438989973,1.3122956257895622,Low
-2.472141974805553,-0.019699340894122865,0.8918929764955532,Low
-1.248712689661256,5.938357186182314,1.5139858739401546,Low
-1.3206959413658443,0.07562861218252413,1.495593552996761,Medium
10.448166162912287,0.2656501583505194,1.1670591705210165,High
-1.1443686326599618,-1.6282924568459594,-3.8986834916308495,Low
-1.5600782762723566,1.091109470614205,-2.097938285036137,Low
-2.489474203634984,-1.1085479413645418,1.1339844356079083,Low
1.218550712010134,1.9560956240422045,1.98940495826147,Medium
-1.881687018965423,-1.262148868344807,-0.3940175634693669,Low
-1.585383032025538,-1.3189200516796014,0.25853083035505703,Low
-1.5989127031106822,-0.17513232818614305,1.3004333587531953,Low
0.005905481224106675,-0.9450800444356079,1.4112217136498968,Low
-1.8403475461454257,0.5769940462735532,0.10974000643967409,Low
1.0461037862177307,4.230108968604324,1.0535122212371346,Medium
-2.1406331959906555,-0.8530032697611165,-0.19587834114086664,Low
-0.6004255830703685,1.4687684518993198,0.41872163401107004,Low
-0.960484103275723,-1.5223157158440934,1.0344155067563898,Medium
-1.3168635557223163,0.8587528826600717,0.5005851993220082,Low
-1.5791294813939818,1.4054715692021045,0.6513960151493722,Low
-0.9072948541573742,0.222014746269092,1.2366100416910442,Low
1.7032363228443437,-0.8302694575623565,0.8371064558666206,High
-1.5983270296706984,-0.2390822532501883,-0.48686250537258796,Low
-1.6809436337274273,0.39697698764600864,0.1863004928076102,Low
-2.0729189281494698,-1.4692778143354226,1.4008488814005646,Low
-1.2115339737802209,2.1273835279812077,1.658034932504162,Low
-0.13418362432048092,2.946469230821957,1.3401452066808792,Low
-1.6158461249311566,-1.2695854649792362,0.7004627271057859,Low
0.518885220773111,1.0706624362383748,0.8248878989043167,Low
-1.746261958972687,0.10246482666241166,0.2301414689252744,Low
-1.5785585011394236,-0.19636042741849896,0.8264646176400287,Low
-2.4219991142956863,-0.506792397117989,1.3733267126992417,Low
-0.8678518925526709,2.0405047234836444,1.5504546594967836,Low
-1.4748944579746928,-0.8735062364768525,1.2081258339381893,Low
-1.626722170337886,-1.327952494488245,0.9758406908640713,Low
-0.08280464776008727,3.23109666408192,1.6357957404454555,Low
-1.0531285339074157,-0.7439705063910715,0.8625163287240071,Low
-1.4139333046138525,1.9973592833469715,0.8007594424168939,Low
-0.07612699733665859,-1.9833347075735823,1.1664807497350274,Medium
1.2510695096172226,-1.7839516197128227,0.2959077703069868,High
11.238551904213702,3.713991933879345,-0.8040131621563186,High
-1.4656856143311632,-2.295993501664161,-4.430491664327893,Low
0.6796610385530714,2.2138959862473833,-1.3724155876298396,Low
-1.0482593480518845,1.4679620196341931,0.11752163400107844,Low
-1.643488919055592,0.3257711923229344,-0.07632586853584039,Low
-1.649732110361294,-1.2177266062427146,1.0859024470331147,Low
-1.8878082501687776,0.023444347261452433,1.6515628710717964,Low
-1.2244159568291229,1.4410661572072343,1.6080539456128584,Medium
-3.0724371088753517,-1.3621293840268323,1.3187972980664786,Low
-0.2525283613299712,-0.9011813590543025,2.4216974122641934,Medium
-2.1878869164005583,-0.3790963830496,1.0594094045746,Low
-1.49727833766136,-1.3771072889479006,1.433073893351181,Low
-0.6287555318668598,2.500683671778915,1.4989528672744525,Low
10.220105792583272,1.4864702998395078,0.4913579695461772,High
-0.8312182862957935,9.755545458577267,-4.241931069977717,Medium
-0.6838208138025832,-1.6530397088019522,-1.2661765012696715,Low
-1.2057804519118194,1.123922812075383,1.0469397992754017,Low
-1.5381314979700247,-1.6959004069248405,0.6506926789428394,Medium
-1.4944556637704889,0.6104423721092559,0.04076963618347916,Low
-1.111502840377839,-0.3932871507525511,1.5401525189346335,Medium
-0.9066833390909039,2.065007479003244,0.9054340474906535,Low
0.7277578253807868,0.9912289252912485,0.6392361625017664,Medium
-1.1124630396316413,2.930277119124563,-0.6379404865170607,Low
-1.0568389784983636,0.8449967875063199,0.0981331576821102,Low
-1.594774900747616,1.6448461063160682,1.7397739311649547,Low
-0.042284815251282665,-2.287337880598188,1.3387510552318873,High
0.2847255759278585,2.2244830320123095,-0.1952438169377479,Medium
-1.9875594665608936,-0.38012156729458146,-0.9039027455063778,Low
-0.9491921877481296,-0.5895623591524685,1.088311322546665,Low
-1.6677853649567704,-1.4813966422908984,0.9417970918974845,Low
-0.6918436650120254,0.3340422548543673,0.772695776302332,Medium
-1.4784051512258858,-1.203758328926233,0.8003309830125184,Low
-0.9477702271827133,-0.22866445614448905,0.9302847802541475,Low
-1.7535367815209335,0.6822086088444366,0.5784031577643524,Medium
0.02809849580156077,2.7083072566618727,1.2306333665971436,Low
-1.7060978423864155,0.7842063457222954,0.5915626557982266,Low
-2.1762720381554534,-1.2223885724614687,1.0193304053511918,Low
10.132438776010126,-1.4190642282201353,1.9409541896782223,High
-0.06749791761112495,-1.6756765491463892,-3.5415275043683967,Medium
10.726410455732404,-1.237165922206048,-2.0249840703997353,High
-0.8860544117701848,-1.8192678317834838,-4.323346864803542,Low
0.5757993154904514,5.337920749609546,-2.3178244176499305,Low
0.7041304092347391,-1.334105915852974,-0.7669763563574242,Medium
-0.9798462312555328,-1.5006456615073243,-0.827840532329097,Low
-1.0084044315529626,-0.5774417146565801,0.0241841964956628,Low
-0.5662551081934838,0.01805797768817004,0.9766131889254968,Low
10.66208681771069,-0.8418194125773927,0.11111427692577514,High
0.15000653957049245,-2.0159104355824438,-3.838996882993896,Low
-1.244044115038911,2.492077641100415,-2.5377654532712213,Low
-1.3222160369992049,-1.8905519469523295,0.5330299606794663,Low
-0.9439519775685015,-1.6493551495737546,0.9640821012179707,Low
0.4780779545303981,-1.5340963187102399,0.34191733703138577,Medium
-2.350494919048415,0.08334182265512019,-0.28919016755195925,Low
-1.559315749645577,-1.2335984136069138,1.159393864669247,Low
-0.9398538799449676,-1.4677224853699866,2.0423951419399677,Low
-1.4057421358065305,-0.5407430220030301,1.2340400018566657,Low
-0.4639481902757855,0.4480840554730801,1.0996340442149093,Low
7.727728341490015,-2.232353510899087,0.4367527907389298,High
-1.46022129741377,-0.8393752082846635,-2.5212983761709546,Low
6.036388856126021,-0.7171849017202282,-0.019281060473512475,High
-1.8447665251533503,-1.4045749759510564,-2.0232734871600906,Low
-1.1528786657385743,-0.4359083288849592,-0.7903294084264011,Low
0.15170497109216577,-1.7704395372446589,0.6064116354490333,Medium
-0.9929869436535346,-1.302048072030229,-0.046115588775217,Low
12.552607209408354,-1.0354504638189588,0.516117418410034,High
-2.836143502590704,-1.3192207450871107,-4.078093546091621,Low
9.843175738284588,-1.8972106291717197,-1.1062833894768855,High
-1.719891107803295,-0.5158155520539744,-3.367189436588166,Low
0.4382418821763226,1.6220599961247149,-2.0956885638400196,Medium
1.7252087111126464,-0.4851654489412538,-0.6785850210525901,High
-1.149764716911782,1.095430893272486,-1.7190371339363517,Low
2.7623282531362703,2.226058330650728,-0.8461761524542765,Medium
-1.4893147940822629,3.2830470942195764,-1.3270029945064192,Low
-1.1490129962065296,0.49691486920706396,0.4047006402048748,Low
-1.1391069649627468,0.22391359362559754,1.1054304187813935,Low
-0.6333742502919479,-1.1033855449869132,0.9555601951658035,Low
-0.7690561015504773,-1.2886317973929153,0.6179421663192141,Low
-2.1667590486626374,0.2666687612038915,0.47028538343421006,Low
0.31418299332130617,7.1131407411484355,1.2219874525355972,Medium
-1.8102964129233867,-1.8798839119783368,0.5595674157863118,Low
-1.338799180914293,0.9299314621016365,0.6905829696225558,Low
-0.6952379343464818,-0.34463870167433847,1.0888626206359215,Medium
-1.2639030844917094,-0.8280664685135182,0.1952257220038225,Low
-1.3481842103542392,-1.1001883870936247,0.522784309966524,Medium
0.3714633532724908,-0.5606812508223522,1.3429438988521043,Medium
-1.4396629954250988,-0.7927742428103496,0.03938768578181028,Low
-1.6395042545029008,1.037879966895802,0.34209351274423855,Low
0.5395567972275949,1.4228307956939827,1.0190793037911352,Medium
-1.4784782901030922,1.8263809755511815,-0.03782540058461735,Low
1.0593389616504338,-1.4820521291412128,0.6859990703860077,Low
0.5724457041455684,2.4558728045898777,0.03479286009113469,High
9.973365983390236,-2.0896270933602605,-1.26999779308141,High
-0.3991036276024017,-1.277857888906126,-3.738271841719003,Low
2.007058776558304,0.2507928399557936,-1.8454591134783587,High
-0.31753051819604944,-0.854567679882754,-1.4814515061335956,Low
0.4914711726545537,-1.728915551373817,-0.8301306199352209,High
-0.9721781235388973,-0.6697534835854526,-1.2313871329784756,Low
-1.2103635238769106,0.48251052096215813,0.3887356858895345,Low
-0.5916376211228147,-0.9506457655904911,0.986488088074703,Low
-0.14323642952110463,0.8721116822526509,0.4157660427147983,Low
0.27457694608616373,0.14654266167735056,0.02802019714187278,Low
-1.6689184355113622,0.684905901408145,-0.22931857253653676,Low
0.46935182000793624,2.0240264525344034,0.8651232765213948,Medium
-2.1438516856975953,-1.5009483501445682,0.14789487674898502,Low
-0.17035474185431687,-1.2650745379657775,0.9882236869423365,Medium
-1.8176313115279013,-0.7472414957494066,0.18681577066827387,Medium
-0.21880948006474818,-0.5418675343733749,1.1502713111587353,Medium
-1.8928384937873939,0.39588222713664767,0.24088089883049213,Low
-1.2025425261923894,-1.7721247028743514,0.8564058798873275,Low
-1.3873845157231606,-0.8204289162971403,1.2141506733164464,Low
1.3554211333400255,1.2616668147812238,1.029865563345521,Medium
-2.114932203844889,0.014557095112824214,-0.8771293467113794,Low
0.7572981439632257,1.3434353636237841,0.4396557984953697,Low
9.789046308375006,1.2310215284076056,0.5911556234632724,High
-1.269168959720238,0.07133146970677366,-4.264556143418671,Medium
0.0319565071040594,-0.07284600431572008,-1.83634228963148,Low
-1.5722254367995339,-0.9144038071255616,0.06711217015569823,Low
-1.5783425389522994,3.6844126352270266,0.3758731881069993,Low
1.0303888604491913,-0.7963632653068162,1.527465123464094,Low
-1.7501320506244493,-1.1341481558381936,0.2279532556048362,Low
-0.8120162804192032,-0.7845289245631548,0.5202731349178434,Low
-1.8170835271986523,0.7102425790389963,0.6490483380521312,Low
-1.831779968401324,1.9209900244887088,0.6148580042196946,Low
-0.5175373775766575,-1.9693114565368166,1.6535398785841278,Low
-0.016889489248651322,-1.3719545285235186,1.1950595638987525,Low
-1.6869999093470318,1.719601703370285,-0.17873310467659115,Low
2.0095207125095684,0.62159634181352,0.7459336799331496,High
-1.5047063022275076,-1.6450869672895463,-0.44242815170244193,Medium
-1.1407460992172707,-0.7631486645509544,0.09547714150767916,Low
-0.5790288906951868,0.29632467913338933,0.9377790124019981,Low
-1.864787875730249,-0.8067255895912119,0.6886299021266462,Low
-0.9533783125568659,2.5281437303925185,1.1282984329853618,Low
1.1814297490020391,-2.0685496902432368,1.742063030241398,Medium
-1.875455942404173,-1.1394599208447513,-0.5272518118571285,Low
12.2370010663815,-1.8201800940295199,0.09786059011042868,High
-1.755120683832227,-0.8484823838356036,-3.936798537414173,Low
1.853883055837916,-1.6008721121432323,-1.4033451199902154,Medium
-1.736260270598118,-1.5130113050787266,-1.295389482154548,Low
-1.6838035926661772,0.46355204226356067,-0.3669998321335321,Low
-1.4830788259845133,-1.6290142154281524,1.1298768125225658,Low
-2.0035028379725768,2.4860830142223405,1.6677686482990632,Low
-0.2278196463957183,-1.2766982406289311,1.6155717093182156,Medium
-2.5687068500104475,-0.5885209247655766,0.7625690354324244,Low
-1.6082306869122278,-1.132025888874862,1.323941513160281,Medium
-0.29511348823171013,-1.2470720004174944,1.1783003075975265,Medium
-1.294716512405871,0.3090280364243464,-0.0270324080042727,Low
-1.2372395382011736,-0.2609038954733628,0.17291297238887096,Low
-0.5864593483744499,0.7607964779272223,0.6275906982377555,Low
2.252906772757848,0.16116315170878573,0.3489605855381382,Medium
9.6239245771786,0.22528555688685933,-0.9855485358354795,High
-1.9382933646485863,-1.004749055868904,-5.221064429735367,Low
9.192396964366205,3.1817486164622215,-0.9537489004298537,High
0.5789829243430434,-0.7101215593870468,-3.2609141960166235,Medium
10.523459770281624,7.496182589192637,-2.6708441832998777,High
0.13373802808540228,1.2285553156356415,-4.577519483201201,Low
0.7474985698922435,-2.253734583165531,-2.586733875060085,Medium
-0.8516961655964956,-0.8469081729766175,-0.7657720174275243,Low
-1.2236122466336559,-0.4578615462397931,0.19173483487641774,Low
-0.6883910146668056,0.9020060240574618,0.8616674298041928,Low
-0.05814784324288595,0.9637855556989607,0.7781096596794045,Low
1.0843432232271364,1.5076235134058762,0.2743308492164001,Medium
-0.9749509977519815,-1.0803053384690937,-0.7675443316117222,Low
-1.0445625550083577,-1.1938173962789715,0.3491386399859512,Medium
-1.3881664756235865,-1.3842892933645432,0.782086795642025,Low
-1.8226995148324168,-0.38778161642885345,0.8142791601944114,Low
0.2141814146707973,1.1752566857014368,1.4419574583946189,Medium
-1.7987826202360016,-0.9810292541487692,0.2603873431581708,Low
-0.8963814726146494,-0.01431610149691084,0.3919971074225996,Low
-0.062110258089041685,-1.5499677153085556,1.0278546717790957,Low
-1.668397434645179,-1.3959175107941388,-0.17922474543017355,Low
-0.5412375331327239,0.7704150447738698,0.5706877987528903,Low
-0.7640347676155318,-1.1064883830156769,0.6718505224106256,Low
-1.5589196659671274,0.6868179258025559,0.3624811976540201,Low
-1.7241489999942485,1.4308524551032895,0.9082617676096149,Low
-0.2527730402143596,0.545705767706003,1.321480170170714,Medium
-0.7666225496544944,-1.7215088312365436,0.3645653384013345,Medium
-1.7497934715866854,-0.009235861197013395,0.049736078512151505,Low
-0.4031905468008401,0.608746202308756,1.0069092038106298,Low
1.865701764674738,0.7876513276296496,0.6226757872303275,High
-1.4814779726160898,0.31092105177058355,-1.4846642541202546,Low
-1.5079984859099607,-0.6030096579965597,-0.06709135144335446,Low
-2.405241451532115,-1.27758342012068,1.070301785632331,Low
-0.039020902415924624,0.19839043566449752,1.4757487044312423,Medium
-1.3923897058689318,0.6632131575123517,0.05169836856906503,Low
-1.6783754688548738,-0.947930704407504,0.35288689983716204,Low
0.6529694387667296,-1.3998226715822613,0.9993552173526669,Medium
-0.5919333968801019,0.9166326863687533,-0.5208242615766474,Low
-1.7606116442567235,-1.0534800368759882,-0.4242631670541379,Low
-1.928434830175472,-1.2443388237479338,0.5625996830430523,Low
-1.803385359582465,-1.0850596885857122,1.497346382476308,Low
-2.328488832317325,-0.7702651852972247,1.2388784615395285,Low
-1.9172278174866422,0.07804037466251144,1.5084624167967735,Low
0.2530068833460404,-1.170084788508327,1.4685552490570033,Medium
-2.482811678369359,-1.4851822027480515,-0.07596634036087525,Low
-1.5934250431498787,-1.4889738910153079,1.264521777532334,Low
-1.8938864655584775,-0.863790022929791,2.0145734833822315,Low
-1.51336891135933,0.4843082009049356,1.528575544974246,Low
-1.919493549590526,-1.6795685111197074,1.557125522196393,Low
-1.842086057713117,0.13136496309833876,1.5287565080182604,Low
0.043240720341904584,-1.122259207343773,1.498009503968252,Low
-1.7149684851836937,-0.7718714900104372,0.3054453485985434,Low
7.95130487939736,-1.3749381905553808,1.119383401963073,High
-1.9004251947660533,-1.3153334676085813,-3.3727500270026227,Low
1.3900079218866543,0.6283630381580353,-1.3431911576451048,Medium
-2.5343952880230294,-0.7192767111448923,-0.7888416454205727,Low
-0.5226713399756027,1.1491028396173126,0.4648313134160751,Low
-2.7297180342793084,-1.8839310286183715,0.6428626997636415,Medium
-1.2928035383065604,-0.9297856746206831,1.6261541445441474,Low
1.3314118021184902,-0.6914116498644971,1.8488023467144452,High
-1.73289978129585,0.8325865906411968,-0.7666741793319132,Low
-1.7279332339331583,-1.1712992845869223,0.3683691307851425,Low
-1.3872864982678965,-0.7441656557225745,1.4876703604300447,Low
7.576232315194148,-1.1311827758021509,1.5465898250263768,High
-0.09029219344555724,-1.5133784342128787,-2.5248278856822646,Medium
-2.015454954035839,2.3158771780356906,-2.3980358526737735,Low
0.3727673108145717,-0.8846493616410781,1.0448798462183786,Low
-0.3075791241180477,0.7465337939325085,0.40635581871120685,Low
-1.5309038949704112,0.0711112166294562,-0.3795838651499777,Low
-0.7058281227394753,-0.40811567219994754,0.8861678909308903,Low
-0.6282789549049441,-1.5888124784326758,0.8979576437139025,Low
0.026495139804647162,0.18724852458266136,0.19019874447345356,Low
-1.9910383037772093,-1.4007789343084087,0.2845480518192983,Low
-0.3426093701412505,-0.38369176457313525,0.9983611150183228,Low
-1.2513473074929453,0.29035829857197964,0.6578907549055135,Low
-0.29087960241888283,0.9916068618799276,0.4004244786044445,Medium
1.4145626395631299,-0.6404975028082732,0.6104522568836375,Medium
-1.9325211082430769,0.12787534126402875,-0.6423498386233095,Low
0.472805586145079,-1.5790498903587524,0.5759403685458012,Medium
1.9287827647662779,-1.1030787134573008,0.015918721454832432,High
-1.4260543162867516,-1.3799128477434088,-1.6497809103541075,Low
1.4167704509487555,1.2851485854801477,0.11419034964303107,Medium
-1.4742418523806238,4.371726839024887,-0.5173395855090999,Low
-1.7582448451221748,-1.633123061939019,0.31851227960666856,Low
-0.13857351852238922,-1.4849706922173784,1.9058823416212747,Medium
-2.011326588150984,-0.7500785244219579,0.45983787941641724,Low
-0.16056154804491865,1.61480251622496,1.127012974965537,Low
-1.571862511833692,-0.6947397872792493,0.7452273427082284,Low
-1.0656804694415294,-1.521267464106153,0.8597186638200105,Medium
-1.8276841079371782,4.940754289023286,0.002948040445664503,Low
-2.185381341259972,0.5680939613169003,0.8402522128898271,Low
-2.1631889579904633,-1.8028755118173987,1.679916047556165,Low
-1.6537812948866617,2.5085407483469044,1.929058139440582,Low
-1.2003932509144446,-1.0140656297440183,1.764536579720873,Low
0.9805494491942637,-0.5508551006621494,0.879430592757412,Medium
-1.6745713815700205,-0.46893634765261777,-0.5529070399461049,Low
-0.4868379130600073,1.6859733940992798,0.3363770703218067,Low
-0.38017794476631206,0.16170984484094836,0.9183257120063012,Low
-2.1916155433770346,-1.6180276536731557,0.2155907568654642,Low
-0.16524833688459203,4.334774193129725,0.836550740615515,Low
-2.5293292299572894,-2.055314439009657,0.6225334443012714,Low
-0.5250477036155959,1.2579201289671744,0.9814299762944798,Medium
-1.7972907407490957,0.036675240992257746,0.28369660281826553,Low
-0.05195118141827357,-0.941761775917766,0.62350843231116,Medium
-0.8028605100160687,-1.464607673254812,-0.03574175357673353,Low
-0.7834195097435072,2.468267783360278,0.27669978571920056,Low
1.5732574531239114,-0.7790738068673976,1.1069097885681998,Low
-1.565242687990166,-0.035258196756762,-0.6364614695593204,Medium
-1.7245819114321743,-0.4463588277105058,0.49957106998160467,Low
-0.701040486116716,0.694649219792483,1.4737552967430052,Low
10.679805530823321,-0.952462173289034,0.9100211767624774,High
-1.0609716704300949,-1.3456124088012997,-4.584452212613714,Low
-1.1478437015639318,-1.175233421286359,-2.4005041100316515,Low
-0.832780789867557,2.553512441765883,0.6997632211030441,Low
2.0122498144497674,-1.1769197630457653,0.25290995234258606,High
-1.3164884426584498,-1.5595803728282,-2.1284879095106186,Low
-1.3961036095131985,2.943451115121171,-0.07063474652233093,Low
0.01635028443523652,1.2868744659136977,1.578458774766382,Low
-1.4795590867953363,-1.5922441765324167,0.5931584430415106,Low
-0.3142927330412046,11.955526136978007,-0.3024188399335515,Low
-0.799661515332923,-1.497016096219697,0.7374504251102821,Medium
-1.3605304231537207,-1.4020488991744928,0.35493436165782344,Low
7.007940031375861,-1.027194332327995,1.1532733864764844,High
0.6508417638269982,0.608463758292709,-2.706292854180309,Medium
-1.2743233208487617,0.49972396512936446,-2.8529544434881955,Low
-0.9154253835711785,-1.582096046861202,0.17024426536738296,Low
0.37086671882207345,-1.0030741460694435,0.8845078172874542,Medium
-1.1168187563734298,-0.9413232190510731,-0.5438913143182629,Low
-1.3526697089478834,0.5295105689636931,0.09137636225331774,Low
-2.2665551890297717,-1.3364227482117974,0.560991404896814,Low
-1.1504183219668738,-1.2150892011979004,1.739998858794177,Low
-1.5599093295983884,0.2526693895701374,1.2562989774163347,Medium
0.04065180320702528,0.7325673543519925,0.9556342534738668,Medium
-0.8036830334916362,-1.1587700234192913,-0.13165698895298125,Medium
-1.630733133460357,-0.9064987496187007,-0.06789441007071517,Low
-1.6076724577110155,-0.8892005648237806,0.36938027130675843,Medium
-1.1425466419759898,-0.5459093421304838,1.3595627263451247,Low
-1.5434437031025838,4.677183542107043,0.708872603724181,Low
-2.0201174670481694,-0.4266423258388432,0.9772410430159694,Low
-0.23904929261937893,-1.2586953569492412,1.8431831257992515,Low
0.17829425603468982,-0.1325855032495755,0.6000941000454955,Low
0.12144657371435125,-0.35350700683910236,-0.2697578393564136,Medium
-1.1846615682981092,-0.16804285881516334,-0.2819677808756845,Medium
0.9247252164118944,0.025899737001802575,0.46516648865746957,Low
-2.1650072286962585,0.7250698256456781,-0.37938788224750525,Low
10.902821897920324,0.16700845482066518,1.4634653994033504,High
0.6220215304395852,-0.9799881309359431,-2.4879338262578443,High
-0.28925477010087397,2.281852237465416,-2.984775872903692,Low
-0.6913921513911858,0.4558203553631868,-0.7490854413753325,Low
-0.9389763731935552,0.5505931312769605,-0.040108921746648096,Low
-1.2039707688659833,2.884745463851512,-0.06934778513806389,Low
-1.835135684232564,-1.799356800055609,1.2330700743752947,Low
-0.9260627852479517,-1.211864835982176,1.527949728149512,Medium
1.0782668198868637,2.0874536420255447,0.7048935809957254,Medium
-2.208597063883496,0.34402958837921715,-0.6871221020406533,Low
-0.40642718192187854,1.6271272932570593,0.9221428431233956,Low
-1.922639861709593,-1.7839121049253193,1.3626492063999651,Low
-1.7406151493794282,0.13982059083954718,0.9465198389777599,Low
-1.8720350103320889,-1.504170156703939,1.122842493820309,Low
-2.1123746845060123,-0.11697973064521654,1.5475291309498382,Low
0.798163598713645,-1.5662641172853857,1.907151894640082,High
-1.63668014306881,-1.5287889363057452,-0.20785475125264988,Low
-1.6445107680541486,-1.3067258925090366,0.5227413966591906,Low
0.5309412951314036,-0.2542118214032333,1.6400241405545113,Medium
-1.1459051532910134,-0.3729928713019468,0.6341984321553805,Low
-1.6344685205047744,-1.2388908688978884,0.4055963823132934,Low
-1.4186596948350478,-0.7602927705578804,1.3733988765029879,Low
-2.156462687077903,-1.163306688981006,1.229698403066111,Low
-1.8666923629582317,3.5794001701388587,1.6596122392692416,Low
-2.209512365347291,-1.316967005367371,2.016597760352409,Low
-1.4743309281219954,-0.7279050797857195,1.7707437653300804,Low
-2.1296746079624826,1.7380763017473264,1.3850318814190448,Low
-1.6391356471232974,-0.011584039453525949,1.3684406677513403,Low
-1.325024491231063,0.2544088487456166,1.1374029254280917,Low
-0.7083916904904357,-0.14594213446962925,0.7121754718785972,Medium
9.409247671843712,2.7491996021627108,0.6378672393039866,High
0.6717812390658469,-2.1453086615685297,-3.603955539799542,Medium
1.036740912530833,6.396433816852466,-3.109816086069539,Low
0.9713292237944614,-0.33883223896433656,-0.8989413225182364,Medium
-0.3222102280298514,0.21941069376654118,-0.707868449416178,Low
-1.0386291844306286,0.18217938780487286,-0.27418319545663355,Medium
0.6819713510549676,-0.4632994095858099,0.8180359382980631,Medium
-0.9070082325291082,-1.5525026096105232,0.0299849100541872,Low
-0.48219028930540014,-1.0795826630570529,-0.27629369653433866,Low
0.14931172001806406,4.375805163380037,0.12016692408212516,Medium
0.7538227899833357,-1.4524671053654232,-0.2329531318420715,High
0.8367098467690367,-1.0246547638796006,-0.8707502830840486,Medium
-0.014985535794485381,0.621278388635342,-1.2257151543347808,Low
-1.0044432194971509,-0.4182435421361203,-0.5710395631490887,Low
-1.6724887315337005,-1.8187490792174952,0.2544122886518691,Medium
-1.7302256957307407,0.835303059857248,0.9735997257130427,Low
-0.6942388898296177,1.2690084879214545,1.0407582029824183,Low
-2.1811240332535937,-1.5148926266278353,0.5633229730301091,Low
-1.7415829293507543,3.743201312513596,1.726727025401712,Low
-1.6661844424335204,-1.8827253633138397,1.8996524885452992,Low
9.318087292275663,-0.9403224533777509,1.2006401446876949,High
11.597489851342475,-2.395964686505659,-2.884842372708736,High
-1.2351502272795112,-0.08114296195044261,-6.590968645664573,Low
1.0402315717246984,-1.1313162553397658,-1.2587050743917831,Low
-0.3472187965965445,-0.9631986220491783,0.024843359909104412,Low
-0.8339812070302947,1.3474298015915538,-0.8916830814833495,Low
4.649418828946411,-1.8355015306331666,0.6833583752265225,High
-1.6309516034124327,1.7944475118640426,-1.9308929493314482,Low
-0.6249377234116498,-0.4663210093043083,0.05094581061088332,Low
0.9406705227834978,5.001483626244343,0.954500045128554,Medium
-1.647526697759542,-1.1753280102854682,-0.5029129516042317,Medium
-1.107158458807429,-1.5176782457127247,1.2620030016947676,Low
-1.0758581772159643,-1.1584865495902636,1.571182082217709,Low
-2.006745562100554,2.1031249084528776,0.05739586312400841,Low
-1.6101787592275774,1.3382087950631114,0.9480815013847367,Low
-1.1683081015214425,-1.1611347634927898,1.5286448320228645,Low
-2.0115209253090494,-0.055989767654694066,0.660322054889264,Low
0.3369801744098382,-0.6823418868480359,1.0359577137908744,Medium
-2.322398442412004,3.2461443694027925,-0.3808899156443359,Low
-0.7614085553347079,1.4526156507259005,0.9185784098279753,Low
1.1856033224937732,5.007786033185953,1.4080214938140738,Medium
-1.447376524559555,0.6269961502051834,-0.5115174543217306,Medium
-0.4460512602207009,2.2299516781724384,0.1974690031234792,Medium
0.8398798056676725,-1.9966083478898142,0.19399658374991421,Medium
-2.131487194379092,1.2270944509003001,-1.284067466332733,Low
-1.3595189195872752,0.21609642028193135,0.6254704926070755,Low
-1.8522885788866255,3.0549925514999914,0.845072392862895,Low
1.9757563609206845,-0.8703990031262874,1.4742155345033514,Medium
-2.468628543748226,-1.6448583993262722,-1.1365137614957823,Low
0.5748894914422324,-0.07652932766993854,0.6016733042931638,Medium
11.819972270218624,-0.4712067223694625,0.32199176851607125,High
-1.4572159992622153,-1.3741314792992967,-4.492403479916239,Medium
-1.0666908225416265,-0.7384075855157597,-2.028238136864178,Low
7.822102290051662,0.0940945659592201,1.5735673179789758,High
-1.5839461969765896,-0.8068884149897422,-3.628967790532472,Low
-0.40826340994353216,-0.8609065399673087,-2.431558183546973,Low
-0.6891447949265852,-1.2856435449690293,0.49985169371876753,Low
0.4732174183777221,2.543773667559734,0.0281211522093021,Medium
11.164219672873253,-0.7105803472587522,-0.11258984075824625,High
-0.7217445017222682,-2.022338400779006,-3.633630189371125,Medium
10.946069394408662,1.0524328048367468,-1.488133316611782,High
0.15648059568626907,0.38269652278827,-4.792567835832538,Medium
-1.1385732629312737,-1.8376939452506917,-3.212688621053071,Low
-0.06487575099293072,-0.7152676238933777,0.29313539584067394,Medium
-1.6762847254176383,-0.4151753395951269,0.03459927506764027,Medium
0.26965147583143595,-0.13529859487539758,0.6981527185000154,Medium
-2.048956950200929,1.023074870632113,0.11345262096637578,Low
-0.7315516187500652,-0.750729193976495,1.0411629702605618,Low
-1.6333958307468426,-1.3991450621024015,0.40628423410186354,Low
-1.0629958482012296,5.412813538832715,0.31073390074893914,Medium
-1.5453618210822968,-2.267396500097705,1.0211771524601705,Low
-1.1794800671183332,0.9060573900437005,1.2808110244493303,Low
-1.8181829841703994,-1.5143928388843062,1.0168036833202518,Low
0.5965617839972315,-0.9689188266780174,1.3314344455798552,Medium
-0.9956217125895821,-0.39800175808942223,-0.21123205230149084,Low
-2.1455530923787536,-1.3370645393492389,-0.26596473166533113,Low
-1.448595354735774,-0.5255052606615336,1.3432748602389153,Low
1.08599701995805,-0.8127962977767734,1.5257824814972258,High
-0.4087838339918995,0.4429498229425266,-0.6642266475969554,Low
10.055204454039654,-0.049630055183405755,0.8500362162669519,High
-2.1034523064107717,-1.5046344276477037,-2.9944652152322253,Low
-0.2546103300752467,1.9739647013706625,-1.343328930389441,Low
0.31050615667394244,-1.3465215934512746,0.7164837893525002,Low
-2.0033332339725294,-1.2618379262544608,-0.3440742135935987,Low
-1.5824405084573736,0.5723049107227144,1.232717603427703,Low
-1.2743854892277826,-1.0647658712435673,1.6257190186658352,Low
-0.829786340126512,-0.9298031650775422,1.2786273746999663,Low
0.7132369337572773,-1.6065917112560302,1.054373751319316,Medium
-0.44690806938761324,1.2959349026367784,-0.6546591976457189,Low
-0.7252651514569561,-0.39519160466401737,-0.4060779222288593,Low
-0.5573206371062546,-1.5733886663879866,0.39569382023214195,Low
1.2177089593887527,-0.09702615001538828,0.7631532059848699,Low
-0.9363244929811199,1.1321239463918775,-0.8743765272422519,Low
-0.6943787317354061,-0.3072854549780537,0.1738670027366711,Low
-0.8385231413938482,-1.6338417635566824,0.6742348842883146,Medium
-1.165666748196389,-0.5696237810887661,0.6138709585309902,Low
-1.5126987166708907,-1.0744018908702517,0.6907598051846429,Low
-2.0375570353878625,-0.1834511858856252,1.1035627635434175,Low
-0.4952515923333551,2.680723382416848,1.7772722545204924,Low
-1.6641837688975554,-0.5773444727047059,1.0360822762306883,Low
-0.10411294180248377,-0.6554060359594639,1.1468585561243032,Low
-1.2057140192345064,1.3310661607282768,0.07425343816690293,Medium
-1.5976576639983993,-0.624131377163047,0.7750714368936912,Low
1.5406865764669715,0.4207810199970745,2.3084985425173996,Low
-1.0719315000770784,-0.5058363359053202,0.009956247579248848,Low
-0.27333402309728155,0.23587849347879444,-0.22055616642922996,Low
0.26996094447220603,0.0265109415287742,0.04304719948653003,Low
-0.9892541960906956,-0.7604270135512332,-0.41708162841387064,Low
-0.6260253331953636,5.692252328872848,0.07071691358830819,Medium
-2.679466476705412,-0.01197005660403636,1.0391159446767726,Low
1.6471518103689502,0.34176056593334475,1.9721386881824101,Medium
-2.318035534700994,-0.6795462803012982,-0.6040227295934433,Low
-0.6642615618040797,-0.578983811105993,0.15909133311537388,Low
-2.0783797183971378,-1.349750964389222,0.5315586671299325,Medium
-0.45152063113998414,-0.9706517958374477,1.7296635118444916,Low
-0.2677865951185058,0.94632043506638,0.582207311177656,Medium
-0.21428511208367465,-0.9122162881756104,-0.39807611419847344,Low
-1.366150611217142,1.5034417030481424,-0.36163825956973855,Low
-0.5061266629514164,-1.6663620591361643,0.9911264807468328,Low
-2.1970273347190963,-0.28181626913536134,0.5166368714121901,Low
-0.45059296379945657,-0.43981793710083367,1.1536108238550715,Medium
-2.0500959027347574,-0.3627334854329272,0.7004245058592468,Low
-1.4339895336416049,2.230874096721967,0.7996501666850435,Low
1.1675547331479688,5.817941988567575,0.942662306808346,Medium
0.05278214961192946,-2.553305808161484,-0.352428685499827,Low
9.085982430342384,-1.8582182738503945,-0.8172448590500488,High
-1.5498173872959797,-1.299498901172789,-3.100760895328691,Low
-0.8929625001688823,-0.8411309503910729,-0.5855931768490323,Low
-1.521557322178839,-0.4488114368872967,1.0117036405013542,Low
1.7671310041129837,0.41547593499454527,0.44373230192241614,Low
0.3634020353878563,-1.243953210041002,-1.0275200904271142,Medium
-2.144066458212637,-0.39973835815289926,-0.7325695961605114,Low
-1.0043543853333814,1.5080105877814631,1.2422500252442894,Low
-0.966322582748781,-0.8801834699735356,1.1271232296929241,Medium
-0.8015350617083459,-0.47955154645485615,0.707289998727948,High
-1.5690129540685165,-1.4460727633555104,0.01885470645787015,Low
-1.9465842231557704,-0.7191160873130095,0.43899373781516393,Low
0.04074254659756594,-0.7558019611807351,1.4638758719266944,High
3.9166723742315876,-0.9732324612800372,0.4809705497213808,High
-1.8083499970801848,2.8318097465643794,-2.0595941269555067,Low
-0.38048551508276224,1.6082538824820478,-0.12087268413346818,Low
9.579061701372346,1.637219819799379,0.9426062700505539,High
-1.4456583316813525,-1.491442859098636,-3.6382933834795246,Low
-0.6255525265442201,-0.6773333291212802,-1.662079149012724,Low
-1.8763630686187314,-0.7483424113924595,0.2650349982404988,Low
-1.57143250199169,-1.0269342343430339,0.8336977830297007,Low
-1.6195615482420318,-0.79182200444721,0.9067506525365981,Low
-0.3581573905703261,-1.3820912707629187,1.8052776239253798,High
-2.512583137330447,-0.7954133871474822,0.05131998565737023,Low
-1.995572085564249,-0.6562148448288871,0.9567501023644344,Low
-2.289683327041131,2.641117591232682,2.001492616360598,Low
-2.581186598041858,-1.8959005275513061,1.9332149055641017,Low
-1.5207541952855514,2.30158733748389,1.9259879422525663,Low
11.736910500046692,-2.3037946227386454,2.1811332303859947,High
-2.0947336910018093,-1.3336459279530828,-3.820965038127826,Low
0.05409323224083435,0.04977897023652724,-1.2913299609712345,Low
-1.0466737901949412,0.7055114578144648,0.5386438903661046,Low
-0.18887347457541806,-1.8616374017613342,0.14338063340140336,Medium
-1.773961265357967,-1.2348126523651333,-0.34137427318847224,Low
-2.0082681238784112,-0.43811618800240887,1.0585056403734028,Low
-1.2665583066298485,-1.0200868731038848,1.4739919838500086,Medium
-1.6297883230627965,0.4502681050197764,1.1405143146436585,Low
-2.0466425125999046,-0.6059010638846841,0.8611956231802412,Low
-1.711605629845712,-1.3670285205203887,1.38552903034442,Low
-0.8519845163981775,2.2101050454308773,1.321975477448374,Low
8.454155868682589,-1.7797608805590828,1.4394250272326883,High
-0.5555987960160818,0.6264844744554746,-3.2774295036800005,Medium
0.7337049081792406,0.7395052178493524,-2.2018290036186827,Medium
-1.6241529029833364,3.2182156821036187,-0.778149564266392,Low
-0.8470156280448945,1.1321520665138556,0.936124317858563,Low
-1.8772792983231867,-0.633741448886645,1.2528656453845548,Low
-1.7876501675498488,-1.171406558092179,1.2457178862259524,Low
9.285952452680421,0.5914946645480255,1.3920071876486535,High
-2.497645746101836,-0.8753939328410296,-3.1863803201541683,Low
0.40705750287773457,-0.6291204100703637,-0.6819525211829665,Medium
-1.8779046701490678,0.7523102541142909,-0.3700626571882086,Low
1.59763972812466,-2.0773915626940416,0.44676414808907755,Medium
0.17629278639383042,2.411482784699118,-1.3462858582593782,Low
-2.197774381051479,0.6218118538884568,-1.1169425048283192,Low
1.07708380393053,-1.404711046095381,1.1748037905605178,Medium
-0.3529829178658535,-0.009705401283849908,0.2936023576305614,Low
-1.9796609808985264,-0.9754137507798858,-0.5217958969453657,Low
13.286166742892465,8.109558703074212,1.1888720530445753,High
-3.268286529930447,-2.9948706258110867,-3.9839592523632072,Low
-1.0431676234586191,0.03991444809547186,-0.9324994909019682,Low
-0.9429902192374964,0.1755732125486337,1.2763750115844743,Low
-0.7649835723377678,3.444555036225789,0.49255144523866773,Low
-1.8299334672459724,-0.14959199317958236,0.09751590265690077,Low
-1.5353471225835615,-0.5015097692566796,1.3275892402275324,Low
-1.4829737151712925,-1.385756849005169,1.5331331462700197,Low
-1.5418580939469884,-0.3749633794008753,1.6872472236927827,Low
-0.9466741462246488,-1.531054332523901,1.5417943341140667,Medium
-1.1551551611037403,1.0426992699556206,0.9323396455592364,Low
-1.8664416781368054,0.8323937726356896,0.26962224924329053,Low
-0.49743473903465846,1.0684900411326035,0.9856607337743588,Medium
-0.18085191419335514,-0.15792067103708826,0.4558532014180167,Medium
12.578028726637793,-1.6227763525988377,-0.4323582679508564,High
-1.1273699735164555,-1.5999963074420147,-5.066167263786102,Low
-0.2931925794787892,-0.7121501470998594,-2.679026295685368,Medium
-0.7172193540176988,-1.505575041322347,-0.593761358270456,Medium
-1.4397877934630188,0.6881737006208711,-0.16560692229977808,Low
-1.717501394254311,-1.4755152216732876,0.09071424537855113,Low
10.415981644707974,-0.4322008636676232,1.258212978420341,High
0.11352949771120004,0.7543198458343217,-3.1431380491669465,Low
-0.003553398889049118,-1.1317749513154962,-2.376294010602071,Low
-0.11169499698455528,-1.3848172359863329,0.07476902720192648,Medium
-1.0429389386053258,-0.912026296277135,-0.446012696741386,Low
-0.9926774096703173,-0.6469874699742394,-0.20670837033035022,Low
-1.6633280119542315,0.7947249157789642,0.47876082177077833,Low
-0.8267974612815931,-1.581825735816295,0.9982994491464877,Medium
-1.4664108321995661,1.2553536339633165,0.8936134143028404,Low
0.5604057234263317,0.7091402482308626,1.2125756530443303,Low
-2.082789195218641,-1.7399590518468018,-0.03807378970357125,Medium
-1.2935163233966978,1.0610705198393389,1.1203053926667177,Low
0.7161661167859564,-0.5322971201799579,1.2241976556894383,High
-0.8177455441867212,1.1374819052681733,-0.4435907170445614,Low
-1.581881827528154,-1.4664427510492042,-0.3848530734649577,Low
7.505499055849365,-1.5881824568314467,0.07486512571482824,High
-2.1831200227083927,-0.9915448454559704,-2.3758348145459514,Low
-1.7301052798659353,-1.0435452268041796,-0.6447754430648847,Low
-0.6521351259305037,0.7790523988356945,1.278688792994766,High
0.0982541167959522,0.5074859767596733,0.3735969817105911,Low
-0.7250041595411789,2.7228315202851423,-0.7436786588037254,Low
-0.9650151083592822,-1.9442812617939296,0.671048913041389,Medium
-0.8672507483013724,-1.4133163871810615,0.8041006291057253,Low
-1.9186519704648874,0.4660345523969884,0.3121609034155385,Low
-1.298705476713174,-1.3214712330219567,0.8444198217596585,Medium
-0.7892597127531935,-0.8404342679331421,1.1680532069600662,Low
-2.4001051081026246,-0.5902926579334997,0.13762196697835968,Low
2.753260684142113,-1.522137586545543,1.8784328240220922,Medium
-1.1834732745059224,0.3803253176712005,-0.8373378609607846,Low
0.30235762397195964,-0.9861963698355538,-0.4624999673442594,Low
-1.012268222573244,-0.35149100848890746,-0.3114010426477049,High
-1.335606959193148,2.1152790670951833,-0.06205753753823426,Low
-0.9309799810644073,-1.1638696455422328,0.9357402632136892,Low
-1.5024769060406178,2.3909687033801745,0.8990832394099394,Medium
-1.2870049568392996,-0.583474267258648,1.3346524125267003,Low
-1.6260833140424342,2.9195264959274763,0.9467429982677503,Low
10.24547978554904,-2.4769733997305,1.652288211179891,High
1.278916822209245,-0.07966911159998463,-2.5442727759403554,Medium
-0.7900515720030937,-0.7123333897839396,-2.9895299218727573,Low
-1.1770971115369566,0.7094323134599426,-0.9623418704213572,Low
-0.009704656150113726,0.005163224309814367,0.1156172566074277,Low
-1.5800809191368823,-0.9870516940623669,-0.7522645632620916,Low
9.860023202853599,2.0696175957011107,0.7142620563033523,High
-1.9387914333777179,-1.3646096234921006,-2.844724416587084,Low
0.7569018479100098,-1.3929265785695932,-0.8858936432774236,Low
-2.3535272419600757,0.03183184803420545,-0.3618903033272083,Low
-0.28901724164475995,0.16689829064345849,0.6746997977256206,Low
-1.580298090413483,-0.5425225298451563,0.06845651856860467,Low
-1.0961116315946429,-0.16573735510910453,1.1274816545167932,Low
-1.7455503716577416,4.0034064670802865,0.5073769072920513,Low
-1.1713879257209425,0.21682787740270057,1.1007972289700565,Low
-1.3810448759088305,-1.6510476537915266,0.8058552683660029,Low
-0.3616127029363559,-0.577361797128402,0.8426890488395078,Low
-2.2487385978870407,4.403145767677059,-0.0016339858961690959,Low
1.2595798278948247,0.5379838875261321,1.9292562425580868,Low
10.558405389873435,1.6587613877681011,-0.27421914631851213,High
-0.7711056098324044,-1.9566823003625213,-4.167986217014459,Low
0.04505554374053406,1.2381384744799975,-1.5991398719329284,Low
-1.5208813660793354,0.38048718097214546,-0.5389738306467441,Low
-0.9330699201716283,-1.0466641652706852,0.21016227919409639,Low
8.836078822638376,-0.6419440226454171,-0.43042048641513353,High
-1.2504193467842115,0.10634651730580715,-3.2783239924040526,Medium
0.6256886281311658,-0.9987224801084875,-1.6656302988166467,Medium
-0.6504740253556767,1.8489671866653254,-0.814211421170352,Low
-1.1056645840516122,1.11749714882532,-0.9261058549136268,Low
-0.6235515141716436,1.6735798587730748,-0.11393461463729773,Low
0.895063234437801,-0.3484737171228231,0.38987764664191216,High
-1.896499290251857,-0.5418249815594304,-0.3954432019784647,Low
-1.6000784838545368,-0.93849692219005,0.8537676232407632,Low
0.2445685640956942,2.417300641753563,1.3769033662851304,Medium
-0.6761641528774912,-0.7241518255842356,0.425148361980868,Low
-1.7874208956203195,-0.9756784723631341,-0.22522737660884343,Low
-0.11915017614786039,-0.2619879068994906,1.0637823108145523,Low
7.510103278628611,-2.0804023645964134,0.1903087482757772,High
2.60529269814014,0.7658307495028882,-2.745344875118269,Medium
1.8326343927248718,-0.950437184438483,-2.9143988150461917,Low
-0.13454398496653175,-1.1322009829855095,-2.0960200530467525,Low
-0.058406792925923476,5.29517731706117,-1.0039136829357915,Low
-0.9748853774507226,-0.007669169933916111,0.05182701698806188,Low
-0.8054149707856871,0.47451049638585097,0.8588178476307764,Low
-0.2794902517683721,-0.2904163519012071,0.746740800750377,Medium
-1.5027670945793759,1.7373509152049984,-0.0845880240260033,Low
-1.927812223518672,0.4879771513432547,1.0755267756202265,Low
-1.2288471868192807,-0.0036334848390033696,1.5699238657437076,Low
-1.5972070288343687,4.309821968002782,0.8546804560276328,Low
-0.570337917764363,-2.2613216784874064,1.347476410006663,Medium
-1.7076913383388082,4.04319096297815,0.6137130474119163,Low
1.7659938615289148,-1.5596396803887314,1.2157941963759131,Medium
-0.973800606287671,-0.27503288858447733,-0.7945599735870345,Low
4.890639219047583,-1.4514842519270594,0.16577339170297462,Medium
-1.8174029799591884,-0.454561713396072,-1.5947223428468091,Low
1.8528278175518291,-0.16946376583324269,0.048709790294899594,Medium
-1.0482722699382108,7.237123979694848,-1.0744101869512184,Low
-0.3689473718679999,2.1423493421947954,0.4575929271712627,Low
-1.7691974505836898,2.977845047042944,0.7286977984455788,Low
-1.227333020137196,-1.8803433692087868,1.5721138917818493,Low
-1.3528133747634832,6.225812850816793,1.0134723933473684,Low
10.593902052518148,-2.540299894649928,1.6930776383580841,High
6.309850521426108,1.9635956476752867,-3.085676123338612,High
0.7579270651724911,-2.0426944705033163,-4.906976822228809,Medium
-1.2480532144701855,-0.6613939875441861,-2.017554706296872,Low
8.404731573497124,5.199436333958473,0.3705188613600702,High
-0.8890662971575821,1.8872205551411794,-3.419558577132802,Medium
-1.1238067149293174,-0.30084613868489235,-1.6664454829422866,Low
0.3602390593469704,1.0663041201771501,0.9272503420597392,High
-0.7956385446632314,-1.6158125890299113,-0.21965336516365389,Low
-1.3591080512016565,1.2017749167282121,-0.5113582328942153,Low
-0.15040540279788941,-0.08990008110255475,1.116418610138275,Low
-1.3646372202115513,-1.604755558816575,0.43937245172695194,Low
0.21209812729579794,-0.9208350773740789,0.6695482959405235,Low
-2.0305709370251903,-1.169416038565122,-0.04972531251534888,Low
0.009691802336785106,0.665816964783435,0.5824746639912778,Low
-0.3593570823165638,-1.4989342742173395,0.30145452837935194,Low
-0.8398768783470489,-0.3720033087809586,-0.0469904317044341,Low
7.503625047220937,-1.4585987256643906,0.3034274059571235,High
0.6500477030820663,0.37838455134552357,-2.4840904516079076,Low
-0.4509995642940635,0.23021229041888572,-1.940722697541307,Medium
-1.2478486836879352,0.18549547362096658,-0.20738290721139943,High
9.728413583405086,-0.5266826391696282,1.100442908231662,High
0.14709095677680653,-0.5944419518565491,-3.509228826561556,Low
0.012772405501600366,-1.2224528456814543,-2.2827255735887024,Low
-2.1961952893360808,0.9543986907678891,-0.24572964374943315,Low
-2.0058856097026885,-1.3521173232283878,1.0927670470131432,Medium
-2.272563350695176,-1.2002600034178477,1.3035050270723554,Low
-1.6529773275198199,0.7896581541903238,1.4752054556573515,Low
-1.7447155256992335,-0.8386616624673939,1.588239177566032,Low
1.5927640428350531,0.9542609048948968,1.3831055654282198,High
9.553827560400203,-1.6630508173002843,-0.2684061163898325,High
-0.9100776534843513,-0.8962935055459278,-3.9490449876600726,Low
-0.5656705073278477,-1.3667837106263674,-1.486130016809569,Low
-1.6897797647072965,-0.9308212296431029,0.035510186357682126,Low
-0.5559142499705265,-0.6991553287890357,0.7572908084809212,Medium
-0.13690509497925887,1.6298227458226515,-0.10143108726060217,Low
-0.728041031282573,4.8031769692778825,-0.3113558282050585,Low
-0.23960385129504613,-1.1374586407723297,0.39474965491857206,Medium
0.80730598184371,2.4658239695038735,-0.2761046357410769,Medium
-0.6084948307506348,-0.06402332534260695,-0.411559337154701,Low
-0.7172964373134026,4.287508111961264,0.04971973655062868,Low
0.30429672489231385,0.07548614830436245,0.4136171664230959,Medium
-0.0762734991117941,-1.948857427711809,-0.060357951443887586,Low
0.5000560303357083,1.2546442470466197,-0.35051275079628647,Low
-1.708465714436518,-0.7915866557982802,-0.28496845021168643,Low
-1.4983776008388836,-1.6186282941146213,1.1407249218754323,Medium
-1.7997870356405559,-0.6108822253738693,1.045173994022887,Low
0.31982806643497197,3.4296113791186578,0.7321636209732428,Low
-1.1325311748216516,2.143166059553592,-0.24451784424318518,Medium
-0.4527484638395661,0.9589603487907683,0.6754805418926678,Low
-0.6375374897892158,5.370389702322192,0.08015016179520594,Medium
-0.40701459550081337,1.0375835526252175,-0.215267242674028,Low
12.804017507237633,-2.6972474794565544,0.44911888866068955,High
-0.9059162565026948,-0.8449125892991073,-4.67089837958878,Low
1.6463614708484509,-1.3364066240310601,-2.46920827604582,Low
-1.3481332827175363,-1.1851092344823724,-1.2026844107803023,Low
-0.7957970317336126,-1.0335953969035776,0.03196483593454932,Low
-0.2398748433030418,-0.18864205513383833,-0.011648572393423864,Medium
0.9693091649166617,1.203451231325173,0.2207982983443657,Medium
0.21459981817491422,1.905169776871699,-0.6232888541104878,Low
-0.005668478906785505,-0.31430094167548017,-0.3881237816297711,Low
8.097957480919996,3.6108705741476643,-0.6155393728611344,High
-0.7573924452900882,0.5905441008111941,-3.5750509925236313,Low
0.7059989041258851,2.1574853213732705,-1.438667390331997,High
-1.546686561306629,-0.8328854234354076,-0.8456499788930869,Medium
-0.550751498101099,-1.2256271939800905,-0.17069184287380734,Low
1.6311805732991165,2.8670474357528493,0.17064738873456342,Medium
-1.1623834259083339,-1.718854316931913,-0.7990054882636481,Low
-0.19004886246188984,-0.41361316449573626,0.15588711264491026,Low
-1.12070134529387,-0.9168931631026689,0.291915460582624,Low
-0.31186708400159274,1.052840012431781,0.4495671653540281,Low
-2.0102509719480826,1.0965997446824658,0.20336152914073194,Low
-1.2084850305270698,-1.6340295059045886,1.1562472462606024,Low
-1.3792739391224669,2.0960046384405753,1.1436363101766611,Low
-2.4518729946666884,-2.0883551301068626,1.1717346072418546,Low
-0.9015171778549735,-0.3236955327837605,1.9767859336488371,Medium
-0.892294124368125,-0.8805100833145059,1.1184421266534974,Low
0.35288592964960597,0.9521016455455643,0.2739963089342361,Low
-1.525122670257481,-1.5082249844556672,-0.16449310312687146,Low
-1.6964717801517863,0.09402778374739547,0.37129317456733785,Low
-1.6224415056882857,-0.9804055705636051,1.0394782823230542,Low
-1.2215262982412645,-1.3059834875516367,1.0908235650915714,Low
-1.2582246384241762,1.008901722917089,0.8234245266900053,Low
-1.787179510521583,-1.6452069078607292,1.0392781468765242,Low
1.4287062972137916,-1.2490092512061297,1.569085697293298,High
-1.225296796026846,-1.0262194984678363,-0.8008555919049408,Medium
0.21113035041343345,0.0615985305707974,0.009200731747139486,Low
-0.5192502542587617,0.14579399691305353,0.19720429833580078,Low
-0.7203509989839609,-1.785368846649602,0.1724529244863633,Low
-2.2013255917587387,-0.9703187928269316,0.16997979258010457,Medium
0.11422949472990768,-0.6513129484231399,1.6345855435360883,Low
-1.3610000298879594,-0.7288604995961765,0.5144396618083651,Low
-0.4741135447131591,1.4837453778853802,0.35518059841586763,High
1.640542777543761,0.3419979337174735,0.45213447311732424,Medium
0.23043706187052668,-0.36723913650461015,-1.211501219930842,Medium
-0.45181565286926295,-1.3107316538994054,-1.0581810303338275,Low
-1.5483409251686335,0.3895084079798819,-0.1797186424150536,Low
-0.9010590038052564,1.573769391866362,1.1011992403761983,Low
-2.3507066771333065,-0.5776949569066587,1.1971217355595698,Low
-0.9603103191113134,1.1723316104564565,1.8805708459272619,Low
-1.3296040056916083,0.21093020045419325,1.1456178437638185,Medium
-1.5113969967546077,0.032503520698664835,0.42494455408662163,Low
-0.058347186080747224,-0.5035164272026303,1.0730508576455327,Low
-2.146593674160662,0.649380439014213,0.2405848861126766,Low
-1.663940982607946,-1.1868172434885067,1.3144764321148215,Low
-1.1007198817942807,0.8307532347302578,1.4436068458976334,Medium
10.840233225411817,1.2845553406990446,1.115948623040671,High
-1.4028063563984616,0.2921185432709483,-4.776070058150206,Low
0.09022458039239473,-0.800665917681682,-1.6254985509250546,Low
0.18533770498045996,-1.606176807402522,0.44524372751870833,Medium
-1.8043325457496737,-1.2761129880691302,-0.4362376573935575,Low
-1.9143709836144944,0.5795522743696999,0.3319480367339158,Low
-0.901007752266108,2.4561881452671948,1.2142943754305469,Low
-2.2929361090591023,-0.3938798973761165,0.7194828864511252,Low
-1.6518101530052152,-1.2569369232237382,1.3922183613609729,Low
-1.332860960106473,3.0867819044092104,1.1932888688078072,Low
8.283239087128814,5.770065529920617,1.1656360129075107,High
-1.511245384622354,-1.830040349460989,-2.672570504560595,Low
12.205113417854362,-0.9554395842593725,-1.2377365680629526,High
1.0883746801267022,0.5802734404079104,-3.8810160936232605,Medium
0.3247328594799501,0.9941067853420429,-3.3831838114258455,Low
-1.1243256918885067,3.494625667901238,-1.2461572626223858,Low
-1.2431922041984136,-2.003476987920522,0.44139598913357964,Low
-0.3344881784032362,0.4132323893544609,0.2910107562049487,Medium
-2.1112983031088093,0.22634734880612273,0.251678932198257,Low
-1.8949271555474116,1.4224571275478086,1.3011289699211224,Low
-1.3875382591409053,1.8116532678318102,2.3797660216857985,Low
-1.5833165390457804,4.194508382981538,1.517191411306383,Low
-0.3828839615519503,-0.6660230908818136,1.294582762622718,Low
-0.26055577394933516,1.346128113953693,0.7105561502957696,Medium
-2.1166152308881556,-1.0150549321866809,0.14469573294850482,Low
0.6290744425753307,-1.101894540284401,1.8775596506254673,Medium
-1.854220907048052,-0.7737391372890915,0.6939261243072709,Low
-1.3292757011053242,1.2001169698235472,0.13342355828796781,Low
-1.5613596796392053,5.687576194743364,0.8315315371897951,Low
-0.485328045478066,-2.062194648105842,1.767635281628576,Low
-1.6777700347410194,-1.4175876605661515,0.5177888678971562,Low
-0.8639257188656657,1.5137708152104676,0.8166270361967475,Low
-1.9955234686296233,-0.11335189264592228,0.8526106224102264,Low
1.6562706086322754,4.148445726922193,1.0145288514456914,Medium
1.7831462623400065,-2.171558080916287,-0.5525622019959897,High
-0.5506560192702485,-1.5784661536709084,-2.091029433509949,Low
0.8043504376415188,-0.5185605237738591,-0.483640320048115,High
-1.8749882847516672,-1.4764310327711085,-0.9068569964704591,Low
-0.01742107625296776,-1.3535431750186386,0.4792280718528263,Low
-0.24479998555552523,-1.3565493116169258,0.924929383832458,Low
-0.23144231784610494,-0.7063515913826571,0.26634962683114205,Low
-2.255708612296134,-1.3315266309776626,-0.17208186765206795,Low
6.072556529441304,4.94385712698941,1.6535911105343715,Medium
10.163843060275424,-2.6108673026530758,-1.2785028809308072,High
-0.9797657604764239,-0.45259313859642514,-5.181495712155985,Low
-0.4143841249567544,2.540473980351341,-2.4165102776554734,Low
-0.667666179963773,-0.2506163722066013,-0.05339808268104724,Low
-1.9906497660805405,-0.2643638767226993,0.14718159415369125,Low
0.09861395852098714,0.3418915650082636,1.1009135380308697,Low
-1.428890096959825,0.5539215497255703,0.7097961865416023,Low
-1.8157149629979785,1.9323558642067389,0.7754792429694722,Low
-0.8410506683583168,-0.026253336780114298,1.6431687132684245,Low
-0.8494194050743653,1.388999052133971,0.6973660997926387,Low
-0.9190478145142611,-1.180346127776057,0.7016672196008616,Medium
-0.635355021086252,-0.6756574623610035,1.0004127621477314,Low
-1.8404167317819566,1.92251752684554,0.4062210741710452,Low
0.512099326171333,-0.5301746208913037,1.6688870265099676,High
-0.194583578929064,2.2232826195034505,-0.33381773417016625,Medium
-1.0079521371050155,-2.1254351125892392,-0.8314883121572813,Medium
-1.2073777199689526,-0.4363004486543322,0.36818541835060076,Low
11.065261809521951,4.022772079541245,0.971010013661766,High
7.226926410237134,-2.3162329671010293,-3.143986962199139,High
1.0026439681302222,2.8657359263366917,-4.421439887789247,Low
-0.5078055660231927,1.9812203787269633,-2.1019079516145047,Low
-1.0485991315600143,1.601402808154005,-0.15620741206669325,Low
-1.5482377240341858,-0.6605827550599288,0.2844066037443024,Low
-1.6391318462606546,0.2129183210992016,0.7855469253901282,Low
-2.337292046062272,1.3553791967904456,1.6759438963629207,Low
-0.7812545690260364,1.4717883968952294,2.2330796053314197,Low
-1.472792913735449,0.21245777582902262,1.4701408949391452,Low
-0.012749224690852982,6.200252791322112,0.41230917064131767,Medium
-2.080324877872707,-0.5944415983987014,-0.07007436358708424,Low
-2.2101233493777537,3.3729765927673854,0.9910145429672556,Low
-0.9153288487092455,-1.9624490041992695,2.483939871168149,Low
-2.045110173440082,-1.1057592707292667,1.2907180324226302,Low
-2.290285227689478,-0.3617354689011771,1.2817784246345827,Low
-1.9447829593872084,-0.4820162468791073,2.2051637107128785,Low
-1.0798407238455308,1.6475693392902164,1.6091729536668793,Medium
-1.327695665353378,1.5729506339562531,0.7495668363619155,Low
-0.06541524458897865,5.423691105717521,0.6860642479672812,Medium
-1.130332638977222,-1.6859216398350427,-0.1205796093438627,Low
-1.929258909339422,-0.7264055310824473,0.014571380221641273,Low
-1.911070926319429,-1.004024461957059,1.185424114591299,Low
-1.1698388124447014,0.3420313216151451,1.518721724211315,Low
-2.832759862923484,-1.654858856537718,0.7258392337357312,Low
-1.375304914762652,-1.0888032141201174,1.7960852622176386,Low
-2.5407396862189424,0.48549854503135104,1.3081636853976542,Low
-0.9113120116621387,-1.5159542919653095,1.923350099293316,Low
-1.3389640537241447,-1.0533541244166145,1.3608715014467991,Low
0.8248301144516913,0.8554730501048379,0.6674910733270542,Medium
-0.1275360322676015,-1.9788290719113122,-0.12588648645975448,Low
-1.522242232215784,-0.6671038803357582,-0.2760174393324543,Low
1.1459083259119163,-1.357471687188668,1.5330807316305552,Medium
-0.7093233732199957,-0.2394327536381409,-0.026816812451633885,Low
-1.613548185848465,0.20517585586953627,0.21033371702730283,Low
-0.4732694513749049,-1.2452314769119848,1.975882938501445,Low
-1.7857172321060424,2.2438315386968632,0.5569390505450268,Low
-0.5135792938488725,2.2038101710794,1.3283427548544267,Low
9.599371135767843,-2.437557686524376,1.5566385529685338,High
-1.0820190070593392,5.845894837647584,-4.0176685994985535,Low
-0.8399621065871461,-1.9873137720992988,-1.425216929836439,Low
-1.1789367217120332,-1.3710773704984027,0.5887162313045479,Medium
-1.4286444961156455,-1.42173473187774,0.5302708793894483,Low
-1.4123657980332753,-0.7655427715193439,0.5264323964769027,Medium
10.493637965437118,-0.056666202953528075,0.9786610585081996,High
-2.6803303698837526,-1.3769128128465402,-3.602986749937808,Low
-0.7106407658403784,1.6608442099529468,-1.0808177573044049,Low
-1.3825636735210833,-0.24086839407025304,1.5708155444147502,Low
-2.0540066509421804,-0.9786832758491654,1.1412869507949164,Low
-1.2061687524684195,1.3398103861366217,1.2991167283460276,Low
0.2246186588750386,3.8291319172416616,1.383107870966151,Low
-1.972981009145808,-1.9698440982522867,0.17223607957987674,Low
-1.5954229028040299,-0.7088667653934511,1.1151123251882533,Low
-0.41980833262946987,0.15613134286780905,1.8722804629398886,Low
-1.9318576442576383,-0.1650851914780774,0.42000667366056793,Low
-1.7476751122497751,-0.23013008869846222,0.6006408165723615,Medium
-2.55744436154665,-1.0952956984216653,1.2204186088891782,Low
8.259843104932353,0.07546810276013431,2.469426455951982,High
-1.0758585475496643,0.2131119290324002,-2.629108345475932,Low
-0.11434175654469932,-0.5654729901328619,-1.3269159018250085,Low
1.310627172107243,-1.7579652419065248,0.4431280195018487,High
-1.8746507002620616,-0.3776873592503365,-1.3123201963167683,Low
-1.5232151595115297,-0.8283260373453254,0.44238571431968665,Low
-1.609402842169929,-0.8442901630119498,1.8160652674842632,Medium
-0.0029275290374588462,2.6099574432046917,1.3448227670821291,Low
0.07956203532862277,-1.0025861160292056,0.6715828321286852,Low
-1.9927854154068074,-1.5691189830907655,-0.40773786989864974,Low
0.05800879962771977,-0.5157355823215596,0.8563454067703073,High
-2.3768975554204332,1.1754972863308195,-0.06131022215574241,Low
-1.584684978243517,0.9492548674522154,1.3044306865595672,Low
-1.593757250803989,-0.6249386213424285,1.514680082383667,Low
-2.4566637028003386,-1.0970452946159535,0.9734300675858014,Low
-1.0151407617363781,-0.022837854034707932,1.7985549482945242,Low
-1.5369677210719954,0.16861441064222168,0.8976813195097465,Low
-0.01446540902802184,12.7776715544527,0.4073481549569798,Low
10.953135695402002,-2.4073718166085585,1.6255086540804538,High
-1.9065965755993717,0.439682682813945,-4.399635728902084,Low
1.0845124765663046,-0.6914035188883514,-1.5318607622727647,Medium
-1.2258028551870104,-1.2335241152084446,-0.7253126840248784,Medium
-0.17580445171921003,1.7374446087267315,-0.12975571930250931,Low
1.5254445654786202,-1.2396566325024596,0.17808699931438113,High
-1.5844556048601495,7.156581432102527,-1.1345493242382012,Low
-0.3582466930463492,-1.175449238609052,0.7779565667122675,Low
-1.9418841227092472,-1.331222436390285,0.4129625131210005,Low
0.2505595762042044,0.32606197477558635,1.3851557044197744,Medium
-1.9440758871970436,-1.858511209998814,0.4236780891516515,Low
-0.15772548624959218,-0.7743526695752642,1.1495881470432117,Medium
-2.564172244830504,-0.912284572148558,0.369303343413578,Low
12.185918337790001,0.45741877056478325,1.8105123309466216,High
-1.440345737075913,-0.9000246245098596,-3.716313777745561,Low
-0.5197057328265995,-1.4510330587533469,-1.7385894196319718,Low
-0.8231096046581312,0.44064161873779367,0.3280828028619822,Low
-1.1507634963304267,-0.8101955331772976,0.1898556501620318,Low
0.3429756130570263,2.91645793475338,0.2938954169076218,Medium
-1.4628460316168208,-1.1247760524234716,-0.06749477748076449,Low
-0.5428883021663559,0.50090678585213,0.5064924222040524,Low
-1.1117899972465743,-1.33346731268018,0.6013890325173958,Low
-1.3096127206150465,1.477810313856684,0.7233320335215628,Low
-0.41094699709666715,0.6819500560552246,0.9494997207628415,Medium
1.3051882487453892,2.274924777333111,-0.21466641115675855,High
-1.9554586049943288,-2.0541923183585697,-1.4565832741889446,Low
-0.11885570517468314,-0.34029502569420866,0.5090028517679517,Medium
-1.8667443819447431,0.42187665650942047,0.38841697402179387,Low
1.613195390579278,-2.03578533105629,0.7136778217996262,High
8.449666496152869,-1.0577352258747352,-0.45612583127755757,High
-0.6898007548034535,3.226868884224939,-3.7226279774690534,Low
0.19935344928260926,-1.2567136303522748,-1.1932534422518477,Low
-1.5752440284058922,5.676788989646077,-0.3494470526876445,Low
8.890869181535713,-3.0694200968923964,0.6957896336292909,High
-0.2464972068608184,0.5118232897540659,-3.5463628559115405,Low
-1.0100281931146537,-0.2492607908501984,-1.9343123739129453,Low
-0.7867096171330079,-0.4480538432323951,0.3194838612426436,Low
1.031627511099718,5.076506682195726,0.07346008915084816,High
-1.0786607128202792,1.5957369213494166,-1.5220763621003117,Low
-0.8269731969794973,1.280145339300223,0.0029544246198661196,Medium
-1.3234704426514885,-0.24272597597822831,0.6244326851855033,Low
-1.92312216676254,-1.3692266902011776,0.7436051113915076,Low
-1.6246395205862139,3.060373345264639,1.2271099732775237,Low
-1.0506508405588364,-0.8114740499413761,1.4734700162401353,Low
-0.7998342627229744,1.1660692409733395,0.6316918413121906,Medium
-1.490239849016558,-1.0223931054653204,0.13377410898852424,Low
-0.7093012718184386,2.5021032003561348,0.7425888273465838,Medium
-1.1691100192101864,-0.07417043401171679,0.48258551969545666,Medium
-1.6118861296533007,-1.2938338692929041,0.03293047264104966,Low
-1.8213279265472901,0.09317040545350105,0.8140215854152533,Low
1.0669011769661791,-1.4530095668747616,2.0910962421544586,High
-1.7807889668256338,-0.7750262302356495,-0.4681953988037768,Low
-1.7864360307364204,-1.3436971135838003,-0.16415425015275475,Low
1.6490156446255726,-1.802562789825682,1.6277998072961906,High
-2.401574306217086,-1.0008830238715822,-0.4764638055946578,Low
-0.6913288294645131,-0.2683848000837257,0.8525053480920085,Low
-1.8945804539832778,-0.8069710488797618,1.2711508435679173,Low
-0.6705042619547789,-0.17738476992311897,1.0038345523624674,Low
-1.7248637336968464,-0.8941776980296576,0.5331770608446909,Low
-1.9125061912980514,-0.08662816028180152,0.515986614008843,Low
-0.8159925836016348,0.7760040846129981,1.2307258075755505,Low
-2.2439285091299355,-1.094774663924863,0.716392358303234,Low
-1.045591031497516,2.7408254403471055,0.9729224949147806,Low
-1.3264603699798456,-0.2715701448903726,0.7946510735015271,Low
-1.3304394555021473,0.5112710967706888,0.7549694075828486,Low
0.5193702018342161,-1.4760486645457085,0.7976263102265144,Medium
-0.9556287732794941,-1.375668986445627,-0.10624501248688725,Medium
-1.67312723753194,1.4417354626915095,0.0011414418429527343,Low
-1.2162056253826135,1.399130963760175,1.1636397044122928,Low
-1.014327596419402,-1.559601711093168,1.8254906373785034,Low
-0.4166405675780521,-0.5465142735674097,0.8500152302583208,Low
0.32277581829076507,1.177251468690189,0.3436544916863269,Low
5.858226424273745,0.06951013190632138,0.2568215347113371,High
-1.5478181472960169,2.2667938671567716,-1.9834654098577775,Low
-1.5784061490131032,-1.671285235886754,-0.308601523728881,Low
-0.6863053845624193,-0.18942380750592253,0.9512587623547547,Medium
0.04915419742948041,-1.6071494315659427,0.4066497888650223,High
-0.8560506072200461,-0.7485418515689712,-0.7070985957098287,Low
1.292039376149674,-1.690061910909946,0.1834268655096718,Medium
-2.3896415009849625,2.369986016075761,-1.016065896612682,Low
-2.193192058083979,-1.012302517505208,0.8074728232354703,Low
-1.4811166357318657,1.522908130736871,2.1865350218842354,Low
1.0277768671770275,-2.05404945942902,1.7934147717240103,Medium
-1.3622913353298116,-0.7447958909614998,-0.4357426901063907,Low
-0.665812347375485,-1.0204930756636184,-0.20572715413962234,Low
9.23446263944989,-0.7663663245523844,0.32737340298230366,High
-2.3455506985911807,0.6443443981263578,-3.2711438584200523,Low
5.449378579046682,-1.1775092097104403,-0.6775801719811458,High
-0.9122192280750709,-1.4231739407634798,-2.4986674438952607,Low
7.825697094871638,-1.8664144680882244,-1.1884892572083707,High
0.5311398685443429,-1.6691704630156714,-3.3226545595693686,Medium
-0.08035067351378264,1.1922169889781833,-2.2762265081452884,Medium
-1.6223391906043336,-0.9012227801170615,-0.26542193541720627,Low
12.058040089932087,-0.2770150673646138,1.3849270674089136,High
-2.2220369621248888,0.16674246149174024,-3.6927008533820356,Low
-0.46277621286025084,-1.7757583791565994,-1.2534037199784769,Low
-0.944179378816482,-1.2261084472268309,0.802974859004254,Low
-1.0109647400631363,0.8830043602591592,0.1462574788210765,Low
0.9344824742942016,0.025729837926409642,0.09641344133199349,High
-1.7807245759017651,-0.9193940775842323,-0.2812751355453827,Low
-0.44442307961958233,-1.5266901509931443,0.5050170772436703,Low
-1.7834559339611422,-1.4175031682036503,0.48090022258034254,Low
-1.0387960031855117,-0.5987898455664207,0.6794926695519725,Low
-2.1160516882159417,-1.527504255407815,0.6978956091819037,Low
-1.642009208105401,-0.9885870957216892,1.2201582558396824,Medium
2.6304579750325017,-0.18129112546653714,1.529216366407278,High
-0.4639794987141197,-1.728033236071016,-1.4157726391462306,Medium
1.0997275990730633,-1.6682816490652597,-0.8104318293290295,High
0.10234615194551777,2.730089022958115,-0.6746174810518692,Low
11.49537294946167,-1.4945234325962455,-0.5597912778213805,High
-1.9991739693796797,2.8825169800108457,-4.185039791849353,Low
0.5552378051123864,-1.064471636708945,-0.7831716616833514,Low
-1.5035382902655432,-0.12551796718405223,0.062334059967789866,Low
-2.3163355184988728,-1.489740454897895,0.5000862525352145,Low
-1.9588336447470949,-0.19797579125672646,1.4379885442322715,Low
-1.4779714794428291,-1.2569042627262539,2.2056051152246408,Low
-0.2804958658854974,-1.4196373475732977,1.0319292089186065,Low
-1.1796408749120255,2.9124172503883523,-0.20911025687373733,Low
-0.6405456085720066,-0.6422716187338268,0.8934217339000939,Low
-0.011316195235237601,3.703388674443854,0.675472047835486,Medium
0.933057711625111,-1.2417502062517183,-0.1938556954655459,Low
-1.793122536582359,-0.8296488700697494,-0.6183817650132085,Low
-2.1985506193731306,-0.9027149063552148,1.209211341133425,Low
-2.5210577955293063,-0.14827576411012783,2.291305959001477,Low
-1.13804696851101,-0.28408128717246695,1.8906509980422892,Medium
-0.5274556031852424,2.619887261008564,0.8529600596447394,Low
9.371500488657611,-2.647721788044913,0.8398764090216201,High
-1.2304275621013792,1.0164625043548146,-3.5553949856332676,Low
10.40308973914484,-2.032704023780264,-1.9183850115715426,High
-1.3405579339891363,-1.322523902430898,-3.650734554675681,Low
-0.6674004643865097,-0.003172175158355852,-1.6555717047095704,Low
-1.669343643089862,-0.2841042891579773,-0.12645490437668983,Low
-1.3228352105770746,-1.2726284422423535,0.5231371953378843,Medium
-1.6792752755497258,-0.8202755933242775,0.771504946550368,Low
-1.0666673128311737,-0.5678202112888543,1.230030649503833,Low
2.569671098232432,-0.4145030961129122,0.8825966508840786,High
-1.0312523332303558,-1.3246627563136952,-1.5159756356622012,Low
-1.1377057951381186,-1.327463328497925,-0.22802309858830921,Low
-1.7854654375601118,-1.4079385241806894,1.1121642596760215,Low
-0.3979146104093399,5.057789247341283,0.9322396815814724,Medium
-1.6338286255590182,3.539461455009995,0.5195397807024476,Low
-1.1448528046936541,-1.1493218260414906,0.8350917593302838,Low
-1.4197676138256832,5.985263473709131,0.48472896080202404,Low
-0.42524396179502577,-0.7880200868874756,1.500105823458571,Medium
0.31356779413271585,-1.7586973425268961,0.5815548315199099,Medium
-2.839408610141623,-1.3359866919927676,-0.8478775821640663,Low
-1.678259362387126,3.011259533387557,1.0135902219698993,Low
-1.4674207712124259,-0.9541927839100335,1.3466603730774747,Medium
-0.2721115663095206,1.0876928947445077,0.823341903275278,Medium
-0.7876549397900315,1.3983748445793922,-0.04710339668456673,Low
-0.5896477595249272,-0.9714892100374715,0.5528102846573226,Low
-1.3850163491512304,-1.4959914855137766,0.19605733987213247,Low
0.27350561638805243,-1.4418411228886518,0.3648462449616532,Low
-1.22547327701914,-1.2399557807186206,0.28672221153618116,Low
-1.6542061979069875,-1.2937472992865646,0.3765816465841054,Medium
-1.555414064338551,-0.4101601902892163,0.6958203701612603,Low
10.655050314678013,-2.433188959415307,1.1722092872426164,High
-2.5729239017021355,-1.1479510077421375,-3.536056617564703,Low
-0.858344373908573,-0.33651287762409804,-0.7308122759721721,Low
12.907215557056666,-1.8309580240636534,1.3683671461403328,High
-1.016681400839019,-0.2949748653123023,-3.813768679715995,Low
-1.0087631673424897,-0.7083571865283016,-2.6245962599757076,Low
-0.5696991147532643,0.2862535245582789,0.5084923363026662,Medium
-1.16704420051488,2.7712798410622685,-0.09613481179575886,Low
-0.5709926091717827,-2.1357592103355065,0.2378636754239759,Low
-1.6261029458589293,-1.1847814309528186,0.6898804818539224,Low
-1.4139071332496398,1.8980403556278267,0.5646347352387525,Low
-2.8927084508932195,-0.9841224373547112,1.3684808716908021,Low
-1.0349692552296337,1.1190524386126148,2.2719461795428675,Medium
-2.2865351541247216,-1.2800830382929425,1.1167763001718083,Low
13.260537622703117,1.0924891176810132,0.6398461285806529,High
-1.836249052866426,1.605477693340826,-4.6447103095910105,Medium
12.104960065366617,-0.709919613427794,-1.9800590212967788,High
8.286136412505561,-2.2325150542311394,-4.688202974450438,High
0.29890408302266125,2.0443691232516237,-6.1902740403856145,Medium
13.069976385822189,-0.10182087757571442,-2.8799191292687616,High
-1.5274273581487967,0.022877104945816754,-5.698278983401328,Low
11.051003733879375,-2.5337663556281838,-1.8891887997118832,High
-1.048558106640714,1.2332168838948272,-4.107731317328722,Medium
-1.0264205369670962,-1.7700788060259534,-2.1498147407694472,Low
0.13330955018786625,-1.1178209841977538,0.4896984722758209,Medium
-1.7229504280751538,-0.1898848619005116,0.010167232879689968,Low
0.11929784610767986,-0.8176674749251739,0.6835322978740979,Medium
-0.5257493183553094,0.7543368753525481,0.3100124872452667,Medium
-0.43880901689459517,-0.35310176425270595,-0.4878122226007955,Medium
-1.1523981167291952,-1.5942863354770884,-0.06206420588924307,Low
-0.9422908583894802,-0.2964174500670306,0.7764784831384123,Low
-1.5563710026389153,1.8677711994314754,1.1429765649450299,Low
-0.7121589249097855,-2.2019398704755737,1.371397562961476,Medium
-0.3892329903003654,0.0424888437181986,0.5577150242790716,Low
-0.4533375039080495,-1.1788477534979565,-0.08400315635245036,Medium
-2.4135655863050545,-0.6699363772911131,-0.2927626741070651,Low
1.0135714007680292,-1.343430975526205,1.2505209575117062,Medium
0.1963033312502613,-0.9046168297093048,0.006276301010082056,Medium
-1.1127074426345875,-1.507740948391757,-1.1861826499952266,Medium
0.16172234250831638,3.564947147512359,-0.3621274568576831,Medium
5.395786995227034,-1.1240533422129593,0.3151191036452418,High
-2.4517692761976533,-0.8789861126398036,-2.883949627727555,Low
1.6175670732595802,-0.8985009519736689,-0.3283450149219719,Medium
3.3995052500967398,-0.4203280117632753,-0.5819100858745322,Medium
-0.6672862326024736,-1.1576502002804632,-2.3508433061432936,Low
-1.1659780980472885,-0.9468529999832805,-0.6517473211652783,Low
-0.4823021019818462,-0.6768321173487825,1.2170321120846026,Low
-1.084178556204306,-1.4484569453837097,0.6068762995058604,Low
-0.2979642760125692,-1.1992514956905054,0.9073628812342324,Low
-1.7287022982292881,-0.13117014487015702,0.4091052866420655,Low
3.811367936515607,2.2612765691821486,0.893611321183262,Medium
2.7527070062512533,-1.932154024828149,-0.7755650110319487,Medium
-1.7370000050778405,-1.4504177750724143,-1.7435182531716389,Low
-1.1580721259788178,-1.2145514197972518,0.3841362005908094,Low
-1.8500096995285988,4.496051039425431,0.7029091325339483,Low
-1.3955533328543803,-0.05855366068811495,1.1750279725518642,Low
-0.9777626419889708,-0.07260234753549874,1.4617978392635056,Low
-2.074553825787931,2.582102030701419,0.6672209587473452,Low
-1.4249678395675618,-1.0634067960202476,1.367737928422125,Low
-2.021209699389468,5.330080297408718,0.779629558967964,Low
-2.6381659635297234,-2.045514146135307,1.4651908782801644,Low
-0.17221896784648547,-1.1451145447176145,2.1641608861442574,Low
-1.4902384212460256,0.5128185995954531,0.6348206803191679,Low
-1.2599825526137653,-1.1783964448379007,0.23179721499814787,Medium
0.49069313312858204,0.25980293769619545,1.1147037681854297,Medium
-1.2011012063826298,-1.3202572894017588,-0.3936551881876072,Low
-1.685590779398209,0.06695130094734086,0.07246090004713278,Low
-0.2907137773916876,-1.171764520206061,1.3262755869804803,Low
9.38767361505633,-2.1490053117261443,0.7495468395111069,High
1.1403856814677336,2.470316679079617,-3.08097322898691,Medium
-1.169112478422351,1.382366505790352,-2.468484420970376,Low
-1.0515684730820518,1.9085323379016583,0.007080001934498853,Low
-1.131962649849823,-0.5179548803006386,0.49859866685700355,Medium
-1.4128583111189148,-0.4235487210675257,0.4927489188771676,Medium
-1.2958477016889078,-0.16914653294705975,1.0249655606239332,Low
0.9781603357169856,-1.5862126217919799,0.9520898303024463,Medium
1.0086859473913563,-1.5605625495239168,-0.6096845616400247,High
11.011335928085835,-1.4773485896782599,-0.7228003498690546,High
0.5941236339205884,2.1071930827072145,-4.767987899838934,Low
-0.6769547745160186,-1.7117766499115128,-2.6528631772303135,Low
0.29877763343802977,1.4814246363568542,0.35366475493108246,Medium
-1.4938125718467599,-1.1099948863421993,0.4190498538960053,Low
-1.6657354698313431,0.4191546120491485,0.6124607494416621,Low
-1.2180239234807533,-1.4939779556659423,1.50617844945952,Low
0.15501360246380616,-0.44418875330485297,0.8982292720760292,Low
1.991505885610088,3.5187777048524485,-0.20278427229753923,High
0.03170552009670669,-2.266536630596883,-1.0029058311050985,Medium
-1.1851744969768094,-0.8669523542947317,-0.14365272180042382,Low
-0.9244062711058465,-0.9578359321391309,0.8051893947079316,Medium
1.0487398420668637,-1.520772157117187,0.14787499656858114,Medium
0.5372390297767391,-1.39609618726524,-0.9424790552849326,Medium
-0.5385819584874426,0.4845457403746343,-0.7888102844893816,Low
-1.8116126884014079,-0.4753493646267212,0.0924412403689687,Low
-0.1479273804063426,-0.5893891162169923,0.9333565849429601,Medium
-1.3551536426107211,-1.339384285716774,0.4887833496702752,Low
-1.080901869878853,1.8003813562545727,0.3538557840059529,Low
-0.43261741582552343,1.2477565111408009,0.8826662273470176,Low
-0.8900340532776833,-1.8729812853678927,0.5403876917181452,Low
-1.1834533827866465,-0.6174014044574917,0.37108475164119353,Medium
0.7083903334933384,-1.5120331284913842,1.1456835138223802,Medium
-0.4508340203407842,0.6201532806735841,-0.5845825565584611,Medium
-0.9927141942898495,0.6096063516858246,-0.42537967743690847,Low
-1.9585228505679704,1.4721998836840842,0.2000196643196817,Low
1.713788866511695,-1.7652175938690198,1.5699870276673578,Medium
-1.7087470088378225,-0.528699689086834,-0.9687314809025863,Low
1.2378258594121334,-1.3354485583929556,-0.09505398493215854,Medium
0.8808647309770642,-0.8969173050328796,-0.6867485146847737,High
-1.216776051360606,-0.6577476352673611,-1.8110101325422139,Low
-0.9517282983363248,-1.3509842125790816,0.3826504908221216,Low
0.18044901745934674,1.3292568135335783,0.7788796207820359,Low
-1.2279474736699947,-0.15123529488166618,0.18468917910889648,Low
-2.275953210853082,1.241849750221279,-0.018711890542029926,Low
-2.2135576728681885,-1.261218068320226,1.3410419541454917,Low
0.6587447226896431,2.472619900383757,1.6541797779642977,High
-0.811359179181696,8.361315202371182,-0.5799832790342766,Medium
-0.21769040670714515,2.165049874932388,0.19482778399873896,Low
1.2163411943606623,0.19661113803431526,0.5554868759813274,Medium
0.38034281382809365,-0.0522731388775412,-0.9626141551137815,High
-0.6779227425613099,-0.4093359827747006,-0.9409534953562054,Medium
-2.0428994495544903,-1.3213231891413229,0.1646463289342314,Low
-2.255864877025409,0.6395660584295958,0.9897625641261422,Low
-2.1633532530492405,0.44867384575479313,1.5458306233687584,Low
-0.8825268994797275,6.452186393681923,1.4381750036514143,Low
-0.6691588435167807,-1.0714988996701462,1.0353626213338816,Low
-0.955503806726136,-1.0582078142181357,0.3623448427835438,Medium
0.5901798382017127,0.17353234638463844,0.3173386700133141,Medium
-1.2870697148879566,4.982291872730789,-0.4142785335336713,Low
-1.2258685040538488,-2.24329267486599,0.714447267755258,Low
0.3396794308232557,-1.1216341586179273,0.8716160229765222,Medium
11.540182125048544,-0.6792237114273223,-0.08277513031048335,High
1.3837695291083099,-1.7914023930996585,-4.310952400393586,Medium
0.0731178761989832,-1.273452175328472,-3.1357429280036206,Low
0.09757021418458972,-0.684467184082392,-0.8944823395190429,Low
-1.4825286099521864,1.6065756022038444,-1.0378538676812077,Low
-1.1316406652852335,-1.8260926876523123,0.18871581299227555,Low
-0.8957794040573129,-0.7248956828641863,1.1327779948330623,Low
-1.188661199263851,1.283514904341463,0.8423576756795843,Low
-0.010141422932104759,2.9726401160869504,0.8821952590587171,Medium
0.39858373722514284,3.8580087505835063,0.019733852672629164,Medium
-1.955941248974781,-1.6015515729297911,-0.2843317034891334,Low
-1.1161364379386387,2.13149924480101,0.41492825512208087,Medium
-2.8393575068882053,-2.2675835032410023,0.7154125650706357,Low
-1.8548473727837769,0.9796922129620611,1.6905785261708184,Low
-1.9325899788645444,-0.13351604445352674,2.0312938330908468,Low
-1.5266433442948983,-1.1711419973278232,1.5694746521328118,Low
-2.2072553301265208,-0.5865630296837523,1.1301876649001674,Low
-1.1640928073466146,-1.4980270887945906,1.80835357671805,Low
-1.955726879037334,2.4569124627189662,0.8915055612542211,Low
-1.7483831758844919,-1.0419165661082435,1.3556516976723887,Low
-1.3913696883684499,0.22772319308611827,1.4593086492838767,Low
-1.5680188113925426,-1.1220498599676634,1.1863242254778739,Low
-1.7786642137860367,-0.9024034139991608,1.3098717805424225,Low
-0.7272969662967567,6.144618379026859,1.2076442038187616,Medium
0.7891564849598505,-0.7225000834781407,1.3433690484973144,Medium
-1.7289272613033246,0.07216640800056728,-0.2523435284799634,Medium
-1.236219285193706,-1.089087894961862,0.26606013784123217,Low
-1.2784548751538105,-1.0115429377620946,1.1030795547370802,Low
-1.1814066485046724,-0.0465742237388485,1.526129373616938,Low
-1.6895349300924039,0.053710990657094344,0.8204980041115348,Low
1.306238373429685,-1.6330899108361632,1.0793410936574128,Medium
-0.4229967780675471,1.2621374558155758,-0.6017987923684801,Low
-1.718806969243267,-1.0720054146125904,-0.7922546917762229,Low
9.965351026573737,-1.8038539495817494,0.8864782643892971,High
-1.5044875542510874,-0.8910040412492529,-3.4758371480729053,Low
-0.3286836024872071,-0.014708680279915343,-1.6732115507653098,Low
-1.0590994615113742,1.1701653775761858,0.16569643959762528,Low
-1.5134154535735969,-0.6753024613435649,-0.1318358379915969,Low
-0.44995491586046515,-0.3139261457379916,0.7773777286889699,Low
-1.52672243487725,-1.1417513777669064,0.6864469210080852,Low
-1.473182457811146,2.803220352623267,0.09864449330990052,Low
-1.016612889276352,1.6371210867555166,1.0586501507882642,Medium
-0.06383839049591493,0.6334579992045016,1.1781002013262356,Low
-0.8114691641090658,-1.8995750433101044,0.3153174181883469,Low
-1.750380997068355,0.1041762315416565,0.11506985525455314,Low
-0.6763382829442011,0.40900769541181675,1.282729808300428,Low
-0.9984563132787132,6.696346028275721,0.4849937672367098,Low
1.7232878085760572,5.124798298708922,0.7960838395942647,High
-1.428836256063192,0.47725300875183146,-0.4286228435458607,Low
-1.3925087335745259,-2.155423653689406,0.28490020996064064,Low
0.5002828159381475,3.570694263562912,1.0085986947602408,High
7.243703308082589,-0.7748258993753087,-0.11835138930199181,High
-1.5027546277044475,0.9018550641102475,-3.3865516099639534,Low
-1.3599365772098029,-1.2847499430569285,-1.0055674456615955,Low
0.760217713383846,-0.6031240196158355,1.5188441227111855,Medium
-0.9688664368850025,-0.5236360403100344,-0.09273307691342624,Medium
1.482679533021339,-1.4056419240091433,-0.49337418470506483,High
-1.899126283515509,-0.7145419961493346,-1.254200501593092,Low
-1.436585188625582,1.4815642074468707,0.6421720134528398,Low
-0.47767495058819853,-1.9304778023561187,1.897859706422945,Low
-2.1350703086375167,-1.0690786017431833,0.5832689123505621,Low
-0.84621577074356,-1.41195196149757,1.2608599468345054,Medium
-0.2593126319875448,-0.30174868870743965,0.8256657338945419,Low
-1.2610540111602897,7.686236067595904,-0.6567058162081951,Low
-1.276937959700445,-3.0647520931318875,0.6271737605805762,Medium
-1.0193771970913603,-1.0055143044380073,0.962896031909825,Low
9.250263598957599,3.2950525109056015,0.38087866494515593,High
-1.5976990769965498,1.1962410303453996,-3.317360559402957,Medium
-1.3626545579083098,-2.133268940742169,-0.7581558468021284,Low
0.04236399069728232,1.818324760989917,2.5864106060086627,Low
-2.616633742306315,-0.24990408667167754,0.9075819276261664,Low
-0.28616811715320817,0.8095676757561471,1.1058347252834648,Medium
0.15739690633872758,-0.6102892614933854,0.964106083119757,Medium
-0.7502371119848656,7.106244535922986,-0.9265376590133481,Medium
-1.8033209151961507,-2.662087702606616,0.18939727438188486,Low
-2.245294871654744,-1.1071092441423398,1.4333650422669189,Low
0.5903252859420932,-0.9542155643178253,2.3307145600994996,Medium
-1.4239834823664317,-0.47986993056390764,0.29657218555393783,Low
1.0611569456545156,2.0237878322565743,0.42503836749528445,Low
-1.6202544017229543,-0.6336017228945371,-0.08703697885083558,Low
-1.2045677394301544,-1.5199703180145707,0.3637070144554126,Low
-0.7242752452865961,-0.32202485720852025,0.9879420708928021,Low
-2.544350805888973,-0.7621167259515568,0.5790195081147117,Low
6.546663943188502,6.636965145633703,2.020794926537195,Medium
-1.2647453445173829,-0.7202529506213435,-1.500376220746584,Low
-0.8532585235143552,0.16115845285048727,-1.2216899104023964,Low
-1.2758049018684305,0.9224591490483618,0.5508734723447362,Low
0.5767612233044459,1.7620579046949651,1.4475506810165548,Low
-1.661182433302234,-0.5331249071379166,-0.13295195426462514,Low
-1.1715648982847784,-1.2256217787590884,0.670932834584386,Low
-0.6518145522522965,0.9109462436513428,0.8580922640333404,Medium
5.109179215615403,0.4808342123864007,0.9257252636336998,High
-1.7978247559832812,0.6370257478316059,-1.6592211881144812,Low
-0.2190538374336671,7.979314936429448,-0.46946270902078013,Low
-2.212798723853286,-0.43201522451142094,0.7210699969620951,Low
11.037088966418143,0.9504724274957757,1.1838350952935408,High
9.21394343866435,4.142253717445996,-3.9927533306609138,High
0.3445725101826551,-2.114506663070308,-6.1653415488312975,Low
-0.6775362360266576,-0.5117008631465128,-2.8211622101788074,Low
-0.0993556965073186,-0.09012956473895371,-0.3539625772417043,Medium
-1.2514159176439061,-1.3849903999007804,-1.2185476088703031,Low
-0.6963035285916038,1.8201984626770369,-0.06884849072510564,Low
-2.1123857932259296,0.4883607090852186,0.7945531584301613,Low
-2.11165130378382,0.24950796372857198,1.070191059723114,Low
-1.9921191473865631,7.606330647308024,1.9867857095054637,Low
-2.5970929915616474,-2.5065873225173925,2.3955664182095724,Low
-1.593599211515532,1.0830041894895546,2.368830628027661,Low
-0.9266756430219604,-0.7967799583783427,2.036394881757215,Low
-1.6482777282100771,-0.989635955815645,1.0203540812825669,Low
-1.597995509814186,-1.200032292000854,0.7171652335426474,Low
9.689396151177702,2.834568493300389,1.3024259913918734,High
0.8832580656253459,-0.22266444870166588,-2.927540732948341,High
0.040663433584327675,0.7906317286906915,-3.3927133278758594,Medium
-1.432437111069245,-0.726724151728476,-0.8406417293877677,Low
10.13705907629799,-1.7529306423805584,1.4170856943985142,High
-0.426960114219516,-0.5104238243922378,-3.85034678885079,Low
4.217357765541437,-1.1834960718786272,-1.6704885129669982,High
-2.254916102122818,4.039013639852021,-2.324781292258634,Low
-0.3532370837216891,-2.4407535538191776,-0.06532125428125277,Medium
-0.96084045184198,6.165171492892308,0.3317920776099669,Low
-0.3905129539553518,4.4009171339380675,0.425892411510994,Low
-0.5078765729863323,2.604148980536609,0.3054706242971321,Medium
-2.082679942957922,-1.0679651487639295,0.06205560618335371,Low
-0.9873737697892392,4.470792773654747,0.7313885046971644,Low
0.6231930944489238,-1.902372736649144,1.1930505687230215,Medium
1.7294215211852506,-1.5132721596479308,0.02502751823714918,Medium
-2.221047893780595,-1.1646532581735964,-1.6779489131051195,Medium
1.610512744402862,4.620548333921909,0.9670448189620191,Medium
-1.5852619763293898,-2.2755646837913406,-0.009260852957938392,Medium
-1.640728857964769,0.14716181348173107,0.4816033783208847,Low
-1.8174175579630096,-1.2782386075624714,1.397802893449587,Low
-2.240547305851619,-0.817814744730356,1.3930717898006715,Low
3.4945209973092006,-1.1069280103423038,1.879606625607795,Medium
-1.943086357232525,0.8747221710111142,-1.6871870127698703,Low
-1.7318054002121268,-0.47674961580546343,0.16915182768070727,Low
-2.044927009298546,1.9528198723919008,1.9060602676136122,Low
-1.3462219107107272,-0.5083235458603833,2.238838244963398,Low
-1.8923112768501924,4.388029913931161,1.140785553963648,Low
-0.9114423221810795,-1.1658661532715975,1.8636412702560448,Low
-1.6433463541306614,0.46355707053319667,0.8115101929182376,Low
-1.1611215384352007,-0.10908048600845689,0.6938045758321463,Low
-0.1246634179261458,-0.8017082040459375,0.7152721284637992,Medium
-1.6064655740980116,1.9238369839951923,-0.20257134985118763,Low
-1.6177928989562598,-0.10599619954627461,0.7239238624295902,Low
-1.2450904348305232,1.6035849248003524,0.9532675452307638,Low
-1.2412862497560264,1.1668340354186502,0.7137855614034901,Low
-1.5870548047111048,-1.4374119765341833,0.833588369843835,Low
0.8533751574564222,-0.18378581437390343,1.1812229739126976,High
-0.7960356813809301,-1.5550537748927675,-0.10010996747834774,Low
0.18650917223994248,-0.32079373827871743,0.2529175147222687,Low
-1.8746889719028503,0.2658063687681752,0.44921812027663005,Low
0.29687987576289865,8.764991100545025,0.638938993969797,Low
-0.4959427013678884,-3.1630937249054507,0.48657744891013593,Low
-1.7154411539180716,-1.2185487015014598,-0.11629102819272116,Low
7.033918176554586,-1.644130115078057,0.4039783937172592,High
-1.7888584161624304,-0.5663861791861348,-2.8174116642655203,Medium
-1.1378041792380997,1.2371628903456962,-1.3460617579100782,Low
-1.884050037336853,0.957806453143336,0.4758417916292326,Low
-0.20568691357620703,-0.45872886867559753,0.9929286376886525,Low
-0.5740130019385582,1.6344599077945385,0.27039168576075184,Low
-0.8956638451687732,-1.407282271760567,0.6809195229603809,Low
-0.41978031630739654,-1.5989509331336866,0.41211930144554526,Medium
-1.415497556869874,-1.353405410156626,0.1251678655694701,Low
-1.0723269748498505,2.110764510749159,0.5280363058954625,Low
0.19145422257876846,0.34797389043155164,0.608104780701822,Medium
-0.7770355704319035,-0.20063714753554568,-0.07938231234279168,Low
-1.7034432133455726,-0.7740792545074624,0.11475004760220643,Low
-0.8003200221670497,-0.5447644535541631,0.5816045556083939,Low
-1.251432240922539,3.13197722290508,0.1594801030738606,Medium
-1.6198966145338296,-2.2756166365469883,0.6175051144885275,Medium
11.752039143708087,1.0303492155116194,1.1453230308643518,High
10.436001990938106,-2.011650061733115,-4.144254969868563,High
-1.2660887675632906,-1.9028647130865612,-6.755454573384854,Low
0.7296315869814243,0.13800245178876802,-1.6213431643996636,Low
-1.6346301199840778,-1.173406725571261,-0.08173981104238871,Low
-0.6706439119706927,0.10134071058064098,-0.05097665390974048,Low
-0.6777172178416966,0.1312065320615576,0.5234730926795806,Medium
-2.184604294803781,-0.3158682440004492,0.7181905901910175,Low
-1.1592036420438188,1.6440743623965777,1.0647331573785666,Medium
9.336593842788378,-0.27418678373354266,1.4731197367286506,High
-0.9334815669155138,-1.0443535224768177,-3.1996798468785106,Low
0.519468573416744,1.192898039252785,-1.9835928655939494,Low
-0.9419266793638571,0.14971012710142942,-0.4451731286337302,Low
-0.4945239096622563,-1.7107978896974434,-0.03759772039896945,Low
-1.1475402244268003,1.464697548070005,0.04640526259352091,Low
-0.35573407707561905,-0.6607991291364632,1.1200724555281896,Low
-0.4676821429994274,2.331395180335664,0.6157470656085078,Low
-1.0215910336021095,1.6523407136646349,0.09271747823081244,Medium
1.5960055240763138,-0.7603720917257257,0.5023221012379805,Medium
-0.30890532805789195,-0.2989221172196455,-0.818857877931028,Low
0.3860558894660998,-0.7723399952136214,-0.49221288877536534,Medium
-1.2052901377929612,-0.28249798660124936,-0.5533083792359998,Low
-1.0224094271605983,2.537954980930458,-0.140989345608917,Medium
-2.225615134853989,-0.10265656099325933,0.6272964484256482,Low
-1.1557372935742654,-1.6641817870818705,1.7537910108786479,Low
-0.5306196609680587,0.44919474668994575,1.4679609266641478,Low
-1.8193923264235152,6.965260993878331,-0.3633320111547881,Low
-0.4840028315005992,-1.574720085645486,1.4588705341851071,Low
-2.097589354129373,0.6557608994289404,0.966430712792901,Low
0.6894929362330707,1.409122259132519,1.485140241075669,Medium
0.5535021502360864,-0.8607146418903008,-0.041595115275838056,Medium
11.01661702312976,-1.8858227492025006,-0.6315480153764311,High
0.16524923412447326,0.5127503435472857,-4.292495171442676,Low
-0.5512122965609556,-0.9148689050471831,-2.00158855382151,Low
-0.3630814149561814,-0.03467606963393711,0.46118135129081034,Low
-0.2830840531741444,0.5614495138103123,-0.19200516838061635,Low
6.274125267127273,1.3840427654148026,-0.08200959486804264,High
11.38155168361848,-2.1397596836710466,-2.524394917578886,High
0.8708343006905142,-0.9998007969255497,-5.622392096579536,Medium
1.4002131652514398,-1.46425109087996,-3.17823059723246,Medium
-1.0499422111609644,-0.7767208978228267,-1.5061876072280669,Low
-1.0134878040852366,-1.0603079196456264,-0.21784329634645824,Low
-1.3274956863855398,-0.5652385906765227,0.11398197479873036,Medium
-0.2758856445710805,-1.860348770604489,1.3505482601927254,Low
-1.2504831810651276,-0.44934671129209913,0.5835897795972721,Medium
-0.5160651684844092,-1.1197830501069896,0.9874611148787492,Low
-1.1172349546732574,-0.4955164454753792,0.7044937604854965,Low
-1.012786123821652,-0.5864136289866837,0.7198143514379651,Low
-2.0097137580402213,-1.0071850330201026,0.5429530906321072,Low
-1.4406437205592149,2.5664068443759835,0.8796390216356491,Low
-1.6187090360620333,-1.5498604769207547,1.3307049706565504,Low
-1.6725357438608341,0.28831584099849294,0.7489226221568398,Low
-1.1040054417368375,2.645293236425066,0.8790310851888712,Low
-1.8230832877340752,-0.6485660236828278,1.419609213931566,Low
-1.576569318490793,1.001204362869519,1.2081400767678419,Medium
-0.6799715885993376,-2.1430434339122737,1.645063137805929,Medium
0.33128411093642185,-0.399282528716653,1.2135600694244189,Low
-0.9002080932417619,-0.5322701181617573,-0.30445331534452036,Medium
-0.23035644091366905,-1.2579508263681614,0.15082588181114737,Low
-1.2595661616017593,-0.36669225824033524,-0.025745929412568376,Low
-1.0647040264743661,-0.6009886019387454,0.13584882742099846,Low
0.7474581655702731,0.06484474999817579,0.3666648395081096,High
8.944297174292672,4.090826536393479,-0.6208422148937917,High
-0.6819042988661279,-1.9265794583856273,-3.6664592448279953,Low
-0.31002368026990473,-1.2489542854051483,-1.735283867545093,Low
-1.9165367263928523,-0.25971798152952474,0.5932185022226834,Low
1.0828386703781177,-0.12167727385368082,1.1152687659339242,Medium
0.9596783007998885,0.8315647757701534,-0.07442544555469952,Medium
1.9387749914821863,-0.6659578709781072,-0.6465735777275772,High
-1.4970714283903113,-1.689590844603694,-1.9310977170821508,Low
-1.0044622479907637,0.7391937910366225,-0.08909961654998459,Low
-0.9256656044973688,1.9983635898496717,0.47407268427061683,Medium
-2.203031919832374,-1.2399843517924762,0.17426323925894424,Medium
-2.17585238505534,-0.29878613108937496,1.6725082073410393,Low
0.47090046751258147,-1.762480569251909,2.1229694471245715,High
0.9022309761709729,-1.2052100483608252,0.29462677315023245,High
-1.4793173495058702,-0.951718769846356,-1.7240547916608469,Low
-1.2183124348902596,-0.43748086443249457,-0.26718510666784534,Low
-1.2280720606779274,3.6519561456207374,0.5710177286436204,Low
-0.9993961288763357,-0.9747448858333545,1.022196183515219,Low
-1.7478345356317935,-0.9513811682956167,0.9861993155724208,Low
-0.9482785643220875,-0.9633546092483544,0.823873481367636,Medium
-2.244324855508562,-0.4593685491747091,0.9164682974709708,Low
-1.16983495270734,0.052974906523271324,1.4931479733547186,Low
-2.032089806096986,-0.394037344347448,1.00118085287881,Low
-2.0327581337584135,-0.7046720719003055,1.0434737830134597,Low
8.450731825356314,-0.29691679457063386,2.0954875729580706,High
-2.606657453341135,-1.3496113794634694,-3.124711506672648,Low
-0.7821726681268989,-1.5287157034164283,0.07126046590612153,Low
1.8454188738350064,-1.6739481950477115,1.5460194340533944,High
8.081359327675717,-1.753122325404316,-1.6303809744920654,High
-0.6510893775412327,-1.6171302903317835,-3.7004373478261137,Low
-0.6582901836360073,-0.6322573095156433,-1.4446326028646865,Low
9.206624110442453,1.1678940306329344,0.11805227426061414,High
-1.6026929444239486,0.13027556915978564,-5.057656666388749,Low
0.1915010326141088,0.18128711027546693,-2.0795798584341134,Low
0.17988596418918554,2.464814767358535,1.1117418348470836,Low
1.7633527313389081,-1.3109209396170165,0.4880442201062378,High
-0.5762572860146646,2.004094110291332,-1.442404160343513,Low
-0.10317035476084933,-1.0034185135824885,-0.27832765227848005,Low
-1.945949719119782,-0.8462718240015146,-0.06326632626052509,Low
9.182653408287058,-1.1563777620617433,1.4942403945841671,High
-3.2565163239652875,-1.615697648656787,-3.408880104505839,Low
0.6771202157541582,6.585256662759805,-0.4258519011983063,Low
-2.4361054693681243,-2.2860820590448605,0.7772737072250394,Low
-1.6699387561110834,-0.6066269302499743,1.1774577648602296,Low
-0.6496801810655463,-1.1126289860526661,1.475371234815513,High
-0.9088491935984453,-1.346568342554103,0.5499688791586875,Low
-1.05707289233116,-1.2899974901630238,0.11000016115993018,Low
-1.7502442620623615,-1.4747141179756509,0.26719097172473777,Low
-0.9564796547974251,-0.7619145374084004,1.325832488313075,Low
-0.9699360661216178,1.1791029669749877,0.8379112759194421,High
-2.239394991521706,-1.3284983148484921,0.34881969159681375,Low
-2.433833430119262,-1.4623096025763924,1.623927431821894,Low
-1.0623099258075188,-0.11399641720340467,2.4498522289361437,Low
-1.191953285623303,2.0138455057732307,1.4649276433902705,Low
0.2807280137562098,-1.6814838762134945,0.7777284809200506,Medium
-0.5856167944050601,-1.289026744704377,0.24169815068636064,High
-0.857350011042273,4.651408613987435,-0.24937475089210354,Medium
-1.983444323363463,-2.2101575378324845,0.08278182335679424,Medium
-0.3385386353827721,0.42401395296011163,1.1981475444713454,Low
1.8229623995176585,-1.0530892748564455,1.0753156287509926,High
-0.8321469281738869,2.5430827384695496,-1.3039947291328189,Low
-0.25107423010472174,5.197017522273996,-0.3744543825477365,Low
0.9876163572719526,0.3760735836003098,0.2883911369695645,Medium
-1.334653033125356,-1.4080313881190616,-0.9012240172221379,Low
-1.3412740593182426,-0.9382375524407629,-0.0054145978476133096,Medium
-0.9599321076249763,-1.1021037682485848,0.9459019206171683,Low
-1.6359989340961163,2.292026972896135,0.5449547557627971,Low
-0.17215034061084195,1.8183156556627864,0.9536476150235743,Medium
-2.0148945897473207,-1.0087795589378732,0.5347015580422452,Low
-0.5919308281980026,-0.07234499929379183,0.9532078036123272,Low
-1.2146829040747107,-1.5917942111200112,0.7642353138537868,Low
-1.6663943600622382,-0.36709823040394346,0.8033016737446979,Low
-1.168305449362999,0.28162522127132905,1.6049297787319943,Low
-1.8717165074788333,-1.0137295629675225,1.3779038163211956,Medium
10.394963400836275,-1.0366439403010639,1.594530191957067,High
-0.13464670048615046,-2.1035554905865324,-4.033779383677196,High
-0.8176009318634339,1.1207830687418416,-2.4323802302102937,Low
0.36664836481935337,1.5612281919928812,0.5013020162925074,Low
-2.1306505431724294,3.6065138549928366,-0.08738487770952731,Low
-0.1547257866661195,0.45330262663946136,0.7341006831982827,Low
-0.5940157897272518,-0.007247785806123885,0.8609144427879102,Low
0.1250069339436807,-1.4806459479920844,0.4833336540298359,Medium
1.9302797317706495,15.059823653939205,-0.4086829205229979,Low
-0.8963315305410638,-2.022581483709592,-0.49690940632785,Low
-1.6667957044372865,0.4753848091999043,0.07278642290427097,Low
-0.6039861112301319,0.3766648543869613,1.082247255579044,Medium
-0.21520355755567636,2.8833576398513463,0.6791374535807095,Medium
-2.3494864657055174,-1.947516575049801,0.21074238951414687,Low
-1.5273262022920113,-1.04154160367484,1.1001986779758723,Medium
-1.3212959868677046,0.34900539120126695,1.2111020598448698,Medium
0.6353757617722952,1.9675858800374884,1.023816352584385,Low
-0.7813110153060381,-0.8059048674452636,0.16139477249056186,Medium
0.38571241525461475,-1.0389615530146474,0.24711806847025475,Medium
-0.8024173565523405,-0.3811766686199003,-0.24727477923418587,Low
-1.446118695097599,0.8428968517219475,0.20352753211758182,Low
-0.7674889739237634,0.4400249452495287,0.7824435317603633,Medium
-1.9775670429123724,-0.2612493989198424,0.5827673913236785,Low
0.6710862485204404,-1.1246565585258717,1.478209893197467,Low
-1.6475934461856738,2.4735996372880313,-0.2857377996814866,Medium
-0.21690511122069736,-0.15492465839754416,0.6320959651829453,Low
2.5033712708116416,1.6213431975128492,0.5792070346132595,Medium
-1.660427316816639,-1.3946171104225196,-1.4631746095578297,Low
-1.6075989694633193,-0.6690669973353246,-0.22364371172672043,Low
-1.2741277989930002,2.729176390299211,1.0434873088549466,Low
-1.2736996838648513,-1.7520336988142389,1.3725871042135334,Low
-0.6344528022184754,-0.4645101841756919,0.8333869412513738,Medium
-2.1336534836637355,-0.466054512374463,0.0880240308190846,Low
0.38935238608998235,0.08868658778405768,1.2533638843747597,Medium
-2.2504882518272353,-1.0463255898972972,0.5539932836907641,Low
-1.6213541821110355,-0.9304292403624266,0.6696437488676303,Low
-0.8444239490473099,2.1335367860913412,0.8337632189924298,Medium
-1.1716412482684055,-0.7758198962745974,1.217711967281816,Medium
-1.19657351170632,-1.6972894053628116,1.1617596191989505,Medium
-1.4999826517137445,-1.1796585430437314,1.0818465200511505,Low
-0.9357048670285634,11.149667812138222,0.42487409328534004,Low
-2.058407307199391,-3.1086039070254823,0.8552722094778156,Low
-0.8019903449509681,0.04454350186393904,1.2975850355336311,Low
-2.8260217466766786,-0.9501634130777017,0.8468826803367885,Low
-0.5864771068447995,2.2802668265076464,1.4942130342977002,Medium
-1.8575765188655944,0.4346335128227303,1.1009758407924823,Low
-1.49432232117203,-0.4228473253707958,0.645222785861804,Low
-1.932015196872375,-1.5940899879603307,0.907929774875826,Low
-1.4652163274588736,2.4362267247013056,0.8600272389167951,Low
-1.9661894031940952,-1.1200333945631336,1.2843795277561616,Low
9.193897699571576,2.538954668309861,1.8848915052985544,High
0.6728491036651257,-0.7648240515031829,-3.0664801634240697,Low
-1.200044132354134,0.17226822505666145,-2.481499990810391,Low
-1.5931074107065912,-0.05813534968361036,0.5465050681684153,Low
-1.5053818355777933,1.0542250234795156,0.9403880699858193,Low
0.9365662496284735,-0.46709906215703134,0.9239531787251775,Low
-2.610639878757562,-0.8792126648670682,-0.5048561550401585,Low
-0.70497559917684,-1.1844988050816618,1.3268003660592886,Medium
-1.603050457248537,-1.263260753751944,1.0461558543271932,Low
-1.2373871836029877,-1.1644183437762998,0.9565873407918949,Low
-2.552273223238134,-0.7229970616744807,1.2199098853927213,Low
-0.5567849957200628,1.6523296120639144,1.8969228892533865,Medium
-0.8906356716233248,-1.3534178466033475,1.2374353881630156,Medium
-1.8194225543655935,0.1265072391143089,-0.01788371294466457,Low
10.578850160236447,-2.218139904634442,1.6057557706059487,High
-1.7909418508030328,0.02822702825338217,-3.2605370661478474,Low
0.5852780266744161,-0.6184175021937972,-1.36783542262289,Low
-0.8244357504886901,4.5620763432223645,-0.2743982547951791,Low
-1.68822789098482,0.6066248821025966,0.051577962013256685,Low
-0.9305633086155364,-0.8803245068430163,1.030267827517469,Low
-1.008879751552913,0.48711881805128693,1.0033204877022852,Low
-0.5047156254015308,-1.6203346450672944,1.0313083608573097,Medium
-1.2923414376271074,-0.3147491482248256,0.41565683930846076,Low
-1.657331486871915,-1.6147692718380005,0.7051313722069874,Low
-2.56064406056994,-0.939947825407045,0.8723874055598447,Medium
0.5029334738147391,-1.0299532957386917,2.424647973661899,Low
0.4848649642802137,0.17110734954480036,0.2640682133817331,Medium
0.38585517708384354,-0.5157030942052804,-0.8078642484393929,Medium
-0.272920151395593,1.0605728161316204,-1.1565585647313985,Low
-0.9698410296943502,-0.969165519383764,-0.7618612840846642,Low
1.4899796624390276,-1.9339195114996284,0.5979791174525895,Medium
3.1347716223840862,1.4735252246965485,-0.4599432897852159,High
-0.10255099393429672,2.0858334164650105,-2.5212696152869274,Low
8.913750467124618,2.556625325383048,-0.7851379542483593,High
-1.1253653430589006,-0.670331689041724,-3.6386254439638246,Medium
-1.2795353649158872,0.5565202505803905,-1.8207767597450408,Low
-0.5814514679240838,0.7234735431156296,0.9467217436737443,Low
8.175296812140639,-1.7808360739221116,0.627982503341992,High
-1.3683554998185505,-1.6180840042759097,-2.7876401721762702,Low
4.393301486655475,-1.2245402627122433,-0.2767321746418149,Medium
-1.9429751054009463,-0.8120324076357737,-1.6453640647948804,Low
-0.689354634279636,-0.7116748723930018,-0.15478563704338671,Low
-1.208311224145228,9.139881232201443,0.3866608617700934,Medium
-1.2410285595343349,-2.501957893281037,1.5711430059218068,Medium
-1.9034432532940366,0.47104128910883536,0.7381733050968908,Low
0.41057301157414716,0.3500879084572162,1.2030941662392325,Medium
-1.7829222452574018,-1.3136931886269618,-0.2878350287421613,Low
-1.3308370546727601,-1.3571472173714694,0.28428566857308724,Low
-1.1903460605098866,0.21485884120819668,0.6024158566006835,Low
-0.5178611504345824,0.5439159765215107,0.4712814506859157,Low
-0.8955799071293896,11.445118363668504,-0.1518555844934273,Low
-2.129253015255827,-2.500484027522155,0.4989388002949526,Low
-0.10036122353596694,2.1024840764864092,1.5680907658657044,Low
10.499528141100221,-1.650296123821505,0.783385298267077,High
-0.5468077412430008,0.05883575303652013,-3.9072698800398693,Medium
-0.34176587761475113,0.006480446359797811,-2.431790190630838,Low
-0.11682664359452158,-1.6189885652070486,-0.15847257318095814,High
-1.0693744010158917,-1.225802635889054,-1.1447597531502867,Medium
-1.63539064229664,-1.6227841540963812,-0.6007812120800919,Low
-1.1599666183101207,-0.32077210484812524,1.3273858276360988,Medium
-2.4883026508307293,0.20534434474465849,1.1890958911857519,Low
-1.815086904473316,-1.1689280631225454,1.8434380746316013,Low
-0.6523454288934586,-0.050822351992918006,1.5300810633462154,Low
-0.4185792080355615,-1.022674716805508,0.7062143532868805,High
-2.6581553109652813,0.7826875897447456,-0.4172510423881908,Low
-0.7983350309432857,1.4696672697244992,1.422142058123367,Low
-2.5334079906784424,0.2353584853691642,1.0154649280988162,Low
0.8947646753653488,-0.8640404822801321,1.8824690457573143,High
-1.231757161115763,-1.2926312061037797,0.14441330480382966,Medium
-1.6593964392198766,0.5921422141269881,-0.04125348058233289,Low
-0.944108253195791,-1.5728793400758594,1.4739961476247843,Low
0.7979993939040358,-0.8745916603999371,0.9478779520418411,Low
11.12141549623805,-2.0429327238070325,-0.4366099995941565,High
-1.7203904518175541,0.4527852196100775,-4.529672808227961,Low
0.09250238272222033,0.5131580330592241,-1.2461984701373616,Low
-1.9368682101667356,0.24776904457289528,-0.0911278951073186,Low
-1.3185203539835069,-0.6322504203278762,0.47963814000468336,Low
-1.2407407194219953,-1.4446807642732387,0.7512894260481624,Low
-1.7492144673108656,3.0545412409245616,0.9536575597611447,Low
0.9616988786099979,-1.016986498676508,1.3121909661408573,Medium
8.279727529901798,-1.2727462949905006,-0.22574611169808775,High
0.4771785056204619,-0.36788796877229485,-3.092723506811037,Medium
1.1806812745738426,-1.6599407190912938,-1.9195341231436671,High
-1.1145256094177955,-1.2026991407579526,-1.392766222232422,Low
-1.0431706256037367,-0.8595996847288438,-0.47910148065972286,Low
-1.2227664394495292,-1.0964482486800415,0.546277863541639,Low
-0.025122497711920586,-0.6307619523175092,1.2003607509899739,Low
-0.29770366489606553,2.96372899748017,0.27296466744204323,Medium
-1.4479920459643851,-0.34955066899673926,-0.19153626996818385,Low
-1.30510781779146,-0.4557989367974482,0.32480551442948546,Low
-1.5815048680301134,0.6409108553103173,0.77408262074126,Low
-0.6488800385079933,1.0027077308278718,1.115460943461779,Low
0.9116784563220929,-1.2763140303650173,0.7672592741933846,Low
-0.013092680472415012,0.5565197312744077,-0.739588033743759,Medium
-1.5891157524176251,-0.7497495535866241,-0.16464055096338479,Low
-1.5678703623325707,-1.200712020451153,1.0623385118036277,Low
-2.389689140790504,-0.6914193093124612,0.9344746949367223,Low
-1.0055350885842822,-0.4956455101876353,1.438725309079428,Medium
1.068079293023986,-0.2792187377815429,0.9524039575457139,Medium
-1.388291102793276,-1.418462088164941,-0.4103774803009992,Medium
9.612300371472244,-0.7593698529019305,0.1875544855405838,High
-0.5979434032274005,1.096530254048121,-2.6670732728200406,Low
1.2076973628231267,-1.0928330165656048,-1.602880433600618,Medium
-1.0856362459543625,1.8485614867613287,-1.4771764156843494,Low
-0.888492372099551,1.8028116783979429,-0.33162126362621897,Low
-0.2636266751257251,-0.8132059328540466,0.2695850342926057,Low
0.20323100277110753,5.3909807132059235,0.24297194929644955,Medium
-0.20360289769405693,-2.365267101627627,-0.3679958960394471,Medium
-0.9402471705524855,-1.5403713082105355,-0.5592164642189031,Low
-1.5128061712181466,-0.5664431672827483,0.5168391233964598,Low
-0.7128311456774417,0.23334031822171333,1.1029750423662312,Low
-1.156915784474674,-0.1485440607206766,0.6971553695743347,Low
-2.0574815637721944,-0.45361693606957654,0.4470336986584958,Low
-1.1027445374236118,-1.3350664701478725,1.2095474176837764,Low
-1.2610052796102154,-0.9948115485059723,0.7795941093878525,Low
-2.449177738167025,1.0986216277589098,0.17268651422609138,Low
1.6492636529479383,1.6811526787662847,2.1564251273239226,Medium
-1.2863192120889022,-0.19286848981162352,-0.11640409009828227,Low
-1.3646270142131227,0.4302418688843461,0.1246205043002659,Low
-0.8481238938784351,0.06598566208373831,1.2160424222971302,Low
11.272169129410026,-2.064647057479602,0.915704668690978,High
0.362220506437002,-0.49143009167636764,-3.6253094123699183,Medium
0.09839997754100221,0.818973320000225,-2.698873603281739,Low
-0.27079363418401003,-0.14899629709560006,-0.775007135515734,Medium
1.3737875750776725,-1.942535909318318,-0.7345555416687984,Medium
-1.4135822765160742,3.9897717537144497,-1.8231031904837713,Low
0.8530694431939417,1.1168702608480667,0.18096503695776922,Medium
-1.8412329681065374,-1.2761142762807538,-0.557563779905612,Low
2.5671826134960534,-0.36048505924265645,0.45254563603384823,High
-0.7083536036018854,2.9573851092041386,-1.2201117463230662,Low
0.6816964182607747,-2.327412962047725,-0.4571534139417363,Medium
1.0124276759905815,-0.7745190338169896,-0.6586086781068604,Medium
1.866620187296063,-0.6755668656826289,-1.0107064351453594,Medium
-1.5649787386439376,-0.704687035882214,-1.9406321532596862,Low
2.328552536143438,2.3745771215965754,-0.19927286971224248,Medium
-2.042137234548567,-1.4639792346260552,-1.053139595822497,Low
-1.720676076694075,-1.4062725154642157,0.4497199227878312,Low
-1.4311753372718674,-1.2815084789626732,1.7072727366903184,Low
2.05965878582687,-1.6330485845937304,1.1435003874004446,High
-1.8946726548351653,-0.39619660370076015,-1.6929995525404837,Low
-1.2430953399430702,0.7822420156843207,-0.25436773356521714,Low
-1.4503804545331007,-1.5386522978288162,1.3982376941929757,Low
-2.326663246213605,0.14011771908839865,1.1973582924524437,Low
-0.1031357277332236,0.31842824397755837,2.08798057315465,Low
-1.341241138535229,-1.501382803206939,1.1646487506740817,Low
0.2794895670061963,-0.2202030454569687,0.6303662828815787,Medium
-1.1166377929136253,0.4631879336408426,0.2044627391860932,Low
-1.7240085770308866,-0.8740263948362123,0.3839474140842898,Low
0.19128787630531915,-0.5180157421769751,1.1869684831882596,Low
-0.8359882309194512,0.4754507259701493,0.3550339152818218,Low
-1.9210686100955283,3.635863960593039,-0.0563792559212602,Low
-1.7335168143510802,-1.6670327594649599,1.5119087902776278,Low
-1.400402555028755,-1.1396541792040216,1.727271899264851,High
-2.373099642844411,-0.9443932670855717,0.8552854883863295,Medium
-0.9243655132344036,-1.325370564854601,1.3999679558818492,Low
-1.5120636839636692,-0.1596139876481355,0.487969413013909,Low
-1.4001503024263595,-0.81140003063371,0.42305329147495363,Low
7.78241907734083,-1.7809129915524644,0.5427318627764901,High
8.64703791503488,-0.8776158424112103,-2.686917857972421,High
-0.5260177766110603,-1.8855698865906318,-5.271695768668818,Low
0.058356272017016105,-0.7167938240882797,-2.4404292132742067,Medium
-1.6198561553713227,-1.4003685842726885,-0.6221848500435018,Low
-1.493915548896812,-1.5749343313021182,-0.3640784045958083,Low
-1.2857897980574733,1.100398984030388,0.4956831822073064,Low
-0.8360507118585143,3.0290687737381603,1.7808792150697972,Low
-0.5343715919062492,-1.8032301548217262,1.148851318213736,Medium
-1.0487892167741393,0.161108548369687,-0.06922400024766201,Low
0.7936329919366562,-1.282062599747742,0.1861598868660647,Medium
0.6379542805606014,-0.5561277926886862,-0.49981953740051926,Medium
10.027353220969136,-1.7336727425809233,-0.6598410802092807,High
-0.07881268606997283,-1.3670576168323525,-3.8143281206122492,Low
-1.198657754299169,0.5669043957938893,-1.8292236838741263,Low
0.2406127664045666,-1.2277214750921372,1.650358248942878,Low
0.5908255872490634,-1.511902956063389,0.6801076304861059,Medium
0.30408778392022473,1.7711608879926621,-0.978037233050142,Low
-1.2462517899453271,0.29202300455155056,-0.14150070183122587,Low
8.727955314308206,-1.3396254093990065,1.6605452222577166,High
-2.0347050577898353,-0.5008111257315814,-3.2188750078398467,Low
8.075539030908146,-0.5286797055120482,-1.7416286201675208,High
-2.068888110533057,-0.8616564721572214,-2.9283840608664593,Low
1.3781610144348202,-1.0573395898485451,-0.4093393823415269,Medium
-1.9671568676121893,-0.3675644566779943,-0.6961746651500502,Low
8.819085609763048,-0.759355415519961,0.3134295024755458,High
-1.2357639054313934,-0.4776748229264643,-3.634098365307062,Low
-0.4626739791293322,0.7954721633885624,-1.1953937160607362,Low
8.62234984799875,-1.9035306435663937,0.2753181501874567,High
-1.5238374010246847,-1.0113598548348126,-2.929997767509322,Low
-0.034813266561205064,-0.6356204101349486,-1.1922583976404115,Low
0.12083663509348036,-0.2625102211327158,-0.11545500532879667,Medium
-0.7959783097315577,-0.32636602670056836,-1.2176784588837342,Low
0.40179672416279655,2.505850826933698,-0.8093817506495942,Medium
1.320775940384833,0.6311229225101026,-0.2479164562070856,Medium
-1.5067562624641548,2.5820339444775287,-1.3886399565763823,Low
-0.9313843663774974,0.017749963881552863,0.4567779223379406,Medium
-1.0349987432312058,4.744445634199208,0.533838087928944,Low
0.9630359900296884,-0.576840606943326,0.664509389552894,High
0.30609132163981556,3.1883911458770395,-1.172073391919477,Medium
-0.9620269328839193,-2.2916494655816853,-0.622685492895065,Low
-0.3716305104070471,-1.554570402973341,0.8438749682903753,Low
-1.968588098332602,-0.4548679498619796,0.5557093046020538,Low
-1.3848403907988711,5.710568753732537,1.1681581509491572,Low
0.06718760463179807,-2.3320198213540193,1.6577381246854328,Medium
-1.0291928049323353,-1.1749269953657384,0.5650936700580743,Low
-0.30235502820381094,-0.10885807693329454,0.502337433749976,High
8.765533130243817,0.13344660087648091,-0.13589848493108506,High
1.3206172779281065,-1.0317890389350808,-3.482675745715604,Medium
-2.003023680032032,0.1660324194132464,-2.96408241295671,Low
2.00771990569864,5.400125721271283,0.3558929486803025,High
0.7156829987799784,1.5159965943986116,-1.1366046677207196,Medium
-1.8086435231499178,-1.8258699249567851,-1.808639513890628,Low
0.9973616389460798,-0.35186515661512996,1.2013539876372612,Low
0.8569078783607716,-1.0950142236507525,0.010612250477484576,Medium
-2.1213449393101302,-0.7654872091478736,-1.5379218185983288,Low
-1.2090820617710707,-1.5815043262843433,0.48487740456097544,Medium
9.871990535183434,0.8675480378538063,1.2928653501257243,High
-1.4436204386129758,-1.2597319023853855,-3.6060912961516736,Low
-0.48859219864454734,2.152722528539956,-1.865931963403414,Low
-1.2010534157790085,2.3439906156519834,0.29458873429479976,Low
0.3109160928876956,-2.254757865507239,0.8634644177157182,Low
-0.9181906109868744,5.911759345147902,-0.6603403296866172,Low
-1.3913529638270878,-1.2794968280598749,0.7274222313985659,Low
0.5771302086826967,-0.7456301574578439,1.4103131900629382,Medium
10.11874964774545,-1.1894673172214998,0.30813578036130307,High
-0.07591436947997307,-0.4984417252059496,-4.220261768348878,Low
-0.22513453508708223,-1.2333305813095132,-2.112622038447101,Medium
0.16820247594017393,0.05532433557501432,0.024394548382045224,Medium
0.4107372865482444,-1.6119895077838378,-0.4214094517714942,High
-1.9366426447652527,-0.06124327402612716,-1.5985877410680582,Low
-0.9963504937076353,-0.9478448806261051,0.3462397801134313,Low
12.099817960952599,-2.46532873470102,0.6898640200472765,High
0.766652528103399,0.27814074885194245,-4.152948635580532,Low
-0.09560573016571922,-0.4755652251750575,-3.0378264712585796,Low
-0.8504370781267684,-0.9590378607031442,-0.5332499845471407,Low
-1.3339841199277949,-1.3479746345604233,0.022735586108426645,Medium
-1.6275562970718633,2.27270879438791,0.044841521377714945,Low
-1.4831241927205538,-0.6059710877922105,1.673063714596785,Low
-1.4266474671090033,-1.4691515996556506,1.6523083905151852,Medium
0.3544218109291992,-0.8092424699142121,1.5421411734184507,Medium
-0.9095550195581888,-0.03337627768894759,-0.06500016549160018,Low
-2.6788230822373538,-1.620994416751259,-0.3740956045615108,Low
-1.7677989388321749,0.3967673372624759,1.759722103393922,Low
8.598413310466393,0.9175392432399522,2.25162562364821,High
-2.1051734290157302,0.6071380212086669,-2.346125498459224,Low
-0.8925427624481828,-1.2297561416024174,-0.6220307259173172,Low
0.6435956329752208,1.7170465738991518,0.6149757002891268,High
8.639210995702815,-1.6047920017805786,-0.29878942097491523,High
-0.5485931809799409,3.7510294662309054,-5.075719696351215,Low
-0.3257265112195051,-2.258874078596527,-1.7890480522759276,Low
7.656391450621099,-0.7094236129307212,0.05717957439893013,High
-0.2019991119408413,-0.139276583719692,-2.9293005866496733,Low
-0.6991990372547722,-1.4223178334216502,-2.22857701447319,Low
7.101396035455929,1.0925510305960624,-0.10395817431376382,High
-1.009441208211925,-0.5258271748859432,-3.593305906280787,Medium
0.27215398911701366,-1.7140450800000293,-2.0947300581358013,Low
-1.8177778198830592,-0.41174717682879625,-0.02201080389147386,Low
-1.406006848765889,-0.2672797369601953,1.0394490879439724,Low
-1.5800176514589823,-1.2210542482144022,1.4957017676642461,Low
-1.8471420797539315,6.089918055778362,0.8712765189367166,Low
-0.8315436893320447,1.9527604913945797,1.7160053268448117,Low
-0.06902318997003551,-1.7724858148657923,1.399703632178379,Medium
-1.4863433950064384,0.035443005819438565,-0.312404689625626,Low
-0.01865704114588606,-1.5668635779083442,0.29276137155048876,High
-1.3967619562921627,1.7191535360658745,0.10023452946554554,Low
-1.73660356639247,2.324312013968329,0.3906781011091512,Low
-1.1638425151729406,-1.213329624041736,1.8288148254191616,Low
-1.2069005843486642,1.6893294046988272,1.2272424348546052,Low
-1.2312660316982718,-0.48668806707979984,0.2730055741912008,Medium
-1.659021881805935,-0.5929035292279594,0.7784700920697533,Low
-1.2567670461535105,3.0807033857449517,0.8514693144304317,Low
-0.6400924459581805,-1.5712896861362655,1.8826776344016811,Low
-1.1195649465923887,-0.21270903772944114,1.451531024251326,Low
-2.159602095439595,0.12811425907413557,0.31734695867423596,Low
-2.3166493047896926,-1.1699508274386146,1.2961667532860985,Low
0.2753182294363436,-1.020931470577731,2.2478605417633535,Medium
1.009761536695034,3.039219579950618,0.32114050473653616,Medium
-1.141233645890852,-0.32903217320641936,-1.162189775153905,Low
0.943928598908934,1.3107625208624956,0.14129857683387387,Medium
-2.175028363937443,-1.5777376266691683,-0.4977877225156123,Low
-0.5048783852530274,-0.39985518294023004,0.6648527596132408,Low
-1.0578095003735182,4.440800361825278,0.7465472218085566,Low
1.0165878784754645,-1.537821220484334,0.9818238810568197,Low
-2.0390950199736877,-1.1889944288607501,-0.2480418851473689,Low
-0.29194713006148887,0.035420324423081635,0.5887214225013692,Low
-1.12494930184642,-0.7838843829584939,0.4534804348629533,Low
-1.1675841098947544,-1.326007719808384,0.33091140940148506,Low
-1.7711417142162453,2.3297676845586146,0.7484896289074148,Low
0.051308720932413794,5.815166458750747,1.5118712178931886,High
1.5686099716736035,-1.51718360575617,0.5563383953010879,High
-0.7099596695687569,1.4212439867827507,-1.2562534378243384,Low
-1.0853025235286056,1.7326806063087243,-0.45167595681102873,Low
-1.420683936773497,0.626352732393035,0.517161546157363,Low
-0.5979287917318116,-1.1542285206618286,0.7532163354367668,High
-1.6670570433199752,-1.3272482530996914,0.27776993308479175,Low
8.411206472117101,-1.8544638745881468,1.4273968963910346,High
-2.471552864564522,-1.3140189210424233,-2.0270886354242843,Low
-0.9740674733296619,-0.8668572310300597,-0.46891769849348625,Low
-0.8050469772927332,-0.5097016462461719,1.0071269463106656,Low
-0.9601373571361347,-1.323340579492107,0.37359957112942516,Low
-1.9373568943769046,-1.2584048963265992,0.24213475956540542,Low
-0.6033125542981526,0.009518630052619048,1.5878195030950517,Low
-3.170264315404859,-1.200031760738635,0.8823115409675946,Low
0.8396078596738772,2.241914845000229,2.2319288953561647,Medium
-2.3478213903460974,-1.8141922447258254,0.2692710714884411,Low
-1.4106076664585667,0.878828828219219,0.6189301253860825,Low
0.7079529743676163,3.3853131281793507,1.5501519881086188,Low
-0.05868831306287666,-0.3197709948392521,0.1322302106152657,Low
-0.46096224617639153,0.3867018188028439,-0.513971788985383,Medium
0.7508993398853807,3.3718756166675257,0.5241417028146271,Medium
1.9228293501274298,-1.8968007758897496,-0.15821950800038714,Medium
5.2041900276885285,8.617450552287275,-1.1283110092204178,High
-1.2728728214841165,-0.25429047927986664,-2.6198301495382275,Medium
-1.1229346912815674,0.37994617484333776,-0.9031139424303773,Low
-0.5412333284651263,-0.5365635464065509,0.8629346025102593,Low
-2.189509088663877,-0.5268123387725417,0.033582517170141366,Low
-0.009378346411753467,0.19056731248527536,1.0588309233402389,Medium
-1.9166969660021107,0.05564322499166933,0.3113513229343242,Low
9.323562253675316,-0.13089617882380525,0.9357177340501117,High
-0.5318187399928137,-1.956891013870044,-2.259543192862203,Medium
-1.4002381655641394,-1.0817802147946332,-1.6486486611270381,Low
0.378971766584418,-0.7570324829142357,0.7615343221725837,Medium
-2.1552695726472075,-0.9682093143366199,-0.39407916012028665,Low
-0.7551951359961604,-1.006171929325295,0.03537176802867975,Medium
-2.497658761026766,-1.2629324879019919,0.29597508384327625,Medium
-1.1616384749609527,-0.3248467566159935,1.6112914053123624,Low
1.0746361419883912,0.13665446646221985,1.6865767930285462,Medium
-0.9478185270445474,-1.648602661651143,-0.4781842143295611,Medium
-0.45570191465023246,2.6670139453901274,-0.796185996897628,Low
-1.4352156906059983,0.10292093973786981,0.47672503460858523,Low
-1.4545237562651623,0.47360316557069926,1.09228522545373,Low
-1.7585249079630687,-1.2930604121568112,1.169593633746842,Low
-1.7017326113003794,0.06569364161098624,1.0091737414808009,Low
0.15726726489677303,0.09624274137665739,1.5064911887988328,Low
-0.9173645178480466,4.308804313152831,0.4166864242946081,Medium
-2.0761100574830955,-0.78003085115449,0.415903474644233,Low
10.268180437723553,-0.9028048415791401,1.6780520865550572,High
3.8358689761001323,2.021344701669914,-2.924368292640094,Medium
-1.0880681085881692,-1.8733333319112468,-4.0088184531778195,Low
2.274290366219576,-1.2280464832151814,-0.34856904314470727,Low
-1.3589831455272525,0.5469027745558458,-1.1468732748249952,Low
-0.9106256451073538,-1.7505952700779457,-0.3951681880035775,Low
-2.3745613318865773,-1.0570063617075087,1.1026279615720893,Low
-1.798147860704299,1.0296743662728525,1.7001256474595556,Low
-0.858789669169024,-1.2667950287250416,1.6622283155967388,Low
-1.0267983359341732,0.41205410671108533,0.8080588339700183,Low
-1.5935199934908206,2.084624290896629,0.19014030603941862,Low
0.2815897374456783,-1.1340549967546463,1.5531252427694908,Low
-0.8596974513073491,-1.1611500490012956,0.4254335046817187,Low
-1.0133384863459873,-1.1816561887177277,0.046264523589239374,Low
-1.4503508905016231,-1.2777404665292869,0.7892763427638377,Low
0.9996719990905286,-1.4178320021433655,1.3073676549685114,Medium
-2.4882826311201134,-1.211092466631775,-0.5400822645441246,Low
-0.09002644074917424,-0.5045302900312545,0.6131914495895553,Low
-1.8239571487767714,-1.0287026362072735,0.45275894379314435,Low
-1.8951960222172004,0.33424864409644955,0.7748169761752055,Low
-1.046688472984803,2.158673654252318,1.611986738993308,Low
-0.586547157305608,0.37816117468144284,1.0980783587524767,Low
-2.517299548091563,-0.6110302812101162,0.33128069430016954,Low
-1.755785286185763,-1.4765243617328063,1.4363170105434233,Low
-1.1222470907975002,0.9913555718411589,1.6778553511578438,Medium
-2.4606491086114772,-0.9806335038549531,0.76237039416786,Low
11.209118276934161,-2.0436855472416866,2.307354510799668,High
-2.142612145029464,1.7948033386344011,-2.5448238785441593,Low
0.8252363638699834,-1.914265085642659,-1.2153944345232954,Medium
0.3421214763513435,-1.5916528326904418,-0.3546959692647075,Medium
-1.27212092651978,2.2080004967680864,-1.0290229745491353,Low
-0.8882142310015506,1.4995659125474827,-0.25449645035538004,Low
-0.18673282007679212,-1.2860002313932042,1.2694298011208125,Medium
-0.9098847529164227,-0.6385901891403448,-0.16319124696051235,Low
-0.7969015106224723,0.15768289018337572,0.33043847871299775,Low
0.4765449803160927,1.3533098559220693,0.7753820366968985,Medium
-1.825167375795395,-1.651419386228107,-0.5460456914927105,Low
-0.310656887715186,0.29403243478312974,0.8236578682209582,Low
-0.026135329538712386,3.0408160294785382,0.3389961365458177,High
7.78234058555352,-2.0218116157199972,-0.5354113165862966,High
-0.28788363234550834,3.8341239691844273,-3.1421597299500563,Low
-0.7611595313930477,3.1192794947280347,-1.5920778961041708,Low
-0.3443065039673494,-1.7491473457837954,0.6184258593659521,Medium
-1.56459696809889,1.5396759618189597,-0.6185139870470558,Low
-1.9728434166689286,-1.3032189688735645,0.16483983064188845,Low
-0.034058371799799814,0.507860411061288,1.5769206553822384,High
-1.345547945782686,1.4138582995705011,0.29526077617184526,Low
-1.6673034303795913,-1.307466142289705,1.20994896471344,Low
-1.1559285677558704,0.8575176657452104,2.508342895842094,Low
-1.4150145728219552,0.8130192871340537,1.1154930163463888,Medium
-0.624712798154864,-1.6000474880549995,0.5469604749065058,Medium
-0.15587089642761992,-1.3319569246820888,0.5676767875206152,High
-1.5697413263630078,-1.208701165692007,-0.20523195755641854,Low
1.4478884333922397,-0.3528328163344575,0.2558837941243192,Medium
-1.0232758397465684,6.3416519430589195,-1.138239460892473,Low
-1.5788941623636108,0.15600508769639734,-0.08734904555261529,Low
-0.29931680183240167,-1.2525034344151567,1.0293712289051824,Medium
-2.076945308044917,-0.159160890829258,0.18100980618029794,Low
-1.099844699583096,-1.1397519822175008,0.8339111308008745,Low
1.2175291668548494,-1.361896871606833,0.9330776862120648,Medium
-2.2303532509263593,-0.44588109081587785,-1.2189755436366716,Low
1.5154532544957315,-0.3810991499847669,1.1002170393316177,High
7.03850548400695,-0.12389917724363528,-0.3103519408743551,High
-1.0410292766888953,0.7160494221841428,-4.0189323705279,Low
0.3549454429770932,0.2124239654190348,-1.4066118590836691,Low
-2.012351814773021,-0.3291827137650332,-0.32291062265890635,Low
-1.1647238193316416,-1.1942226115589505,1.078883435598935,Low
-0.9505572304619753,9.837282153256185,1.5649331006622613,Low
8.459354462524212,-0.6508402082695689,1.889563594169016,High
-0.1657441962551936,1.593334647706778,-2.1958226666494047,Medium
-1.2934277123288422,-1.606822132699384,-1.5127460620211004,Low
1.2922470213090582,-0.8351819410312147,0.9110139855057778,High
0.8044760559256782,-0.8484213361578313,-0.6958946518640355,Medium
12.62172174321428,-2.0999402682509354,-1.6094406586985395,High
12.082279048131515,-0.011824592866672427,-5.428340431632547,High
1.2992647988962867,1.5634301471674779,-7.393440942212689,Medium
-0.030707271582519985,-2.1181654571577377,-3.764512128326479,Medium
-0.8596628049343421,-1.559967120605643,-0.8194487930818365,Low
-1.1918499637128155,0.5559018765192013,-0.3030533428064734,Low
-1.2943306004099981,-1.0498312060197783,0.46015955809405784,Low
-2.06231823362445,0.07602005782687829,1.405659549378962,Low
-0.789414528108496,0.1844386815923312,1.7650947468405305,Low
-0.02428642598940802,-1.3300765011474378,1.1514342478572064,Medium
-0.47707790000266537,1.4566241549582097,-0.029203279885100606,Medium
-1.5446556638785112,-0.36762990949224816,-0.1217860520903923,Low
-2.407875414056961,0.9675092251142589,0.5855276128689546,Low
7.051770521845986,0.6314271202551947,1.9927879438022436,High
-1.0062142752303849,2.329310020181381,-1.7052959603552484,Low
-1.3145630713185077,-2.1398705900571873,-1.2249514751359862,Low
-1.8196268126039123,-0.9625432129331734,0.5989050073476165,Low
-1.7553657646161578,-1.3119418763097557,1.3917598833825662,Low
-0.9308674670814967,-0.6235617776599346,1.4085753910309924,Medium
-1.5997308352184119,2.49601832641488,1.2855228907379685,Low
-2.4199674833938145,-1.3134875928040182,1.020210485040553,Low
-1.2186531656118798,1.2180573894827844,2.2817644763739797,Low
-1.316670042104118,-0.7959609495055198,1.9693858327719025,Low
-0.45877909480429174,-1.1547392890909485,0.8418163115755324,Medium
-1.306391187619898,3.2510421146325457,-0.04003954621386997,Low
9.350993819654713,-1.9538730927374217,0.2600259929322611,High
-0.1835784298822767,0.09893830699359608,-2.900628841519764,Low
8.831809496240941,-1.9895987398243686,-1.5599715310233258,High
-1.2230511533197586,3.4271034009199117,-4.033135703971635,Medium
-0.25001914821361576,-1.0785682351870451,-1.4666311952742712,Low
-1.1334576687421172,-0.3454861862776147,-0.1544018038950411,Low
-0.2550116143612279,-1.4825537130513569,0.3243449884668673,Low
0.28067948519729474,-0.26319889580675665,-0.13964914473873713,Medium
-0.8512822425176205,3.0996661949322606,-0.8255352629441999,Low
0.703507589400382,1.562677708447647,0.5645256552833365,Medium
-2.4289016396440357,-2.00686515363888,-0.33372843892022225,Low
13.070339150421116,-1.7855918926360745,0.9494245239554623,High
0.6414112868819415,-0.021033453356761076,-3.771265426597575,Medium
-0.41835769005146334,-1.3475642070704301,-3.6498265180428864,Low
0.15282618728718475,1.80236506780756,-0.7819294188317352,Low
-0.9273232896690579,-1.261672888761836,-0.1838833306647285,Low
-1.4611960139622662,-0.6007896885857137,-0.3645487001573844,Low
9.018120907945656,0.3013967812458648,1.8475212365119498,High
-0.5384745031816369,-0.821321588269563,-3.4557365607334285,Low
11.958850286075288,0.2629314355216202,-2.3340497075607383,High
-0.17048030279720136,3.546118297322969,-4.917475879260376,Low
9.086332069618582,-2.6616380344805903,-1.9944214630875639,High
9.367549183734988,-0.017631367195264747,-4.412427602850413,High
-1.0484234226061155,-1.4345969940950598,-6.404745686041542,Low
-0.6976407147627554,-0.45744401019038755,-2.14084462918287,Low
-2.1616674434768886,-1.4975933598667166,0.6503533544415986,Low
-1.357489591142919,-1.1567696070310236,1.4481052721082897,Low
9.43227044619853,-1.618652188488225,1.594308425776835,High
-0.6709934563178923,-1.1414089822637297,-2.4428026336404236,Low
-0.3794161328817427,1.5892980190926385,-1.5058252665098637,Medium
1.2949868761450978,-0.43551049860462065,0.15686262989805047,Medium
-0.8566995705754153,5.612752578730009,-1.1083011712368065,Low
-1.2839907811942555,-1.23603060033994,-0.7348882680427008,Low
-1.4287061106210344,-1.0678688727355548,0.9573185335180526,Low
-1.8785580960419948,-0.8114425437000834,1.5554537289804193,Low
-1.8152279138438934,-0.5251656494342412,1.1383170908729825,Low
8.4862178555774,-1.3566003057681604,1.2073873713201706,High
-1.3331635681959086,0.6760551342240846,-2.9933506355209043,Low
0.3063781112147481,-0.5286433102446898,-1.407051414405646,Low
-2.0363680339000103,-0.7294951417861406,-0.12611459648093748,Low
-1.9202431504942716,-1.376669530013764,0.9277451332651503,Low
3.2452692927852587,-1.2303915836465558,1.6446298279288982,Medium
-1.564989155577457,-1.1939934226071354,-1.0675942647433256,Medium
-0.7844433992258394,-1.1794021421628889,-0.46548142307952534,Medium
-1.2415326390604702,1.7338231580700418,0.6771210830414631,Low
-0.30596561884493506,-1.845369069684194,0.48389378308311864,High
-0.2421817489370311,1.0857633987779896,-0.28420324344631587,Medium
0.30429349504554126,-1.0286496810794687,-0.4405717940268438,Medium
2.191961524860688,-1.4804809164088029,-0.6320547110124877,Medium
9.946130475679983,1.1641528659871778,-2.01079475692602,High
-0.7996616203509258,-1.0267493922390931,-5.417260885302405,Medium
-1.24090338934615,-1.315435597790709,-2.228786318250702,Low
0.35405081622315715,2.326341081233441,0.5622438574310803,Medium
-1.7552106397405336,-1.9784593583119794,-0.3952235883459714,Low
0.08635900833305876,-1.2936969249958539,-0.161487097518376,Medium
-2.077612139082695,0.2762731214971647,-0.034750597029712504,Low
-1.156687197615687,0.5121383966407268,1.2097061483380074,Low
-0.7977717040150114,-0.7199729502938433,1.18578385266377,Low
-0.41047712641760786,-1.444085424592016,0.6868094586845982,Low
-1.5320971420334177,2.413104764578839,0.14880255278257887,Low
-0.6673997473875942,-1.2881852688987427,0.8488524812331767,Low
2.1316903992075984,-1.4226022530551217,0.8934240983867506,High
-0.24564586362183277,-0.11131822323735004,-1.2061163660648115,Low
0.9729063031106334,2.520229890183608,-0.6998225959745942,High
-1.6105881229565935,-2.110352840164857,-0.6730878539087735,Low
-1.7145064334266158,0.8321820257745369,0.18371679726786627,Low
-0.743591652744088,-0.47019256508883706,1.4548169817553829,Medium
0.1650410349913484,-0.8388146790794192,0.8180985742641462,Medium
-0.976611366971475,0.6224044179124092,-0.500225067847023,Low
-0.8897640142352182,4.303862900603246,0.15717933568317713,Low
-0.42633217779405413,-2.0054237858812263,0.7174362799941546,Medium
-1.337143584470748,0.5374791170196611,-0.13323479163267843,Low
-0.5062162323185584,3.2149613038558127,0.5221056761101711,Low
1.7481583237972065,-0.5271831894692117,0.9813480992055068,High
-0.507864257874039,-1.1614068867998686,-0.9148038306343502,Medium
2.486044193954424,-0.6357915915738798,-0.4636424814440268,High
-1.2302895531271978,0.6897448773895627,-1.3432580491790291,Low
-1.692051750308404,-0.02016797968769843,-0.14789620854447746,Low
0.10790365086083498,3.378332082006338,1.3513159626358944,Low
0.35426924896120016,-1.4199732895395918,0.4164678675648864,Medium
0.4880736359967635,-1.1263100335751808,-0.6626347941022775,Medium
-1.0983915739121455,0.6715287537857112,-0.9055083395844125,Low
-1.842101271340795,-0.8645424692989625,-0.4334690461236889,Low
9.804905546818265,0.005220817066039889,1.2347675137271557,High
-1.4153602556007692,-0.9146881208747922,-3.45530926643404,Low
-1.0456715228415008,-1.276992278039608,-1.8803595230140577,Medium
-1.5158275911848749,-0.5065945767928268,0.8346699452581627,Low
-0.42529420200810714,1.1666334903845113,1.0558846277044267,Low
-1.0413989779127004,0.8255448406051711,0.2996934821287754,Medium
-1.4991795978534765,-0.4288810835394852,0.5474898378779812,Low
-2.584190532383308,-1.4369589231390865,0.5310445537928595,Low
-0.873690222974609,-0.21835167567738883,2.040527964650643,Low
-1.3259111691402832,1.5864280753418447,1.1376054571379186,Low
-1.8731757497199066,-0.8082032218988353,0.6944880234079667,Low
-1.6084056680389722,-0.17137340670674844,1.581235926165511,Low
-1.438347004225901,-0.21736391102583524,1.4167818408944506,Low
-0.30944143804582785,-0.6424864818398136,1.0392037742400055,Low
8.672530992480876,0.9311567967047693,-0.0226339812015375,High
-1.2924669805464697,-1.7017582298250016,-3.616684932671474,Medium
-0.32742770947378885,-0.4836291989383476,-1.5730341136378199,Medium
-0.31721440768776876,-1.3314448902737033,0.4842620592544908,Low
1.168888902378501,-1.7485086065481057,-0.3850541212155526,High
-1.6210808489498443,-0.37591473566105393,-1.615613990103564,Low
-0.03355987041109895,-0.580745346953944,0.2645811520153239,Medium
-2.0343348279595173,0.15812472460439642,0.2618836525673285,Low
-1.3044769699025458,1.0784754248812896,0.6447974240830865,Low
-0.6397747763443553,-0.3819409825971982,0.9872395047782031,High
-2.0203758303879926,-0.6120114622617876,0.5229430799622586,Low
1.05205349455442,-0.2508086645423071,0.8465887637286701,High
-1.1190553674233001,-0.5843066903713328,-0.3095524615433097,Low
1.5766875567538547,-0.9700366688703919,0.4188530176130184,High
-2.82062718822786,-0.3555862690609262,-0.698649081550092,Low
0.10550944173597876,3.3424188988558563,0.8188725157537172,Medium
-1.8395510331572447,-2.11574957485151,0.4809734392541311,Low
-0.07786799416311116,2.8325438539519454,0.6772401312666324,Low
-1.326368663929022,-2.19568089384671,0.42718921782115354,Medium
-1.633666125049262,-0.7986055090310294,0.8204665362693737,Low
-0.21142564195502941,-1.0154159430069465,0.8694300273976339,Low
-1.0301231001605244,-0.10785457646867788,0.08759415881189946,Low
0.15717437234839274,-1.628382707820178,0.7877373368890151,Medium
-2.6683328722259487,1.5737857056897333,-0.13882488216734312,Low
-1.6795912194426343,1.4647151224039292,1.3432253984020464,Low
-0.01047409280906779,0.5115869552245391,1.9025578380568555,Low
1.0721376255271107,-0.059421994559024985,0.6674018563886688,Medium
-2.004033974044456,3.302376429178669,-0.8065983214777973,Low
-0.689137782449723,1.3169699529717251,0.6788656867019779,Low
-1.7709045466098763,-1.1372517720865352,0.5627720568685305,Low
-0.18146776717193594,1.193582914413659,1.2771213648804578,Low
-0.9180764220538895,-0.10759317810064346,1.336353904966994,Low
-1.0924323562885434,-0.2572159987788034,0.6215921076757105,Low
1.5655239433577501,-1.0662441811095158,0.5903668031527523,Medium
-1.8503933283505063,-0.4937336379191915,-1.1037368610343223,Low
-1.2221190916704918,-1.4809616433699244,0.3392592215127542,Low
0.17468325108374347,-0.6910771067180156,1.334696692736157,Low
0.8539375753192061,-0.14257541421124625,0.09118961181014668,Medium
-0.06535377322072042,4.2077643235266695,-0.8065234916966832,Low
-1.307758940320967,2.5183539579006893,-0.5813333703795726,Low
-1.2827790463294995,-1.243867306676243,0.4566700503206893,Medium
-1.2073665000834686,-0.3263508432715685,1.1191458809470498,Low
-1.505757824041016,-1.1836768432174523,1.1978918487216639,Low
-2.099336677299504,0.4817899279081821,0.9137597363832495,Low
-0.6760284312287516,-1.8349885834175572,1.8452940479022297,Medium
12.969066612036514,-1.7076544259706306,1.7485995847414988,High
-0.35956572672414083,0.07725009992518757,-4.721557789568423,Medium
0.2701624835501447,-1.5755916652897022,-2.7806860062405487,Medium
-1.1429324765028734,-1.6334759999768487,-0.4638617541992671,Low
0.2729754433535252,2.6726931088302197,0.47969678629592466,Low
-1.5350269871403899,-1.4739154914415216,0.04901539340099022,Medium
-1.6642771968817751,-1.3298983638092707,0.3485563356726622,Low
-0.8526139660348595,-1.4099605143881653,1.214633848047517,Medium
-0.37969666236411503,-1.131673366344008,0.7218431738583072,Low
1.474870182585502,-1.409686371087848,0.500160801367423,Medium
5.1023427250548785,1.4536146659536622,-1.041426874357473,High
-0.6910539677377963,-1.4036271132243905,-2.888533288597161,Medium
-0.4340801566032138,0.6465003370230625,-1.12206770612553,Low
2.1052204821439524,-1.7929555514348336,0.4037073253566231,Medium
-0.9349169552578284,-0.48483875836318174,-1.5639931889784067,Low
1.0947943464046335,0.9354878362015155,-0.7065789750485603,Low
-1.4611301375101033,-0.6088313563363394,-0.23416363108024177,Low
-1.172096924966584,0.00039237631956843123,0.7129716662864284,Low
0.20297485285236747,4.0975093316931375,1.039938611164683,Low
-1.1830150392173548,-1.8531544009126653,0.03931599250294122,Low
0.23704695610707952,-0.5096550571054067,0.31764408741515676,Medium
-1.0087250901555609,2.2634839839330985,-0.16012485678422425,Low
-2.1716493544169815,-1.8916126332427836,0.25992509134615577,Low
-0.8068100691912181,-1.3939742682263379,1.452810740665889,Low
-1.9546626384332948,-0.9347676668936762,0.9599307546444384,Low
-1.2415256052393193,0.06107791959282268,0.6037192519831768,Medium
-1.5832807263616526,-0.894753094627136,1.3629486490318747,Low
-0.8482317889579465,-1.1185176730884567,1.2083160976592189,Low
-1.744541954731715,-0.24804561013527712,0.3185672835350672,Low
-1.949290577727463,0.4486071622124771,0.9143341987211294,Low
11.70620697205896,-2.111295919595368,1.2441494546530454,High
-0.43314280780760156,-1.257307580456946,-3.6193806670183193,Low
0.06064571324929375,-0.29227285756012034,-2.352360133699152,Low
-1.0911395296729962,3.3480649014302606,-0.3990035398869925,Low
-0.690581164604926,-0.7749516832557687,0.5621592543701069,Medium
-1.3204261955400893,0.6797013667370245,-0.15555639809696414,Low
0.5808342442345653,-1.4238734322791244,0.9675918326913949,Low
-0.05419397518539264,-0.586688674450181,0.516155037389085,Medium
-1.0425261227572755,-1.0459150292661563,-0.7039152233382748,Low
-0.6481638725188297,1.190557846884091,0.7019199453086674,Low
0.02998813088466086,-0.4412802534688878,1.0618028436228446,Medium
-0.3348531238248321,1.6036969553791032,-0.05276476489833063,High
-0.5474810647355038,6.656019422234057,-0.8579422827816368,Low
-0.10125339809170612,-2.7912436303959036,0.5571381393686369,Medium
-1.4520376625207543,-1.414294763655008,0.049060730242821246,Low
0.8040628463505307,-1.707051013458508,0.3855932141487977,Medium
-0.38579497396531537,-0.6944837995584854,0.10368793602977926,Medium
-1.8896310063337742,-1.4491013032693876,-0.23308425365551264,Low
-1.951273109887493,1.8134908266073833,0.8502781592391605,Low
-1.1131838891388515,-2.076809424879772,1.6723645852765734,Low
-0.9010124152914236,-0.287496024492607,1.0057804509429984,Low
-0.6329368971146041,-0.6786496833529481,0.8687241241450273,Low
1.3968186317664284,3.085841767023601,0.9542933582687864,High
-2.0160918099636964,-0.306002274214134,-0.8369265498407537,Medium
-0.12085924720394282,1.657123266472682,0.30249517176127155,Low
0.25560666283285605,4.385715431304495,1.0836845747977706,Medium
-0.7662472669172096,-0.736443465326503,-0.2222205487581894,Low
0.6987453790474641,-1.459614479889324,-0.005522754194477489,High
-1.5130486572049706,-1.3957608208797836,-0.7583952555051025,Low
-0.4850465479364768,-1.0193583417656764,0.5366514320550433,Medium
-0.7915751680982995,0.9345675476242027,0.025792181699792846,Medium
-1.086474048395019,-1.9873196005621196,-0.2036636732939149,Low
-0.8905336166683098,-1.2872387081182082,0.6713114472446073,Medium
-1.5921386098320849,0.36204597687536,0.869691095404549,Low
-1.7177764460977845,0.15514170321596407,0.7795325733373258,Low
-1.9208743849939158,0.029510449773183484,1.1862127682972607,Low
-1.884906245630782,-0.5631126262444037,1.5916946546651294,Low
10.638629854219927,1.427950570541144,1.7089730535179615,High
9.42493895528634,-1.0033158856038595,-3.3867197489909864,High
-1.876186010864776,-1.7814776155227352,-5.894137955803706,Low
1.2889317974459673,1.6758328748911244,-0.829356738649807,Low
-1.0698867434988146,3.8236917576387386,-0.5739570251784518,Low
1.6040650544665942,-0.41973973872241815,-0.7950696311726058,Medium
-1.9632076102137612,-1.1035427022915312,-0.8598921019251551,Low
-1.6529244325075092,-0.45005331587537345,0.5616492568521707,Low
-0.20250455414845486,-1.6266913293536567,1.4702718456840616,Medium
-1.5824217349887415,1.8782014942067826,0.4026939895423158,Medium
-1.6692786655249379,-1.829815989236812,0.49423997546858717,Low
-2.3095238523403965,1.0112696080401964,1.3281192868385783,Low
-2.221407693653292,0.09724686615724562,2.243553033430097,Low
-1.3812032156410838,0.11534929270507346,2.1404325031755187,Low
-1.933116530423003,-1.2034282113875492,1.37637169968482,Low
-0.6263244315674817,-0.953563294049231,1.148198355487921,Medium
-1.410035566100047,-1.2072987702888223,0.4075918555109995,Low
-0.24626156433846547,-0.8512911389713487,1.07873648678744,Medium
-1.5660066964066788,-0.5884140999854844,0.04830571955514076,Low
-1.660813853953951,1.6652450081245715,0.3289242470683641,Low
-0.01728579654811587,-1.5088716026708902,1.1708437532809735,Medium
0.03924191500491354,1.0513078789697465,0.5259523063743111,Low
-0.497883576224809,-0.3793459480822984,-0.11896793234382604,Low
-1.7887062673489502,1.3226353896435332,-0.057696793585682235,Low
-0.0925411958310736,6.536531633064166,1.162261618677363,Low
-2.773274734588823,-2.1430922838216424,1.2209470019500235,Low
-0.6753547372058293,1.3672566036441614,1.5788595311421447,Medium
-1.6621053892778563,0.013474635371029504,1.1534822503494848,Low
-1.2903093187268067,1.358568781316154,0.6514031585154175,Low
-0.7033362473072373,0.32236375073235846,0.5741964889571648,Medium
-1.6927920923503341,-0.6931984839919427,0.2733173012959258,Low
-0.8495619450686266,-1.292488766953662,1.0649520414608422,Low
-1.9430455228566366,-1.2558147204263852,1.0136182437136327,Medium
9.921047369294811,-1.1890447156525947,1.449497669896988,High
-1.1810826423250143,5.116479966946991,-3.5865516903451407,Low
0.7855137622738956,-0.32250122782166657,-1.3455142211360156,Low
-1.4753934109655853,-0.9628284663351369,-0.3401743650123839,Low
-0.35578970161079065,1.6245568072380618,0.26504040832231546,Low
-2.2874956902956836,0.0336555431822806,0.14340975171717224,Low
-1.0401678544013602,-1.3256799105102046,1.3955383113404694,Low
7.513467697649014,-2.2083634151966467,0.6882993866062084,High
-1.0698334146270565,-1.1537633406603185,-2.299429470071224,Low
0.0516770128456206,1.6956287837204063,-1.4642447398824079,Low
12.36624105399185,0.625556713648201,-0.07476789289592324,High
-0.8177178423171297,-1.60002470430416,-5.097642812300749,Medium
0.15933202577369118,-1.2801539262830544,-2.709421291190014,Low
-0.35061745726870414,1.7811665549549183,0.07360200045198062,Medium
-1.4288377488719801,2.439474825650749,-0.4869807648449588,Low
-0.929228677891435,-0.1994823960187208,0.33790027438708387,Medium
-1.113966248106854,-0.8980191838820548,0.8650491729553951,Low
9.762561100363895,-1.711647858395137,1.1904318558001683,High
-0.7683514429326076,-0.6181223028817592,-2.88502375056456,Medium
-1.1161766470147767,-1.4651181644302236,-1.8462069410814494,Low
-1.2301050148111639,1.9747731576874685,0.6604212886595098,Low
-1.3868765770046616,-0.9152003518309257,0.6428400873012204,Low
-1.4955022880733355,1.6177375003822498,0.2083505036007784,Low
-0.49358366939833925,-0.8790805809510915,1.2099470279699083,Low
-1.3648395489109122,1.8312504072973372,0.27856727490681354,Low
-0.3917880364985877,-1.4902951545769316,0.8818967203080589,Medium
-0.6255764681941139,-0.8649121192112393,0.278766189436864,Low
-0.8361423917590013,0.282492755075527,0.453682097050441,Low
9.91377745148783,-2.376968523635801,0.7481198398985609,High
6.042819743141021,4.9876703538418825,-3.4071391585896857,High
-1.0905391263816022,-1.223077541991512,-4.642265990207568,Low
0.2967107054071183,-0.3847990908048555,-0.8928868009470494,Medium
-1.358519263395911,1.1421158661564412,-0.35607498270806176,Low
0.0853962019566617,1.3509259024049363,0.05519652873916408,Low
-0.6228044564917662,-0.4063657899558326,0.24721428472381235,Medium
0.3731560669926297,2.2668231424308414,-0.1519333674262731,Low
-2.3453145264088002,-2.148093035394153,-0.08663932529842795,Low
-1.9522437778279553,-1.2706680043735916,1.2020556313624515,Low
1.1925955579261778,0.16057824144257365,1.8322611464519012,Medium
-0.5640026394079419,-1.0094306004177063,-0.3721645879257289,Low
-1.692749399149839,-0.39976886001631073,-0.3969500626414284,Low
11.724965323930109,-1.7880105768330166,0.9861661803936318,High
-1.9098428974499948,-0.5390801871854661,-3.481664410282976,Low
11.907699094673605,1.3268820938316768,-0.7631600681232321,High
-0.734996181981312,-0.5266221103442332,-4.177159832409396,Low
1.0429688243254294,7.41772590499348,-2.958064561448485,Low
-0.8703655791897722,0.8990016329069692,-0.902824907590455,Low
-2.0691332454359235,-1.838140992816389,0.5616067090555317,Low
-1.7881880575480755,-0.950422823228723,1.191450647260982,Low
-1.03941141851029,-0.7677804380650464,1.8889392118449946,Medium
-2.0637801594875143,1.9571922733819587,0.6164018597804571,Low
-2.067174274592375,-2.0894677028021915,0.7726924332354992,Low
8.888625750012777,-1.34566559542628,2.380688771549423,High
-1.8198006437908805,2.3350679794744797,-2.7463154017075,Medium
1.0151724400375726,0.07634455959495764,-0.3273091688030147,Low
-1.6692844745185964,-1.4489880595922437,0.16444833673582115,Medium
-0.9065463719944293,-1.0470781894000383,0.41622509502217153,Low
-0.745267822064154,2.719595335992692,0.1982086247612656,Low
-2.1025248419371323,1.2510658686361331,-0.026708606332734267,Low
-1.181610068052743,-1.4121848666013257,1.3027974566253397,Medium
-0.8407338669481272,-0.7914862247342147,1.201422218782759,Medium
0.8173038465804813,1.0795030652116222,1.0310108440488002,Medium
-1.7101985972835392,0.30692235415296076,-0.38912063856487883,Low
-1.7894500500243788,0.8226378662535653,0.49773319518746045,Medium
1.3715067233016658,0.0010537695852935291,1.7765491021344273,High
-2.048166868570001,3.201543106973632,-0.8462935873866768,Low
1.7584667848326059,-1.5495455654751764,0.1684892887471227,Medium
-2.193354409069834,-1.0702081025750725,-0.9744403862025223,Low
1.411474912347494,-0.2230897932832952,0.12851325307339814,Medium
1.7125722855640404,-0.6741338588641739,-0.038525304343791214,High
-1.0799284976281762,2.1648663966168993,-1.7824046263340614,Low
0.5975518625829589,-2.2369121796622515,-0.38878585221760453,Medium
1.4014513585710309,1.9973275292483934,-0.2872684622222508,Medium
-1.2405894125941916,-1.3346775934109505,-1.2192062167356594,Low
0.3182689547766297,0.9683233479262235,-0.2942999475858791,Low
-0.6243705701257467,-1.8136435987009543,0.40843443258401013,Low
-1.6617044341997416,-0.04775366968963784,0.19773351108387494,Low
-1.3531430640196815,0.3951886899270978,1.1083557413545553,Low
-1.2300262561715778,-0.6940427321698244,1.5045408336830037,Low
-2.4861493853767263,-1.2900506262005493,0.5557351007214831,Low
-2.455591918373039,-0.46361804581962174,1.400654750781658,Low
-1.4922807888936223,1.5884915984205772,2.2420654981301538,Low
-2.3559113826417617,-1.2134757691899012,1.6351513479582636,Low
-2.166357268529028,-0.8583549289266879,1.9076056305222957,Low
-1.2893870829944274,-0.711170178921394,2.1846151003150847,Low
-0.9720979500281489,3.2839224755589056,1.0586444789726686,Low
-2.7457978828835166,-1.6999020950263404,0.7334985900072609,Low
0.6212483109591773,-1.2423523984770648,2.303399945073213,Low
-0.45115353987814155,0.6849485949501289,0.8444739753072049,Low
-1.9355920276609917,-0.01424976450293105,0.31435585826563206,Low
-1.6967225220527313,-1.2653702028229314,1.4440830644025602,Low
-1.3512639470483703,5.540878313797335,1.8765504142228713,Low
-2.0946705219715898,-0.8558332049219601,1.5053662907168965,Low
-1.1891756009985137,-0.3234941102722394,1.6141726429449332,Low
-0.7857614265742383,-0.5779219942978339,1.0886560905431075,Medium
-1.2886692957988104,2.2282833274243607,0.01260051857368295,Low
-0.7245075301878032,-1.1890460809391474,0.6481407161537955,Low
-0.34400500253559174,-1.414406000103508,0.911863539170949,Medium
-1.4183712836413145,-1.1065249590515482,0.5244259305850387,Low
-2.210681153346772,0.7573175194201179,0.3729910693181117,Low
0.19495730366281724,0.056809010513876386,1.6044899862036954,Low
-0.9135257719756962,-0.09819817722884427,0.20594273816823572,Low
-0.6047080944679464,-1.4447223139781564,0.1454581480652006,Low
-1.0334902851904333,0.6118895430077682,0.5387615068405553,Low
4.635452439538935,1.095305668046784,0.9247198150781849,Medium
7.452126419259565,-1.134632939480148,-1.3924801313047077,High
-0.4012903840336612,0.5820818842771083,-3.8502763349637017,High
0.4765088523373892,-1.4507854529264175,-1.993937956714506,Medium
-0.9309856597620356,0.8476468141864216,-0.8910900004407634,Low
-1.3777117184441108,-1.803346180200601,-0.17103782654314081,Low
-0.6935060947990476,1.4052402532034978,0.21161973767214606,Medium
-1.5218909410883261,2.5197922678681555,0.5640986490955623,Medium
1.8665662521629398,4.509543054298004,1.1799612045910062,Medium
-1.8439999584075526,-2.0823222416474363,-0.4712220970869689,Low
0.9745156019966322,-1.014323066018952,0.1525085952971675,High
-0.3430917952504196,-1.7508275467873988,-0.4003396262496498,High
1.9240228742732879,1.6256752979188231,-0.7821247464875054,High
-0.38596037695366064,-1.380194831056603,-1.1536479097023142,Medium
0.08323781283316578,-1.1589336023287096,-0.3046477625579062,Medium
-1.5692275396259754,-1.537914167141656,0.001679557951478858,Low
-0.6735045745904958,4.015654171486132,0.6309365810702591,Low
-2.068594665800271,-1.0692420262772087,0.7829287860420518,Low
-1.855687354949795,-0.9692039885161378,1.593482073263208,Low
1.502528900808666,-0.5898267081994868,1.4145090705608951,Medium
0.7468186060096662,-1.1110418494050882,-0.3667651236203439,Medium
0.07491883393272336,0.22096784136228775,-1.5455762321229722,Low
-1.0437145157342373,2.617683458754555,-0.8816681096164463,Medium
1.1804712722306743,1.2293579034534374,1.349311505458345,Medium
-0.9151294088616553,-1.08534718445788,-0.21568228395432548,Low
-1.3903258912729013,1.3813788193161183,-0.4683674938965461,Low
0.2498551982097326,-1.0764296464835046,0.7659785825973408,Medium
-2.1590972842128995,-1.0625804649597146,-0.19356180828980799,Low
1.5278087785571681,6.861854686891036,1.4113356043013248,Low
-2.492162466355209,-1.9293195460732637,0.1719171764518523,Low
-1.533466161384568,-0.6199758400012996,0.864260301629659,Low
0.6094380391678802,7.8574732937163265,1.0795122933942045,Low
3.3633500196882693,-2.5536445211382994,0.18618924581390875,Medium
-1.1927613424260621,0.4356609780099797,-1.4474593477437228,Medium
0.5683662302701448,3.11244581260899,0.05163493549443462,Low
-0.038422706869418566,-0.9633681119630744,0.33008132535272394,Low
7.619384759782116,-2.081077086047417,-0.4632275206731693,High
0.18242026145732018,-1.1576306759180288,-3.5931052903896146,Medium
0.11750750019409345,-1.6301060558946998,-2.113446445238319,Medium
-0.8816468985130822,-0.39922041773812433,-0.604162779692792,Low
-0.6080965493892664,0.6714254585497917,-0.2244180991894265,Low
-0.8855394886808402,-0.9717282324813951,0.10856509524902418,Medium
-1.0962888845417609,-0.09368259382031846,0.41081489226380935,Low
-1.6931650124810482,-0.12923722420723202,0.58374761817532,Low
-1.0898876784637719,-0.301189157651873,1.3842170979362072,Low
-1.7612241906942705,1.3557213596273372,1.208751333594612,Low
-1.9054917981821193,-1.145890734628066,1.3875461169588261,Low
-0.332999315027291,0.7387200764810816,1.477212459128401,Medium
-2.115558654478793,-0.4212309448684903,0.4794720762865177,Low
-2.179314415602809,-0.8661919930007959,0.9427254548899757,Low
1.4704711506631751,-0.9833325265409517,1.45780642787201,Medium
-1.1614567082400598,-0.6254824178451309,-0.9432374926663963,Low
-1.259938243960503,-0.06036789135205766,-0.22980363451944866,Low
4.070862641494933,-1.498954832125828,1.037627148062241,High
-1.2712009146934247,2.6368574474377304,-1.587085854669311,Low
-2.140261354243508,-0.9578174823858653,-0.6619676835092964,Low
1.3024709982562783,2.343024046707532,1.1453673898941794,Medium
-0.7674974819621486,-2.020207937311969,-0.1647458975440751,Medium
-1.118854475884447,-0.719065160256186,-0.797161496901643,Low
6.693325558666747,-1.58079383410951,0.9800076059084946,High
0.6806882068764608,-0.7798978309309366,-2.5652569605573086,High
-0.31712875741400953,1.0571169517620858,-2.473004279468779,Low
10.105597355203107,-2.4327764766435216,0.5857652559017614,High
-2.512017412576812,-0.8769770737207144,-4.041288187770635,Medium
2.1960130326427127,-1.6735286546452377,-1.1253161955720723,High
-1.5676285110002954,-0.5067049513377244,-1.1872648631589888,Low
0.1879590945482151,2.388349895074986,-0.3227295293343866,Low
0.4669137444037888,-0.426199314991019,-0.09662742679595075,Medium
-0.2552031318479107,0.3392471791641774,-0.6878237137840868,Low
-0.8703316132528837,-1.1204135355081677,-0.5238665018989508,Low
-1.3937476514910492,3.623338890009394,0.7938286214870445,Low
-2.5868536762275163,-0.5443114722456037,0.9833191889840243,Low
1.0992467287999328,-0.217870441978358,2.0479200180372317,High
-0.3848452693938842,-0.6784208671206198,-0.2678226787892299,Medium
0.5824535959662778,2.73234650399529,-1.0968410494062415,High
0.6048268389842574,-0.7518878754847065,-0.45484942954172547,Medium
-1.1436799155544455,0.7362186762805472,-1.1650673670570078,Low
-1.5222329771791263,-0.8338052306350062,0.3465284850385918,Low
-0.8734874841149899,-1.2431283416157897,1.149696561834535,High
-0.4660592155833454,0.9013762990788654,0.6946078232918124,Medium
-0.8070551464413515,-0.14931460824530443,0.16815902312539552,Medium
-0.5716622395123465,-0.7787940366077637,0.09602359793089317,Low
-0.11615104124514859,0.43574655492026054,0.11563435315525651,Medium
9.211001066648306,-1.7082883124991506,-0.06743833762856478,High
-1.4962793168436155,1.5313602864927836,-3.5326333206052456,Low
2.340836990054308,3.9293749287112107,-1.4901040455191104,Medium
-1.2021856183332544,1.5599304707083832,-1.3794605017736898,Low
0.4290108983397288,-1.5220888786428823,0.006377731124369832,Low
-0.7233874572156327,-0.506703122553932,-0.14253463441902425,Medium
-1.62109570314738,1.024136260867514,-0.04933184665950382,Low
-0.7185779144197727,-0.3192664665818549,1.0278477148528928,Medium
-2.1921007584076744,-0.1643114767742044,0.6678023008049385,Low
-1.0449425489735789,2.2668298739945025,0.5804488977545068,Medium
1.6168960340677665,-0.37263355430014783,0.9244113781595928,Low
-0.2821410273665944,-0.9751900190731289,-0.6853096537805254,Medium
-2.0953436042885003,-1.5575585268981724,-0.411173684476919,Low
-1.1880707406616744,-1.127570063177244,1.2489496606854413,Low
-0.0640735035297447,-1.4775339305471455,1.5609342695183481,Low
-1.7614020967135597,2.303636288812005,0.18752899898381944,Low
-0.9220410144167018,-1.088748309824558,0.76696978958005,Low
1.7323526604872639,-0.4767835821605495,0.9933750423746125,Medium
-0.4164436295318827,1.4986556543917322,-1.348223078925575,Medium
0.9139545389026903,0.4097883824268564,-0.6482867633141047,Medium
-2.156223159632584,-0.5450660826772141,-0.5734667348830187,Low
-1.5383151793310843,-0.8107328249721044,0.8300844101279671,Low
0.0013191186012904495,2.0332465567742775,1.001320213177772,Low
0.0021939644450435576,-1.6538458784744732,0.09345853941208784,Low
12.111678073931277,-2.1248562222555734,-0.5638482639193729,High
-1.2835498185398992,-1.2935843843276533,-5.218111358361381,Low
-0.5213951738883832,-0.880846546665372,-2.26303348608661,Low
-0.7416351610221495,-0.8369828165514702,0.6231621218947458,Low
-1.295744636584116,0.6801235264463618,0.023402209880266006,Low
-0.9112171162152573,-1.125522327824794,-0.07426531362493527,Low
-2.246080259688908,0.28601822206901545,0.6326021851295343,Low
-1.936086737175409,-1.4533354802532492,1.6214387899737703,Low
-2.101737275007949,-1.187228269597319,1.5202048023513333,Low
1.3069375806977974,-0.6384184089024821,1.507601688750338,High
-0.06049031605355897,3.304238497205887,-0.7941082053489309,Low
-0.5414948009866676,1.154495646313972,-0.8499483562716782,Low
0.9939967150599093,6.241888715784088,0.013115630588209143,Low
-1.6896221187841585,-0.508051868384186,-0.12016375267421643,Low
-1.0763364047389918,0.3278949986549949,0.47684502490522346,Low
-1.2537322323983973,0.03241854457145836,0.8859189506878447,Low
-2.1539710319117074,-0.07154148468755264,0.5509214787031087,Low
10.593092643807834,-2.185747469901706,1.256113241683987,High
-1.8119601057313424,0.15290797997801978,-3.368518925670292,Low
-0.6224962091435301,-0.8311864062164122,-1.6995908525611094,Medium
-1.295870155936573,-0.69242549186231,0.29970471185967684,Low
0.5091218080393322,-0.7579436363984001,0.4066969936987206,High
-2.2565365063122407,-1.4080030379583388,-0.7285672622109823,Low
-0.04943655229480404,-0.8368004530462763,0.8785341848910342,Medium
-1.0211454775048983,-1.3452850385603712,0.3625422165803564,Low
-1.4800541863268881,4.156024301566179,-0.2476941947263308,Low
-1.206245507752667,-2.384043114197832,1.135960784024723,Low
-1.563316308458821,-0.878012079488497,0.8686873008799797,Low
-1.6440272581592277,1.3265573013588583,0.7172246175393722,Low
-1.7525472607921133,-1.0572620276362996,1.3882176843208787,Low
-0.6826502466284069,-1.5412591761364496,1.4765074358780665,Low
-1.672542583547573,-0.728903735581606,0.6538924037274796,Low
-1.5595689440556213,-1.3058393648658992,1.3323992411425454,Low
-2.124176184758011,-0.9725600050692053,1.124062253945931,Low
-1.1446282382436967,-1.4543864613523598,1.4694147238021735,Low
-1.7323308448595545,-0.229160446716299,1.0310019876106276,Low
-0.6417338724989066,2.224690494235429,1.107156009957945,Low
-0.7297692225898811,0.2631617947655651,0.8201094497235677,Low
-2.0022880800342158,-0.5357716469160094,0.3429495144636695,Low
8.77899187507141,-1.4450621959953251,1.4622170688161906,High
-1.4474043739050118,-0.9405754223562794,-2.4685947240258677,Low
-0.8703738469057323,1.8098390100971293,-1.1064797482744035,Low
-2.1275898166614913,-1.734418312787455,0.8751754843719883,Low
-0.3064671493369151,1.9541909259406747,1.363585591440108,Low
-0.4920188607237878,-0.911799325298981,0.5228839629103781,Medium
-1.826128183030805,1.359606066057356,0.3148128343569338,Low
-0.7124677961524308,-1.5363131726314556,1.0191896531208833,Medium
-0.27044615970180175,-1.0300767422912946,0.9023386934502272,Low
-1.704163189689975,1.0362437802106215,-0.07357191676082807,Low
-1.338215701047288,1.1729692883353344,1.0575470923097126,Medium
-1.0764608434246836,-1.2610340105573632,1.8809061138540017,Low
-1.200648878670912,4.415071110567589,0.49891041343001036,Medium
-1.8245907162593469,-2.1781372556185175,0.9217748676190366,Low
0.1411280029770883,-1.3474260687031858,1.139923926224447,Medium
-0.9070588564893851,0.466909127998886,-0.38993286771661934,Low
-0.9795444280630031,0.5084624539703341,0.016967681897826176,Medium
-1.8363399145805064,3.798627716020504,0.3205092793153581,Low
-1.9528837562679575,-1.3176246354772594,1.3721414115944714,Low
-0.9593276376496875,-1.6807948755433422,1.7017915267584292,Low
-1.3108410817635099,0.19327280961813428,1.0334385794017134,Low
-1.4091377412754504,-0.8924239336856303,1.4842125476316215,Low
0.5263910540138066,-0.5394305495984566,2.0000911904344623,Medium
-2.3216231237957774,-0.3277093477012956,0.3151613357815012,Low
11.245518666063102,-2.319774117843329,1.1586881861088374,High
-2.2443551096868473,-0.5044242006876295,-3.7096402881510127,Low
0.24198320636038642,-0.6159721557473234,-1.0704561695133032,Medium
1.2849733948947575,0.21268978770430416,0.188719255359265,Medium
-1.3532595299193282,-0.10077664883391356,-1.3025488363044542,Low
-1.4529077523632448,-1.4250309313745955,-0.4019087294333869,Low
-1.353305365596614,-1.0730274183545938,0.9244574031255255,Low
-0.5264958968429402,-1.1456257740093703,0.7277982152187074,Low
-0.7918761800913917,-1.0946805714554744,0.6169368869414174,Low
-1.630188529329189,0.284560145029534,0.19277069313252607,Medium
0.9300433027868555,9.231521781947555,0.8625288623737299,Low
-0.42265613543081415,-0.750842184715161,0.16932023413912886,Medium
9.316842122018215,-0.6171353273224529,-0.3092793687340497,High
-1.8664685889527168,-0.8328265260876212,-3.8785133573664803,Low
8.204352974656882,-1.1810934440568914,-0.8169317376163646,High
8.747559907937026,1.9033564786276111,-3.320766190042183,High
1.8427242834791486,5.3370232382299205,-5.4701142461407635,Low
1.259949260267838,-1.7540429675996176,-2.8882835724277163,Medium
-1.1026975658247908,-0.9963824955043933,-1.4935516713660617,Low
0.6134566939155721,1.002048264792925,-0.6772908631844028,Low
-2.2425632648295424,-1.6771826162099512,-0.9452021166714129,Low
0.11840925626099735,0.5757332804876953,1.4539942016275995,Medium
0.7822740007461304,0.2811396831209277,0.5662198765991395,High
9.778304882861004,-2.5476533247689175,-0.3139990492347767,High
-2.5388854856158884,3.296037432001057,-3.911849963938449,Low
-0.3419737606611687,5.389410968728323,-0.19466333454872814,Low
-0.379885531604558,3.6344754290496075,1.1391341611710613,Low
-1.5516057053679118,0.10633299539961523,-0.043166027014280975,Low
-1.3861459215285372,-1.5248248150913943,0.8692859760919999,Medium
-1.5680942941041047,-0.06233952024612185,1.731863650446123,Low
-1.9474125399703766,-0.7426396148898641,1.4829563165423791,Low
-1.387517968747323,-1.352891017870481,1.3623674761543711,Low
0.2933030062302453,-0.4918891345155976,1.3949601793212842,Low
-1.2353127423072743,0.6031717026018742,0.23058164960353567,Low
-0.43958923102906017,-1.854684576915115,0.5546590024127199,Medium
-0.7917614270495476,-0.6011199998354855,0.38260247726441726,Low
2.375286291718168,-1.63418655077112,0.6102592782912606,Medium
2.5856317659217294,1.4528867604317373,-1.2250627185690957,Medium
0.536315315248695,0.8220231704038475,-2.045244453540983,Low
-0.9751416817126134,-1.8026301800185978,-1.2142021085077528,Medium
10.32664369385539,6.4366921422185435,0.3391129347421903,High
-1.7735981323546122,-2.494263688678535,-3.2743137472441415,Low
-0.44428582728812294,-0.094671195305832,-1.2657259236074063,Low
9.400793292227087,1.0893820425090566,1.1231753492000847,High
-1.3013613977897551,0.3996915518482034,-3.849052004612409,Low
0.005247886831016159,-1.898875611907592,-2.0823235533917748,Medium
-2.1320411212330184,1.9753709529239638,-0.3434149707125654,Low
-0.9968166966020332,2.1199172548191836,1.2527359212718328,Medium
10.754837299842096,-0.8805916189801776,1.3238051024051205,High
-1.7332159486745253,-0.6845732291038027,-4.340597940693391,Low
-0.2845437760162397,-1.6319385999041958,-1.9683295825226745,Low
0.638908802115672,-0.08303897641754972,0.11450803439472639,Medium
-0.7224650501639017,-0.5873552448234906,-1.011062491258795,Low
0.6828266098727125,0.013540934279612223,-0.8505291857772717,Medium
10.539249528940035,-1.3833713044815508,-0.1526625215927123,High
-0.44040426499378554,0.028554361344936857,-4.22240165213904,Low
-0.7396581418168887,-1.6020680784939278,-2.241167448536009,Low
-0.6569839909849208,-1.111100158697555,-0.0546780413215844,Low
-1.0228471868945368,-1.4329900518349743,-0.2053795882004402,Medium
-0.6008251007007444,-1.5782307089117282,0.17663661315035736,Low
6.364934061205329,-0.35560092843513935,0.5243687382528384,High
-1.4137892925160542,0.7466905459762806,-2.6553940530053795,Low
3.6074321794117794,-0.3439910875922274,-0.1144237852513002,High
-1.663540097047329,-0.31703169920594493,-1.979917053435632,Low
0.19233589198539938,-0.37078767007373337,-0.7912169717563827,Medium
-1.558259345680435,-1.105010686862499,0.287623968327265,Low
-0.01018141735504579,-1.2248571875814989,1.582696386813368,Medium
-1.8225843784302258,-1.0476401429226971,0.564058503591457,Low
0.9417829526979687,0.5170255855111082,0.956136851577349,Medium
-1.8139391768125939,-1.6761414066508689,-0.19435571724665082,Low
10.890347383111504,-2.501496426067354,0.42405134903713043,High
-1.7769004682868295,0.022607048695506532,-3.5395408639060344,Low
0.03426501717540934,3.1953581283125927,-1.7945359295744598,Low
-1.1978805091766715,-0.7084418677972338,0.7053082127899895,Low
-0.9343276014812534,1.286869444551229,0.3055359948542852,Low
-0.36138645459224084,0.20829022439866132,-0.003363229121112122,Low
-1.7504796532820401,-0.37012763642591,0.43303309929710865,Low
-1.3295742942890316,0.8699339665306779,0.8402900318289744,Low
-0.43768431364583904,1.0518708174154814,0.9861252945472717,Medium
-2.015501222076251,-1.3043801521453702,0.14245812459251514,Low
-0.4382180298643023,-0.9687312652686793,0.6208806809489685,Medium
-0.20693745412805703,-1.2324099838966371,0.4452102660389372,Low
-0.673526196184598,-0.602916763645227,0.24828722917483453,Low
0.47950168995644366,1.7085333152876487,0.141280594902643,High
-0.7434831699475918,-1.59089631144691,-0.4161778009892677,Low
-1.4323660291964593,-0.5941579289222034,0.010738987984732908,Low
-0.7223968114146405,0.6241595184459173,0.7767778169136123,Medium
7.826099143212955,-0.34626633585431105,0.5658074231521648,High
2.272710873916709,-1.1513257136728432,-2.7295404298431696,High
-0.6209039026528004,2.4070485635287775,-3.005829162513236,Low
-1.9862862970968098,-0.8843584163266358,-0.6146716535487575,Low
2.980485258429413,0.4190812849055772,1.5895819128003608,Medium
-1.8931776136482532,-1.6836059550698899,-0.518340058993245,Low
0.3513451016231325,-1.269399837582338,0.4841888320168832,Medium
-1.8749509876031638,-0.4679181036846015,-0.12401552106065637,Low
-1.3192002127257596,-0.7373496280013233,0.4571607375562866,Medium
-1.3602765787732096,4.85875184318547,0.7955891195562427,Low
-0.75175957505696,4.833480278160539,0.7668375874132762,Low
-2.0518854115630876,0.9648776306068988,0.37819558759283595,Low
-1.0279288238043338,-0.9984680483489113,1.2984950900612344,Low
-2.2339560467521773,4.268298320180395,0.6458132809401355,Low
-0.8125887183973741,-0.03696663305620169,1.363588997292077,Low
-2.1877053244512994,-1.250568780913237,0.9711034538921913,Low
-0.10683777512762953,1.5713193853753094,1.4801128065745515,Low
-1.045005833287084,-0.6667171536901959,1.303033054600251,Low
-1.6668931577349093,-1.3007335960000677,0.26155080618917004,Low
1.0127868358597767,0.4291770996850966,0.6422150257111544,Medium
-0.8679880366005979,-0.09163548712930482,-0.050861738012615315,Low
0.9346989729225409,-1.6016555878475045,0.06330034579646035,Medium
-1.3361335914161405,-0.22518761304033966,-0.46275001798576704,Low
-0.33306877588964773,2.6187082787181426,-0.0719433850271384,Medium
-2.256196402045801,-0.57002779887662,-0.10659357664198775,Low
0.09994564398090172,-0.6919567162265939,1.1609903585950965,Low
-1.9344540500196772,-1.137348701424177,0.27400847518070937,Low
8.02716733615715,-1.2974853950989007,1.3796539705001365,High
-0.04915188607851209,4.996321695236385,-3.0287565555249705,High
-1.1573033288573629,-1.9827287679500984,-2.3043002888235513,Low
-0.8216292725100354,-0.26573476926696676,0.5495617017149205,Low
-1.1363845424361274,-0.5279404083392139,0.5864692946162056,Low
-1.7611984585264562,1.4574406726723725,-0.04034858528975426,Low
0.646896956506929,-0.21204362855113884,1.287910113935992,Medium
-0.8146653680156362,1.2291826644928185,-0.06690082008969354,Low
-1.3236160144122031,-0.9283531532659591,-0.10877801083839829,Low
-0.2633017798643515,-1.136117430438339,0.674178168654799,Low
-1.5652540716470398,3.3482318600171364,-0.039700349023116914,Low
-1.3086478798124734,2.808375143475785,0.8518253323114613,Low
-1.8334719490268576,2.5625742507194813,1.1256819824402007,Medium
0.4178617834626176,3.9032472869091315,1.5387477402952043,Low
-2.2880458342643926,0.44891903630109165,0.37570805684274194,Low
-1.1069274505086084,0.4296476295490626,1.6481399402367516,Low
-1.9542391332317146,1.2825482248992346,1.191942427162565,Medium
-0.5888589742026898,-0.5423601438976478,1.2208255106612855,Medium
-1.0485500830946064,-1.307375909902968,0.7768147008788132,Low
-1.2938388290397926,-0.6878745502606428,0.3716042647184734,Medium
-1.7348113838473829,4.435155887639316,0.9003006484722726,Low
-1.0177993279403135,-1.4760329129474705,1.4682442210434319,Low
0.7871240666785031,2.777340020433861,0.776285693304655,Medium
-1.927747048004649,-1.6766025470665287,-0.4808908530291733,Low
-1.0724191458789027,-0.8557618144209244,0.7182017141812542,Low
-1.5788108063007915,-0.7875194580656808,1.1004816778862978,Low
-0.2235013470971126,-1.5254229489202982,1.1626771183953735,High
8.677162805584345,-1.8447952226378401,0.7943224577472541,High
-2.361145086710627,-1.2352778126256807,-3.1512562150834142,Low
0.7634169520844093,1.8564199729206126,-0.3614792370252728,High
-2.1478847786106807,-1.768116248385172,-0.4325511377450992,Low
-0.7571332032358783,-1.2405646246476032,0.38595808214592886,High
7.899299079174568,-1.848853179672814,0.8049060740349414,High
-2.422686320145245,0.46723779515696157,-2.448253056764885,Low
-0.6744855907503783,-0.09743577089904694,-0.2862599385666695,Low
1.4006348966436974,0.5931886527710064,1.4149356220245648,Low
0.4290904767281986,-1.0967346335338313,-0.34836680392426955,Medium
-1.4347837372194938,-1.2787549349519753,-1.1851287841031422,Low
0.2929289435420267,0.659755282063483,0.7889615419881296,Medium
-2.085769877324668,1.0134798832601093,-0.11554224441899023,Low
1.836995597603139,-1.9782851823356422,0.7664207349130843,High
-1.3594873004426586,-0.202849441298546,-1.0579087385082817,Medium
10.573445209230066,-1.554466739032776,0.01610375559645317,High
-1.8946421402648572,-1.2364844853630645,-3.8618926739307593,Low
1.002115992544662,1.4417584551835445,-1.3162497130063973,Low
-1.3843675136839457,-0.19758206415353594,-0.1884879967323047,Low
1.4316554477502488,-1.6521110066962226,0.4371396618945658,High
0.35564905702739474,-0.4631890118403541,-0.8047451225522412,Low
-0.38817393854602006,4.520679782816167,-1.063679680378988,Low
-1.744647557899846,0.5519168671017358,-0.0017307552252068686,Low
-0.1873238606522605,2.771133814030972,1.5735316706132134,Low
-0.4942555574038123,-0.3587031638234947,1.6875161722002132,Low
-2.1109549723965,0.2759671258102538,0.5540766905623639,Low
0.36087929265038243,-1.109421840066213,1.6202029492215768,Low
-2.203632986767109,-1.2907761817310373,0.5656073887069635,Low
-0.9392062364484927,-0.40162987546525736,1.6438081492262366,Low
-1.8006443691683933,0.5365116383321457,1.2640168456558014,Low
-1.270484787056766,-0.8970743256784576,1.4175732956647362,Low
-0.5903124592066723,1.833485012457743,1.5466770463459045,High
-0.8959547078686192,-1.4920847988241643,0.526108065936706,Low
-1.9386999742403919,-0.6741089754024484,-0.18860571945306867,Low
11.236416745775214,-2.0490082602470934,1.0308023578088907,High
-2.278359638799314,-0.6422061681340364,-4.159361302493654,Low
1.336617152719665,-1.7500606260463618,-0.9341644937572563,Low
0.0598268779378699,-1.0853890214099322,0.05468627596851438,High
-1.0816917150819305,-0.6896505664383132,-1.3569679472712626,Low
-1.2993019145027405,-0.548503919709512,-0.02614451433932451,Low
0.12073118119222198,0.022086901349246867,1.6272166953468121,Low
-0.8513504956493146,-1.3109760029496855,0.21412421971863663,Medium
-0.47359908772388365,-0.5034682776159569,0.24587373164207993,Medium
-0.25962840653162195,0.2224851416598884,0.1977701804645165,Low
0.8205560451092665,-1.069352091831494,-0.10013806401239553,Medium
-2.1618585913817427,0.6801463511980055,-1.121462987756363,Low
-0.39058471962745905,-0.7770405101546617,1.0173833968384314,Low
0.6360944575743197,-1.578665625915567,1.4447514519513465,High
-2.233090241154323,3.023922036435396,-0.598703329816221,Low
0.26726491299684285,-0.28862985321515977,0.9059183833767745,Medium
-1.066705978541369,4.986089352357665,0.29183458516417715,Medium
-1.5321855109730305,-0.9753076430389352,1.1139720130931454,Low
-1.4652777261883745,-0.8516246889391151,1.395738315644546,Low
-2.125360120112116,-1.1741245144700987,1.0076963955504719,Low
-0.9881342608033951,0.44922402943348616,1.9425563401355899,Medium
-1.048664090950192,4.745084747434469,0.9956630532131382,Low
-0.7651675548169443,-0.24386670926804946,1.1183976019481532,Low
-0.8171516251879227,2.7898438602656737,1.0027775396396041,Low
-0.6702840806816965,-1.2354916842273667,0.6999482536912339,Low
-1.205289127681437,-0.6848111904752685,0.2945494757835141,Low
0.6982879596930265,3.779555037254648,0.6932301910418718,Medium
-2.432308044704508,-0.1741508610083892,-0.07509934044139044,Low
0.3538037422604049,3.6789567107634698,1.1329587680773885,Medium
-2.101169101862017,0.0540588539837862,0.8135857929250219,Low
2.3584268039014473,-0.5548605930849316,1.0853487034575118,Medium
-2.331946830057231,-0.25223576398621445,-1.1200997974723297,Low
-1.4465206794337884,2.3788801281669367,-0.009103847507646572,Low
-0.8206243246208875,-1.1452204983710355,1.2047216306814057,Medium
-0.5393855508897345,-1.0418747129177761,0.6888509757437626,Low
-0.9525202919524871,-0.37267442996014283,0.10800990722244354,Low
0.672331141829014,-0.3201260878862393,0.33535007962125113,Medium
-1.456870432253568,-1.5536406271287149,-0.7103769608722654,Low
0.7098405219686458,0.419032878507131,0.20401540446086572,Medium
-2.4347797705639023,-1.6882928643164323,-0.20035697052592408,Low
-1.3691836380627092,-0.5006902526573432,1.1449995285244847,Low
2.5354631106004333,2.014276219185096,1.0636027144110853,Medium
-2.0753418410238758,-1.0447289115999014,-1.3794076474329446,Low
0.6571107555948767,1.2846505759642766,0.826902612734884,Medium
-2.0614747720247184,-1.2471066405373044,0.32087618762056547,Low
0.9670074209314531,3.2975972277047343,0.5557206705721893,Medium
-1.258685477530151,-1.912632677356527,0.03338538402948307,Low
-1.3366532371327453,-1.4163677368242709,-0.15149188943788244,Medium
0.5795826043713069,1.7967518067841837,0.5324223445010757,High
0.7034776758365896,0.20794865122347225,-0.49740112897839134,Medium
0.8185102220733366,-1.8660043775317299,-1.2624071761400284,Medium
-1.523015477007095,5.95937657909232,-1.2839036086492936,Low
10.612496943057666,-2.245252152723973,0.4201777902183217,High
-0.18924819910978888,2.24283192827143,-3.5035068353614567,High
0.4308546388199502,-1.0508304849808525,-2.2167243431856583,Medium
-2.013428484146236,-0.7168535891039114,-0.49647132814752293,Low
9.006801918849165,-1.38995136850778,1.2575494512757066,High
-0.7036064760380847,-0.8618617256364197,-3.35852127442861,Low
-0.45225076850991797,-0.07096361770997382,-2.028309383664274,Medium
-1.448342181267215,-0.5286193673146717,0.22305926927454872,Low
0.6663481626565142,-1.8096349969881655,0.4244440429949422,High
-0.5654932250874515,-0.8565757441998711,-1.0525174528796475,Medium
5.184048878895091,-1.3257917301317983,-0.24866489024728924,High
-1.1376960041740014,1.6548533515175126,-2.5877629149997143,Low
-0.7229565695009992,-0.7455167241747539,-0.4596420169540006,Low
-2.4923652128516807,0.16071971736716859,0.5736976275234558,Low
13.799883450750139,4.152792120436913,2.1867757874186347,High
6.9799137428216484,-1.3762806683843336,-3.666264045237839,High
9.716950880439681,6.330859827384385,-6.203506760435669,High
-1.1181128130449793,-2.1135538332912716,-5.434786167958871,Low
-0.056125372729943473,-1.0879925493680387,-1.8682414681618746,Medium
-1.5109752325571522,-0.7344304559083408,-0.5743038458210642,Low
1.4337862607328633,-0.468246572514726,0.5713281220093669,High
-1.14683017653103,1.9260233820334118,-1.627733880250565,Low
-0.06119749662049264,-0.5521069089342016,0.3255064285118513,Low
-1.2147110839497997,-1.3583533640356746,0.348208471635086,Medium
-1.8701884658913206,1.0626150342469716,0.47552258938990827,Low
-1.0724513065718106,-1.180306074322867,1.5301481736267286,Low
-1.5849883261086215,-1.2816736220879599,1.546967280975462,Low
-1.6932497511344873,0.23994733756193537,1.1468346920013972,Low
-0.04960121903371803,2.1272675657207687,1.2081044023494074,Low
-1.6653864183194744,0.6268730174549968,0.6032395817257944,Low
-1.1830917355015667,-0.1679021776552199,0.8543979776698936,Medium
-1.5434811294153739,-0.8361584046677554,0.7808486283041409,Low
-1.8680005517286333,-1.336341894430441,0.8586187028379534,Low
-1.758553853707452,-0.21940266742352407,1.1851235821269788,Low
1.063502984856684,1.8319336928266343,1.4402338058693354,Medium
-0.8555762334456247,-0.8826370814311405,-0.6153452472287476,Low
-0.8393953125408151,-0.887200174738521,-0.3607387551933464,Low
1.4090678992263799,3.1801700596418234,0.38349282540277063,High
0.6626599457261716,0.6295063679443553,-0.7104091268262109,Low
-0.13802488870792268,-0.9953934245740822,-0.9871892805767513,Low
0.5041459583246901,-1.7951967140635994,0.2167031080313539,High
-1.5266150638061804,-1.33639398300932,-0.5240995316173523,Low
-1.3990278485910277,-1.5560592804687112,0.3269001093694716,Low
-0.4325881786211877,-0.24548579814772853,1.1565629014090524,Medium
-2.6945292219347716,-1.6384538404652744,0.20817420354916572,Low
-0.9863086479835448,1.7754837973433673,1.632359351308389,Low
0.9114738000420389,7.400968440395407,1.0613865895151946,Medium
11.80769925570043,-2.6889904763260652,-0.5759345992096956,High
8.322793567017676,-0.9465054935998892,-5.0119586423835685,High
0.08162798272064598,0.006449059914039012,-5.9736057140244725,Low
9.529124858601909,2.962155745447122,-1.227669498006457,High
-2.5760358444545335,0.6275456240162258,-3.5239594401477925,Low
0.6638630025474563,-2.3602317449903616,-1.1060065567324573,Medium
-2.1493622397777004,-1.1939177233314182,0.4277669657817088,Low
-1.5219496788654217,0.9633924766337922,0.6414723435974212,Low
-1.799519861465189,-0.07811265997751837,1.6874800030403494,Low
-1.0415117209677716,-1.4165041137746504,1.9475230552963447,Low
-0.5876993997220253,-0.39792840201591767,1.1048737293687345,Low
-1.496014096680554,1.1221568413533585,0.48585220082687225,Low
0.6140450059761624,-1.473702652491593,0.9769621804452069,High
-2.0863646201455968,1.5042185135335726,-0.6235643926258847,Low
-1.3608124117939087,-1.8200504566377325,0.8914904975920288,Low
-1.0857522862006765,1.2063818516574463,1.1748592166232263,Low
-1.0080866845041174,-0.3117601163699948,0.7896555172041115,Low
-1.3969801162536908,-0.8154307653745676,0.6253367243180596,Medium
-0.7082765719521571,0.9678898094275206,0.935142222550902,Low
-2.207383443698687,0.5887750043155607,0.19690465732446272,Low
-1.5761948861101,2.8849596637811734,0.8546569155637419,Low
-0.8479815744022945,-1.416698892636719,1.7205276365875395,High
-0.9164631563990648,0.29549137223264277,-0.12558412920133682,Low
-1.1252853383633978,0.049572022229308454,0.10891829457095396,Low
0.623999618536528,-0.5545328384536146,0.8988142085366888,High
0.12937432056891254,3.31184695983388,-0.6015561426289575,Low
-2.203778664511666,-2.1690224831013576,-0.6680223705901875,Low
-1.634508114782888,-0.7234056714251536,1.2299841343736986,Low
-0.6050171458293504,-0.5314663868721565,1.447559234119937,Medium
-1.1225224330630776,-1.22810083437616,0.4452842629926307,Low
10.638338712065037,2.740228223702389,0.9425484216919324,High
5.330130948251102,-0.2948117117387318,-3.8623858399547486,High
0.12318343618747513,-1.0042698272797828,-4.310005281061713,Medium
-1.1118847997054482,0.9982945841782704,-1.282861085042855,Low
-1.0572070217748473,-0.5343406100963918,0.4755156988762108,Low
-0.2971294455688221,-0.6054176230438479,0.9015806643998772,Low
0.008510586018497253,-1.70315667672786,0.5866829709455786,Low
-2.0104171470216725,-0.5725739447887791,-0.47138510292958063,Low
-1.1156523445832318,-1.1661896917425763,0.6325167104956768,Low
-0.48022737476195515,1.3137226980174854,0.7142140135953451,Low
-1.4708896935986049,-0.5321559426606146,0.5895334585495676,Low
-2.2543837015207355,-0.8990842229319989,0.7861501476218037,Low
-1.6974595984013403,-0.18980330077870755,1.7549968419821336,Low
-2.176319800315872,-1.129025022463494,1.4343708097611707,Low
-1.6464088182228385,2.8436561084548586,2.098171436701283,Low
0.2691545402554816,-2.4398354412839907,2.6047899720148906,High
8.865110279337063,2.115240676603983,0.6056151666465305,High
-1.1161778399946523,-1.0793431614206164,-3.75690382273538,Low
0.0817545981534335,-0.041461703577086916,-1.4651999921154144,Medium
-1.6432074556130873,-1.265517179354598,-0.48158469957948347,Low
-0.36504505329740794,4.721084748281701,0.5116494163580315,Medium
-1.3567293517180556,-2.0360070347310333,0.5399255592405444,Low
0.556028764326451,-0.18799835298618783,0.8678880593927963,Medium
1.677305679394603,7.755326005499125,-0.3414901340356515,High
-0.2806506789788248,1.0318033154156812,-1.7342257719245526,Low
-0.08555808670674417,-0.8878322463615961,-0.6867555341106684,High
-2.1679951899089493,4.637061297839835,-0.5744024917816173,Low
1.0595334516589667,0.3366149084584716,1.5267264961115021,Low
0.2681499499751822,-1.1624950671069176,0.6045659845976422,Low
0.0391340407836274,-0.514640600526459,-0.49314101950283057,Low
1.1124559682793544,-1.279202408033853,-0.2077984868425058,Medium
-0.05289389578878634,-0.9993940416939053,-0.7847237656763445,Medium
-0.9980860560867244,0.6676827955875565,-0.5342283925642691,Low
-1.1275387816956661,0.09167821395472353,0.5950399307930754,Low
0.5627957992085963,-1.8484348302157412,0.37084320692191836,Medium
-0.7814607698653404,1.7577266466336572,-0.8583910089003005,Low
-1.797098908145813,-1.4773317947688545,0.19879188904400238,Low
-0.1341336892299838,10.10760203374445,0.773847841062532,Low
1.0953568345440168,3.3353964876493123,0.553464884360882,Medium
-0.5160951480859821,3.7546065502959354,-0.536212804514836,Low
0.3657907355895087,0.8405002415874389,-0.05666491198103235,Low
-0.510541321080623,-1.5582536607094344,-0.01216349748096741,High
-2.1230198965929774,-0.6394444850115559,-0.132360295469348,Low
-0.5048219772124646,-1.2187340530105553,1.1784325565305889,Medium
1.0610574986401493,-1.2951766421078434,0.9797308563367922,High
-0.8470951861255587,-0.9098294481078328,-0.8084795759467963,Medium
-2.116488478463161,-1.3155199046966186,-0.4522939849015907,Low
-2.067230289835887,3.685709576284685,0.8528112259909836,Low
-0.7473575637208892,2.295500600068075,1.7083274032198967,Medium
-0.3327918568631421,-1.3519716025096908,0.6854336028668734,Medium
8.639107494583358,-0.777674671480858,0.03728854226105219,High
-0.8046434359501988,-0.44065603683263016,-3.4665127253180112,Low
-0.5945264416497427,2.40500502428778,-1.7554614528962906,Low
-0.6099786028399838,-0.2354722156954611,0.47630115665572065,Low
0.8337456329919471,-1.4682577328463877,0.5336065411065677,Medium
-1.8489360113473112,-0.5942365327826269,-0.7324061298321286,Low
-0.0022516551986618764,-0.6986987025216205,0.7333851582248114,Low
1.0755775156963179,4.554167221702282,0.24575032369608008,Medium
7.271064784498301,-2.5723734215624074,-0.9063532768978713,High
1.393259773384051,-1.3179851995341763,-2.9760632986227264,Medium
0.6323985009882296,3.4012798277184206,-2.6130656448619134,Low
-0.5962738126815391,1.875182830800362,-1.1397930714996947,Low
8.42433000222109,0.5480258532460985,-0.06382954712286948,High
-0.13067555242711498,-0.6976041290900896,-2.929968421032846,Low
-1.4316733709437954,0.018755299072819847,-1.8261331108383345,Low
-0.9687752452067163,-0.5217994221533042,0.3874358430244154,Low
-1.0957625684402938,-1.6033459162581907,0.6941817512125024,Low
1.4960707545023935,-0.29019427901420547,0.5143603614875465,High
-1.6778079454316863,-0.7296638810606577,-0.3975610068437579,Low
-0.036063021447101745,-1.4240926861661314,0.3609581597007632,Medium
-2.1869890297948458,2.5825533675298016,0.22725081190627539,Low
0.5735628384265097,-1.764361868321036,1.6463125265016505,Medium
0.44553627009735147,3.5827381638304905,-0.13643687782265757,High
0.8990434826476367,-1.9514979252523237,-1.132878889177954,Medium
-1.1691083237844972,-1.052523609230316,-1.1898903880358338,Low
-1.0573837052752124,-0.14850200111080722,-0.05123685836472901,Low
-0.6179908806087883,0.5195680943036708,0.767439448397466,Low
-1.0761894489690773,-0.5925523493538013,0.6617225614007938,Low
3.7527328023314657,3.244788449833579,0.6358131851070818,Medium
-1.7241508498693738,-2.2874778502088167,-1.7757828830924707,Medium
-1.1630647040609807,3.009690157326082,-0.1953689623811417,Low
-0.68574746598111,-2.092631118754793,1.6228949845369547,Low
-1.0941879054496995,1.348516386698482,0.8293746665130612,Low
-1.2516672761999685,-0.9147582047012226,0.9659261302339406,Low
-0.486675348333092,1.7255752786517704,0.8484421441854023,Low
7.2438818517295935,-0.447726051682116,0.6580211602668973,High
0.11489938926364446,-1.5098482389575307,-1.7344532223914972,Medium
-1.3988746681766113,2.5596079469303525,-2.0388660242232954,Low
-1.6072999735413909,-1.6706473058354678,0.129853291316267,Low
2.0928730268978604,-0.8442880707437388,1.2590469069398067,High
7.096534556083293,1.4663138963453903,-0.885702231615453,High
0.05514621568374962,-1.880305357720338,-3.1848584141795744,High
-1.3366391809272713,-1.0152006224416081,-2.251430765954145,Low
-1.4644628842137355,-0.7428574868216651,0.31394223462842163,Low
-2.0296163774322595,0.6298386693341722,1.2053200802411235,Low
-1.846232196894397,-1.6771451989059913,1.9756265465177039,Low
-0.9178806761714663,0.20714578564516492,1.6448231585361963,Low
-1.6312440850307308,0.8782434942264356,0.5277639930847646,Low
-0.42511760331192183,2.127731351487164,1.0535204456296168,Medium
-1.3422028116810574,2.1212245884037273,0.41980853287653846,Low
-0.48965004420217223,1.301936804099363,1.00794987723902,Low
-2.113387227408797,-0.28297002103979124,0.5941071807803439,Low
-0.5856555842518841,-0.6808698119899298,1.211587336383811,Medium
-2.253896784026393,-1.2891107702590245,0.5379653668341278,Low
-0.9278722550063281,0.6241796895063619,0.8648873077623755,Low
0.628464509682042,8.190728070420459,0.8742779855092203,Medium
-0.04184758759439203,-1.041195432036064,-0.3248479332940141,Medium
-0.28550529059929913,-2.082645767874429,-0.4553880442509574,Medium
0.6712346829377998,-0.4818734361461376,0.1072573398557742,Medium
5.267570599782906,-0.44117604192581394,-0.3762101287670865,High
0.3651719266381265,1.4432428961959853,-2.4351487351866186,Low
-1.1349826996008898,0.663702470516379,-1.503855097790514,Low
0.20238934214075135,-0.5874803733953246,0.4471421487661252,Medium
-1.23579759811707,-1.4266656742547923,-0.2491966979635519,Medium
-1.1162218524603942,2.164024205536849,0.11206350960201604,Medium
-2.1456819765114976,-0.4372766519358767,1.3599059682761556,Low
-0.5877785219602011,-1.3711868334199493,1.9429562927540933,Low
4.607479267384494,-0.7690596011548596,1.0600515359789844,Medium
1.8881055643099753,3.20626707853412,-2.05389582960023,Medium
0.6649502460081503,1.5168921387539647,-2.2528397027699514,Low
0.25150090804490505,-1.4448714877457123,-0.990453570766805,Medium
1.8191078041932371,-1.8794837231748396,-0.3302151549554305,Medium
-1.1969541376783164,-1.480671332475409,-1.641191723280485,Low
2.518603015215052,-0.836840875827571,-0.19316279958140184,High
-0.4625265901193505,-0.02723985115431557,-1.4660254615547528,Low
0.17097899668562413,-0.3770284226205909,-0.8330286815077674,Low
0.03162653293780613,-0.7813907128641839,-0.23159689280916282,Medium
-0.05632347109710173,0.2491237763060633,-0.14223806743509354,Low
10.342665471430283,-2.4441407435728433,0.16646412450821294,High
0.3556134605427499,-1.779907877863108,-4.062404128204387,High
-0.05856802619606665,-1.0185859508659056,-2.892588996039386,Low
-0.8865540664868593,-1.2340664795473586,-0.3771609692060768,Low
1.416247715444198,-1.9208188930803805,-0.06261833628997504,Medium
-1.1486312816938904,0.48597434783893123,-1.1239304715512721,Low
-0.3663599516840915,0.8443296688547799,-0.14415005773957054,Medium
-1.0302711912130984,0.3705635087425553,0.1274624140593312,Low
-0.03870871501695558,0.46672819664885185,0.47924539999038174,Medium
-1.988470601092261,0.2429886904300902,0.32095151923946086,Low
-0.17777539011941437,1.6071248489350323,1.1645451707245438,Medium
-1.166859067286145,-1.1208366297135146,0.7069681155732118,Medium
-1.3371816183139318,6.273089280921882,-0.5073726719043596,Low
10.438120682483719,-3.207358825612742,1.041718956686177,High
-2.0184068324702245,-1.1587656813010971,-3.3036752000590965,Low
0.03849017223971688,-0.7970272168345114,-1.3428440514304827,Low
0.1877382151255517,5.480445730019809,-0.6442661247357384,Medium
-0.9207660060444467,3.0851512786939708,-1.104614127913788,Low
-1.690469675351583,-0.3408606067930648,-0.14639337341409314,Low
0.8218694874900537,-0.11355193157257253,1.4396417352418387,Medium
-0.7677864722499996,-0.471135248882308,-0.3713120239006958,Medium
-0.6485530684049093,3.6006929825003193,-0.5821727069022871,Medium
0.6491197443955667,-0.8762925633478313,0.408385429700561,Medium
-2.320715271715144,-0.2565057500237671,-0.4302454267738845,Low
-1.4260533234876969,-0.9733754727397638,1.0886438685333215,Low
0.15105190077434963,-0.38271779234842696,1.5873956518891048,Medium
-0.4089061445733992,2.144521065135208,-0.49389540110353447,Medium
0.980926264499862,-1.4654215612553585,-0.5004790405935448,Low
-0.4614370441039256,4.1701775323906105,-0.7179826353593245,Medium
9.527957582148181,-1.3315863558420709,0.007561163492043227,High
-0.1654034126186458,4.154830185512895,-4.190055939035696,Low
-0.17616822035417565,-1.5561641672965356,-1.8120627314320383,Low
-1.7001097880265772,0.6859777100049876,0.3833868512758503,Low
-0.3944641076265477,-0.4277590541436578,1.0982465324503572,Medium
-0.9047055818320928,0.5116471686688815,-0.14180682797886934,Low
0.6232330044643232,-0.858921103453825,0.013210361440464165,High
-1.2699530346873407,3.770173292031532,-0.4945181719256169,Low
-0.7043287480751725,-0.3616274058315254,0.650799847993685,Low
-1.6308191131280045,-1.0360978842203885,0.6425868508825862,Low
-0.8290603841758025,3.1990782637556463,1.2210391434307986,Low
0.3928231913491905,-1.9856239241369034,1.128119965828856,Medium
-0.5383008633593682,-0.17565817709937193,0.27897129140090143,Low
-1.178258477923383,-1.5462900215878292,-0.198892931843249,Medium
-0.8896812416196008,2.4355908601166742,0.6190798575162773,Low
-2.166692634282596,-1.584526862777649,0.7750746399668843,Low
1.4430495758143735,-0.6454249486325054,1.523036930456081,Medium
-1.261987775518585,2.985046260401934,-0.6636706021621446,Low
0.5070103518387574,0.10292591447066564,-0.316060093103465,High
-0.4375669728867112,-1.6450855201864636,-0.18940952812047876,Low
9.094828717074275,0.8095518898212156,-0.19995048812744246,High
-0.8765883779120417,2.136142658199525,-3.1544664181926234,Low
-0.86367981903624,-1.9439733383949422,-1.157076643293671,Low
-1.7796530359885945,1.2838198001550039,0.528510703383311,Medium
-1.2572839941219314,-0.6211904877241765,1.3000139554995425,Low
-2.487575804171235,-0.29056427719689953,1.0672467452864522,Low
-1.547888867374799,-0.8591099996803224,1.6986737099779339,Low
-0.8191246847313995,1.2884695279519538,1.5267518217349143,Low
1.0936875163689392,-1.677135965746256,1.28406086069593,High
-1.5401592312763046,1.173012539682162,-0.8043386748706755,Low
-0.36108695964167675,-1.4696565050582573,0.509083066417044,Low
-2.049748165147728,-0.2701989921027257,0.9965119984969147,Low
-1.2787929940699616,-1.258359078394933,1.7772893362007398,Low
-2.1266360390975967,1.7686074882030591,1.2009928453741903,Low
-0.4935557863268092,-1.3714187232330988,1.8865687185180628,Medium
-1.8528704155303837,-0.4419495524826675,0.6427092711188953,Low
0.3275357029262056,-0.5293124988492969,0.6122131742226493,High
10.866628768893548,0.9829598293446786,0.08396851147971847,High
0.40162879960760145,-0.9122557580696103,-4.114237881169974,Medium
-0.9329835812939522,1.540708877928132,-2.7726215184738834,Low
-1.5543627669253928,-1.6398097372549871,0.04938619770544714,Low
-1.3769518859701575,-1.158178956194602,0.5327545457002746,Low
-2.624598895938283,-0.2612174330426381,0.9823408627409891,Low
-0.9586256352886411,3.6027965686023236,1.8582952875759795,Low
-1.6863836801313177,-2.1247823779551207,1.3605027666843723,Low
-1.2483774204305473,-1.299877851061424,1.1106488948090774,Low
0.8060886711339609,-1.3396840024866514,0.9176449036036575,Medium
-0.458654286901283,1.2693976011186172,-0.25345946607483677,Low
-1.7911760948165059,-1.0901172964325831,-0.21372287056441758,Low
-1.7408270068202132,0.6584278398328881,1.4390658818948805,Low
-0.7466668022197799,-1.8277922696340951,1.8138165972120628,Medium
-2.2784481863476307,-1.0505618304708642,0.4634683238339092,Low
-1.8700080101252152,-0.6836628845496284,1.0299715579405753,Low
1.346445133875247,0.11148718866432578,1.8142627839050158,Medium
-1.6279280411495982,0.7973418829496098,-0.578971144653578,Low
-1.800237000467515,-1.7115087287080373,-0.16642694371678235,Low
0.6278708846559331,3.023706077532914,1.2257566529087744,Medium
10.830072385434727,-2.0137222926283176,0.5283474827170489,High
-1.4099210792346195,0.7664726045042054,-4.687665696801982,Low
2.9803436451740244,-0.19600368541365012,-1.7177844098432726,Medium
-0.8404502689540485,-1.1319304371512835,-1.6037834168859386,Low
-0.9980960347589258,1.7468322642947929,-1.0390038625677323,Low
-1.5641479441341457,0.6548189868808048,0.6328516825824568,Low
1.3687751622269992,-1.4571179279404827,1.7644005176493038,High
-2.4295138487045618,-0.08965094045309693,-0.5772088894590461,Low
-0.6487769187792931,-1.1014408235253144,1.242164340277656,Low
-1.44575452437253,0.6671361171411953,1.2812815612617723,Low
-2.4098338580645953,-1.1871743473011942,0.9004051237456915,Low
1.1362731764465803,1.2867710618853927,1.9556890564184188,Medium
-0.10233689837993151,-1.5725531933053103,0.5022191125647616,Low
-1.5369403019972028,-1.417445476839339,-0.6411071869357646,Low
-0.6728541167207848,-0.8092740910425129,0.31644568895898734,Medium
-1.2322649925066944,-1.0681695232710133,0.4033637142831493,Low
0.04857498233796971,0.2019280925138858,0.5918519541213781,Low
4.925054919831481,-1.2124037698275303,0.573322304344588,Medium
-0.6304623960136558,0.7488247120663687,-2.092715202530801,Low
-0.1671776388216819,-1.6409431775874677,-0.6830144512431003,Medium
-0.1419931080440388,0.61760698925608,0.18903433430275948,High
-2.416522346096834,-0.7836620962519204,-0.4648126701383622,Low
-0.4937054489561567,5.598376291111147,0.7666302247330649,Medium
-0.8698523163282524,12.983709923974287,0.4237269820782967,Low
-0.8751282825543678,-1.367195903335153,1.3147643152070465,Medium
-0.14951268264213058,-0.0466112433637757,1.2695448082149827,Medium
0.8438456808729212,-1.106484175500307,0.350283119932808,Medium
1.5026879006657698,0.5481115262093303,-0.7332693709708579,Medium
-1.0180495820275122,3.684008941402799,-1.5922662734069064,Low
0.3070866229232605,-2.4489616124901827,0.09906120403391322,Low
-0.6908776827236589,-0.06380915445957774,0.4637798206292268,Low
12.002100922921283,-1.7341120617474333,0.623301333710112,High
-1.5777151746316,-0.1703994832372298,-4.6513569086442175,Low
-0.7885203519007423,-0.9540664427305096,-1.765514420076313,Low
1.9719902830507203,0.16852817465474226,1.0615545389987384,Medium
-1.0232858433796337,-0.28126557206103353,-0.9738977633056903,Medium
0.15229109256971116,3.347042645198012,-0.8666547718904496,Low
0.21190821076230057,-1.5110040306727586,0.38376182556959,Medium
0.03273622284790196,1.6574220775883592,0.02627648293371778,Medium
-1.437361417877027,-1.3645963162323338,-0.39696396337549916,Low
0.023273352725705146,-0.128390025708863,0.8026751334987229,Medium
-1.9236824583475696,-0.46532770982615906,0.537636279540071,Medium
-1.8840521113483022,-1.0339430003723926,0.8394041851026595,Medium
-0.10577666043740548,-0.5997395626078673,1.4470234356355087,Low
-1.4799306380097663,0.3175394367494682,-0.09820802285961658,Low
-0.38601052630300964,-0.23829888904656832,-0.07229459635713839,Low
-1.4986255421727013,0.40209779894712877,0.06732539808972804,Low
1.0098720725005181,-1.238902201538727,0.5694582744502134,Medium
-1.2701209448127198,-0.8583601630137718,-0.4145080348664305,Low
-0.11431927627854119,0.3867945736365492,-0.026629708157112183,Low
-1.696225872076458,-1.29798663040664,0.04086095441739676,Low
-1.7775891503479946,-0.8863702930607261,0.37271841815987516,Low
1.7663666264878155,-1.548116634312996,1.6486968505617987,Medium
-2.5340049498232577,-1.4699658246249399,-0.6803228073461933,Low
-0.051193059024433205,-0.4615223288671695,1.7848669517315445,Low
-2.9343595422211446,-1.4965271465932528,1.0306551263686967,Low
-1.7640197173183458,-0.8590777673333193,2.057765899204144,Low
-1.6667609701604096,0.42803224538196105,1.584726968307703,Low
-1.5551709653159493,-1.597399639256486,0.8160365522054008,Low
-1.2500493838277915,-0.14225619696842776,1.1391977933817203,Low
-2.1952946157693414,2.1624095074195666,0.33136081646833493,Low
0.950904467167288,0.4886293342036005,1.2862015449449598,Medium
0.5247105995443242,-1.651998625054552,-0.4811019679086042,High
0.18546716829799278,2.9859549291847443,-1.1968101054146527,Low
1.4207575153576661,-1.8934093042005489,-0.3524147450685365,Medium
-2.015797826527523,-1.3005216288046717,-1.0345470559925594,Low
-0.5215763671611784,6.831104513922502,0.2306227026841446,Medium
-0.883835380841264,0.31157967030481926,1.2514732747311914,Low
-0.7327802975910761,-0.9189627272329353,1.035171784263111,Low
0.0636871179043983,0.47571915164921363,0.4099822459613249,Medium
-1.202919925890189,-0.03675554273698794,-0.28945193456592794,Low
0.8900549553843108,-1.772225094133649,0.5151196911735675,Medium
-1.145665818727152,-1.0253444011121122,-0.16797256460274324,Low
-1.3503734694756897,0.43795264451363775,-0.3339743943560878,Low
-1.1360433468025133,2.9779485435023805,0.6744600262118635,Low
-1.0021533452673907,-2.2494264310760026,0.9006703087705413,Medium
-2.644703484879647,0.6719623897548405,0.25545503774746253,Low
-1.7788695835279822,-1.7741202747306952,1.8419670978771332,Low
-1.8482090305317156,-0.4147763148880981,1.7516140341560487,Medium
-1.3640016861957036,0.1510309467653578,0.8478274270616519,Medium
-1.6017959180075891,0.09328364834091418,0.7123479196926844,Low
0.26706642814524,-1.7337719180832913,1.1631984737785315,High
-1.6229854910664434,-0.529369533117871,-0.3586233761602954,Low
12.503173793879148,-0.5091431519347419,0.5173661402115346,High
-1.7967174366292546,-1.62878340592782,-4.666728176618963,Medium
-0.700196007703429,-1.1980562343021959,-1.7654713624761098,Low
-0.8123425121409419,0.38999830615190567,0.7592546540656161,Low
0.0639653593349187,-0.49300369728433835,0.3366217433990527,Medium
-1.6505070263633845,-1.4627408073917594,-0.9809065636298449,Low
-1.3227102058964637,0.31598438689748315,0.6233897655890195,Low
-1.5919908646330243,2.513921455659599,0.69480582630411,Low
-2.588079127787062,-2.0748829390596373,0.9860231288559992,Low
-2.0737338576118667,0.603492056959533,1.595304770904571,Low
-2.4876957586691035,-1.5608880177634836,1.5238573336351096,Low
-0.45464476076634963,-1.3712947575667505,1.906953233429615,Medium
0.9207972522681571,-0.8978658920989641,0.7735313238394673,Low
-1.358091005151444,-0.6711040440764177,-0.583240072850829,Medium
1.1599722988706749,1.1885357611911815,0.3569908159262924,Medium
-1.3735811449409152,-1.706501100241417,-0.15554153527537198,Low
-0.106343799066754,0.21362003943212213,0.6273075730782288,Low
-2.5279041890474017,-0.8585384002024682,0.26230909948029596,Low
-1.4164451760707666,-1.1392400649181929,1.6234073275942749,Low
-0.24980333305143293,-0.6380959145716464,1.830023634942931,Low
-0.23544925236169345,1.3918697210996374,0.9460799782963738,High
-0.4649538056257978,1.5915615359875661,-0.43513742865423416,Low
1.6036961132379903,1.0277891250587128,-0.24481131554968852,High
-1.0500631828236697,-1.4902742382077265,-1.063600828806807,Medium
0.6106143531664705,1.862955948622724,-0.10972126002377929,Low
-1.0624616953112231,-1.6776606888802446,0.08113154445483908,Medium
-1.694729167634634,0.4281427264114746,0.21311348110270162,Low
-1.3471642888945652,3.691413287517138,1.29743893419276,Low
-1.96782861874142,-2.3528288858344513,1.3222957363741987,Low
1.0937886695665562,-0.40347547099212383,1.4461328221280443,Medium
-1.4315196163910395,0.0622060496660422,-0.6187212055434644,Low
0.9990370387851167,0.35025810298853083,0.21281111021727356,Medium
-1.8468481228566698,-1.1704721306952104,-0.36639303151585323,Low
-1.2324895707240988,3.74637484795005,0.23860861712757164,Low
-1.2216769565616843,-0.9427737970656226,1.154621420702923,Medium
-1.4646478613112222,-1.3850629949549982,0.9003754349297622,Low
2.048192919938928,-1.519500839518388,0.8151883269415757,Medium
0.4798895095236661,0.692747633203609,-1.3185296793786194,Medium
-1.6810836153247943,-1.7681508894134783,-1.3123163894169885,Low
-0.37659816879366326,-1.2534123005208808,0.3569100823078908,Low
-2.020876483026456,-0.059739359226544976,0.0316215173127182,Low
1.0510443013507869,-0.2755487494052424,1.0066775641345644,Low
-2.7422724317965765,-0.03874554603537913,-0.16465851291393044,Low
0.9303509717960304,-0.43141951258407885,2.24934680363336,Medium
-2.895289126588178,0.5821752707314992,0.18442448732871347,Low
0.7499112577903477,4.094887683191165,0.8423714985129764,High
-1.700111714876705,-1.9625097722127767,0.4143076055710384,Low
8.532202523523967,0.17615671714890763,0.2001473594817169,High
0.4373811668962985,1.6103942000734932,-2.890961826321586,High
-0.04582856980749943,0.5191185175365264,-2.2056367328677124,Low
-0.5078850456443784,0.33392167196732625,-0.6986169972703656,Low
0.0708530038424044,-1.384522458565612,-0.26209292847933446,Low
-0.6895732005859055,-0.542479774218851,-0.8822444393938211,Low
-0.3274330556573288,-0.12461646749030482,0.5007885695204876,Low
-2.1225893680348733,0.2914792128632692,0.2633662163833034,Low
0.23792544095986398,9.870311069315568,1.1415126809897027,Low
-1.156062675489801,-3.2518374286522382,0.8205215016464311,Low
-1.2910595991351423,-1.2942330585553776,0.3914122129091457,Low
-1.8823823494630243,-1.285178601697232,0.627919645138886,Medium
8.997044673594036,0.03752159459586533,1.393981440252388,High
-1.6555658792081624,-1.5325539248586586,-2.5366571080699503,Low
0.5233124261080978,0.15288493279819115,-1.3525016079900296,High
-0.4062783236884549,-0.8958389106035944,-0.5570651216877214,Medium
12.017187230294148,-1.3073236649680093,-1.0044760792795424,High
-0.5928181569777998,-1.237356360107623,-4.9636746269533365,Low
0.5958630702571756,3.3512809429733403,-2.1285039891406785,Low
-1.288449736096899,-0.6050016062558764,-0.3894571807748317,Medium
0.9758754514858208,4.705720443513675,0.11140988693143408,Low
-1.6499547305906663,-0.8494874942473433,-0.5986401881671425,Low
-0.50429687956919,-1.672284068918829,1.1226967557900682,Medium
-2.1656755999179453,-1.0433103995683455,0.8009790108938221,Low
0.34090369942564025,7.371269474822825,0.9342430721803073,Low
-2.292574044466088,-0.6901004841896707,0.09000889741892082,Low
-0.6925678629392625,-1.8298326888055696,1.4490209401220295,Low
-1.527398890394665,0.9921978501740398,0.9912003579459266,Low
0.05830333727434379,-1.015108600351096,1.2321610312462492,Low
-0.020582036153068604,-0.9672214755592028,0.45448957611880075,Medium
9.24475295573774,-1.8656127357519592,-0.39706404853502597,High
-0.38205783368539953,1.739440569242623,-3.8001429050545945,Low
-0.10641940989364168,-2.113915476899048,-1.9921678531824705,Low
-0.4430814292538598,-0.9042325628371686,-0.13586490135529516,Low
-0.6682810409032389,-1.1931558477634752,-0.3329219476947878,Low
-1.124174392688783,-1.0385102446952177,-0.3114864682981374,Low
-1.2570670487776752,-0.465059795462117,0.48838998915917436,Low
-1.390825396190509,-1.395989022128003,0.6355254993005168,Low
-1.6054281008669633,-0.821993773251967,0.6311474630469787,Low
9.489246105681548,3.117754455669497,0.9213831688529043,High
0.41466451121474573,-2.0282997682454256,-2.9116232584233805,Medium
0.50815228062003,-1.2471614813417249,-2.3997453206093917,Low
12.716224143077103,-1.1591262747191318,-0.30745232460648564,High
-0.4687984764873352,-0.8349534199141176,-5.357017281274413,Medium
0.1613600386672133,0.8955943533167869,-3.296501242056759,Low
-1.8073176954181251,-1.483714186900876,-0.07625295618733245,Low
1.4028451546127891,2.35247718683956,0.49907219304491685,Low
-1.4217381214484452,0.21873466973357797,-0.952028921212912,Low
-1.4813755450781774,0.10224952206285841,0.3317694759889904,Low
-2.3765947451139255,-1.6821278031485143,1.3183991036298732,Low
8.625737112370096,-1.952328352734065,2.019352109123914,High
-1.2406446423143698,0.47686137682255963,-1.9273678435344568,Low
-0.08605126543910921,2.3673279195562382,-0.4827386444307581,Low
5.797415477724222,-0.7787205120842348,0.10855350646185273,High
-1.7857498496613193,-1.1396981050894062,-2.474251536437467,Low
-0.18578864486005278,-1.026744273678829,-0.7135488323496932,Low
0.2369092904906536,0.627007567512687,0.7464622329656602,Medium
-0.21363299868182017,0.6023419123933645,-0.05894172320682023,Low
-1.2590518253490777,-1.5519518312654552,-0.3943505122701998,Low
-2.154041266644569,-1.4678332569110992,0.7879965085571156,Low
8.853148434463892,-0.7377793401907259,1.5670093717803124,High
-0.5840755625080376,-0.30141984182901127,-3.0727059921107718,High
-0.4624871143802267,0.4226769309798519,-1.9333494407472391,Medium
1.3822889628548636,1.8458181707710446,0.030506186350804425,Low
-0.832124650811688,-0.35856988418340763,-0.9496565779292186,Low
2.1244100544291924,-1.7331692931912874,-0.2828251596774111,Medium
-1.8502302122722352,0.4194151386918698,-1.2300179121243255,Low
-1.4035274609671595,5.256311539925693,0.042916677003258366,Low
-2.061017818649614,0.7840772710013717,1.4179652235310076,Low
-1.9521546838274528,1.220803434101234,1.8133380425653411,Low
-1.13609070358231,-1.2931326922621604,1.8923584136189893,Low
-1.6760681589863393,0.955353905737455,1.0269397656584804,Low
0.454434496344354,1.8253620796619618,1.0163767581934786,Low
-2.234798303816318,0.17734317691424015,-0.042134865968459036,Low
0.49189359291482254,-1.508331631344773,0.8031922170926679,Medium
8.391915530201539,4.64290022250729,-0.511159561649555,High
-1.5961475686416078,-1.391509527713505,-2.8774093919638517,Medium
-0.23186610030621904,-1.2634457191324504,-0.6946109092765194,Low
-1.8322262103346676,-1.2681469515581547,0.15733402668415622,Low
-0.8527220058567653,0.6207462754525898,0.10436611795229095,Medium
-0.9767155009573644,-0.5601351593231825,0.1615356987397628,Low
-0.401387041842678,-1.4994576877379846,0.5251533272392463,Medium
-1.8659725232154427,0.17106821702159583,-0.11669439256377127,Low
-1.4303176448896489,0.700773924625611,0.8207984911144932,Low
0.14516289723509848,0.7350327016366195,1.2512413515455756,Medium
1.3982397758533922,-1.6526442981853644,0.055774073783945964,Medium
-0.20762769938094922,0.5683720174012092,-1.4475978256662825,Low
-1.7798717467654503,-1.9097431762722725,-0.4398845703900361,Low
-0.6690537297036586,-0.9659620591576996,1.0172543793337019,Medium
1.227754109878344,-0.9017121417531777,0.5318427649218911,Medium
-0.7702874016366774,1.669468661239299,-0.9410533935465174,Low
0.2912915680752146,-1.0150177483849707,0.1268802167910561,High
9.96478605741499,-2.217377005658735,-0.17034714276554627,High
-1.2717255319591687,-0.7268434417376171,-4.19324247815418,Low
-0.604202330831998,-0.4069012455815381,-1.8635706234477412,Low
-0.6206066815803516,2.7801456080650033,0.6108491931436321,Low
10.024131762169224,2.791485876861658,1.1049731910585365,High
-1.9880049746821775,-1.9286487386642732,-3.6984797028061482,Low
1.731785607121752,-1.4081826475186376,-0.7851348782468415,Medium
-0.9725202011767743,-1.344053868233257,-0.7175022224207843,Medium
-1.9914547167233816,0.6036475061346113,-0.9176493884376429,Low
-1.3405264531868328,-1.7546242853070484,1.2377449923022104,Low
-1.8987949138492326,-1.195311755618021,1.2090537945257585,Low
-0.4732938913499037,0.033807199213492,0.7726750212581474,Low
-0.3233222449002729,-0.7322345244519316,0.6961555056811538,Low
-2.146755293790763,-1.5072315505629454,0.4446830337656368,Low
-0.9791541196015247,-0.7616681368092125,1.3910987769710093,Low
-2.0460087869984065,-0.96354287959913,0.9965433035328989,Low
-1.42736997722235,0.1820389203724138,1.0065214109609741,Low
-2.167146696493008,3.783804167510215,0.6554389318204674,Low
-0.15974264696013055,-1.9265223381747376,2.3174680901079654,Low
-0.41725258557290446,-0.7463577787233403,1.068395424383507,Medium
-1.213631313916571,3.1537519976101525,-0.17618726078993135,Low
14.066210101021513,1.4325971898273033,1.0443985702547716,High
-1.4579118656221461,-1.411560592048391,-4.785158372478559,Low
0.36123910143914706,0.7815829943529167,-2.0193083051414207,Low
-0.9177057511762121,-1.8613611633789433,-0.47665207133944915,Low
-0.8362248349001332,0.8234872293818152,-0.4444641050107964,Low
-1.4112115209514897,4.175609077164238,-0.2525823402085159,Low
-1.2817661849294526,-1.3220957561476994,1.2915403554679799,Medium
-0.16111524348786435,0.3067778144099731,1.3179727563899575,Low
-2.0654300829529193,-1.1208235024848527,0.19673915074553971,Low
-1.7519724282359703,0.6389018548536871,0.7944193107409625,Low
-1.0512500528824749,0.2445580172266852,1.5530846860586645,Medium
-2.6508627435827425,-0.13133615839319632,0.47366783643493987,Low
-0.11727986391783644,-1.3590265184020527,1.8602203409231,Low
-1.9192797380565254,-0.5696562854006335,0.9263887686626027,Low
4.471120896744425,0.42281006711046143,1.3342594733062347,Medium
-2.302996391867082,-1.3471765238498172,-1.4048801790995022,Low
1.6211338711870036,-1.2115436935022017,0.513623744533466,Low
-0.44288758903183095,-1.0090211542021872,0.07936506394344417,Medium
-0.7138715172238123,0.49627961937548704,-0.7855994025323355,Low
-1.30622758565654,-0.13482028634756718,0.11583850915858797,Low
8.588886275376295,1.4410813063252492,1.3070276407797596,High
10.626363530812517,-2.24113902363566,-2.2043041063741935,High
-0.677586786543427,3.013883193256691,-5.211499553462694,Low
0.14475273233036748,0.36395765997470386,-0.9374800207339264,Low
-0.32098634468159076,-0.527381479373562,0.3786331581305752,Low
0.04453319602150108,-1.7105664147536033,-0.5961574792247694,Medium
0.45855993725304317,-1.0236713953200804,-0.4941839430354106,High
8.434997921934041,3.5270833058862485,-0.6655198158167178,High
1.300458024679406,-1.9486053869731137,-3.5790851276412274,High
-0.03977616407742596,-0.8801001196948477,-3.037085388260605,Low
0.46177415124793214,-1.3900259453686838,-1.1594075930819798,Medium
-0.7174495552611441,1.1645229331004883,-0.8984252023536845,Medium
-0.9186020969402244,-1.2069852438256075,0.01856707272677599,Low
-1.578287534310678,-0.6268933762726874,0.44553451978925623,Low
-0.48396833833544617,-0.8291508222435994,0.6604343660045288,Medium
-0.7197863053281432,-0.9734605622141436,0.1819689130324577,Medium
-1.8860268674141638,-0.6425653967711702,0.4050530351412589,Low
-0.6441984390263982,0.15616865888574727,1.4392731119047266,Low
-0.2809153027783363,1.7441945437985438,0.9445444621043364,Medium
-2.2678633656213205,0.6929201549271536,-0.3754692359242488,Low
-1.326614275245921,0.4228691075983581,1.468915424723943,Low
1.0061594942159224,-1.7703580102813228,2.028540917647087,Medium
1.2011968429086752,0.4836727822934315,-0.5344002218707237,High
6.428381923538457,-2.2847066182110694,-1.119374345325033,High
0.4989530133967042,-1.7163196487507208,-3.015104074435494,Medium
3.2416311514960876,4.494641468154927,-1.927434090906873,Low
9.420338168666612,0.015717690096570137,-1.4394249401989865,High
-0.38699986726497254,-0.430204265709542,-4.528959476664313,Low
-0.5641248348504296,1.9909136877994151,-2.4105806785697026,Low
-1.405044626248471,6.263033242210762,0.8805090384815151,Low
-1.4340206740123638,-1.7022058337143593,1.3485213362319752,Low
-2.3852397526164344,-0.5250753430866996,1.1210995183930448,Low
-1.6316983435484234,0.7602492495607187,1.7642241637826976,Low
-0.028317793312628403,-1.4817189174842609,1.6561279710065722,Low
11.745208658924145,-1.9149744816085739,0.46735664548484573,High
-1.9745401565142435,0.44422489421286704,-5.055202000295145,Low
0.018410828844486006,-1.1029979307373905,-1.5526849611767106,Low
-0.3526339744844841,-1.3440505421960962,0.32957989335535254,Low
-0.5539103256813805,-0.9274085892884206,-0.3848263704927191,Low
-0.5777602071585647,-0.6718908312155168,-0.20118258051616336,Low
0.1511773701798507,3.1591260741982206,0.3723999139143823,Medium
-1.3405273781957328,-0.4403548323453884,0.045178288688600306,Low
-0.7198647176450881,0.09361764673599016,0.6980550244279314,Low
-1.4902870331240938,4.549655218911529,0.5857556395898489,Low
-1.7461762541173218,1.8896034180386843,1.1115024582506188,Low
0.431038256068695,-0.201469354177384,1.7132771836705183,Low
-1.231005382224466,1.612642345527129,0.12351294359222593,Low
1.0185423538281435,-1.223126049642914,0.6591512993838348,Medium
0.04753500920193217,-0.8514614046129708,-0.11758320125757026,Medium
-1.4370147604145564,-1.084623310148865,-0.6672888872439211,Low
8.543292587848017,0.13033518918352563,0.38873404291853775,High
8.119776804201415,-1.2233377532355867,-2.891262315601226,High
-0.06265678628484533,-0.25530926126135023,-4.271540588203145,Low
-0.5095617538253946,0.3286568185904708,-1.7533107447915361,Low
-1.1683999357702979,-1.7099593335485952,-0.7778362981688652,Low
1.8833088034265268,-1.6255333244564145,-0.8166175734567813,Medium
0.9482235596174152,0.1447313191580347,-1.6950182287717217,Low
-0.7000035446450825,-1.4133024704268318,-0.9925802575065508,Medium
-1.121749635251036,0.69081233342352,-0.28937239527243935,Low
-1.2356953108716557,-0.4387142526324651,0.1608654695313836,Low
-1.4246123340848063,0.22905230007329694,0.6462133336386982,Low
-1.275833676338707,-0.9678550867400281,1.0516303225052615,Low
-0.8396541934501502,0.42398816562155867,1.2208924922037785,Low
-0.7901738833086722,1.5564703621310518,0.7846213005201667,Low
-2.0576565732331247,6.862938093490073,-0.024735365799294452,Low
0.7071099293938361,-0.8400955839019878,1.9725833600929108,High
-1.4076640733616026,-0.5164740743193641,0.5716855695605959,Low
-2.6300432976057366,-1.4394462243496482,0.1611574150023648,Low
-0.891145727716798,0.8430690634143839,1.7488454590830391,Low
0.04434120823471072,3.5294197329299544,0.8526288398120333,High
-1.3157421069474615,-1.7645636777983613,-0.6078389071431336,Low
-1.2219509572537604,-1.1847446237299513,0.562764725577813,Medium
-1.1641789317051547,-0.9909853972793637,0.8533034904863845,Low
0.06588900197384602,1.6729179488825474,0.8104975186769602,Low
-2.147178566884748,-0.7218061744091806,0.35670682334596826,Low
-1.1034080234386214,-1.3123553137892665,0.7682201245937702,Low
1.3739045737847906,2.012032793472556,1.1901848891632834,Medium
-1.7049551738796904,-0.4201574252704265,-0.5036048136791055,Low
-1.464885532865214,-0.9494483110389882,0.06029064284083036,Low
-0.9602249498848187,-0.749300929211375,1.2343014244580053,Medium
5.931057315184575,-0.8364003715713325,1.3136220043435973,High
-0.5090708125581431,0.09877850358419882,-2.5336548099166194,Low
-0.47165505889995785,-1.2666921196568293,-1.4616389229402451,Low
-1.575014160175796,-0.03993001248130978,0.32173482849618895,Low
-2.0645742081840295,0.5538823701836104,1.1880209881682668,Low
0.5269855348211644,0.6717506599063844,1.9633401876407548,Low
-1.9938290599470925,-1.205720610235105,0.3664724855060375,Low
0.27043487720659354,-0.7477314823863999,0.7481867374723964,Medium
-0.5472704782107136,1.802263078940925,0.5739565791128302,Low
-0.12223656655851782,-1.594970479631593,0.30436467478148616,Low
-0.04082517896736135,-1.3278322856132216,1.0594195443272505,Low
-1.8352741639072463,0.1713585817567997,0.2991253641968112,Low
-0.7972297470479789,0.24168168356529263,0.9826851245700199,Low
1.2346825406973112,-1.3499163338881985,0.9385944051922109,Medium
10.214236216297747,0.1265294333111359,-0.7371400184941194,High
-0.7898291802888605,-0.26197720328143237,-4.502213301992026,Low
14.087025531727571,2.044569877780075,-1.8915712733553467,High
7.703973726607899,-2.2992961053241276,-4.414786862352078,High
-0.7870427213788587,0.5835407150100239,-5.993684955762909,Low
0.569180485116529,-1.7203619961585193,-1.7366494241171393,Medium
-0.6783557462467769,0.06384448053105,-0.9151603037991991,Medium
-1.162179290419239,-0.1310320045782692,-1.4694932470163207,Low
0.6582158264990886,-1.0029611514450594,0.24420604901873272,Medium
-0.39942988841265764,1.856892638159396,-0.3832886971322743,High
-1.7249520678726193,-2.018743396148267,-0.7352468320814538,Low
0.08553769648798731,-0.3433711672236265,0.8586748141200006,Medium
0.7033588291640565,-1.4399475895653444,0.24363760472115997,Medium
-0.4399847161902552,0.8283949239830021,-0.8440310869728301,Low
-1.9030050725692829,-1.619649933185994,-0.16611987595521624,Low
-1.9598219268361199,1.746631056587441,0.726277819194516,Low
-1.8711564430568757,1.1991963362407494,1.829159699187574,Low
0.13391333181365903,2.8185645752940185,2.161516766977449,Low
-1.969070586537094,-1.4110097584500603,0.7560681472001436,Low
7.65133172120515,0.5836152876284443,1.2705970466395509,High
-2.056409916237791,-1.7232680358520065,-2.4601470848938365,Low
-1.3188681202988528,1.7318418977401355,-1.1819187391123016,Low
4.651377795178052,0.8940994220146944,1.577351102412162,Medium
1.4042747765016563,-0.7756414729009228,-1.4771344915927849,High
-2.1687771045204958,0.026423776954861512,-2.1005190735512658,Low
-1.838508744981343,-1.7383909939093514,1.3837886764591614,Low
1.2237120946677573,-0.6040976901830788,2.116902654348083,High
-1.6612360011317704,-1.023743996743527,-0.31739808350609877,Low
1.5090023187500974,4.199599918997354,0.07910784108036492,High
-0.7099701546111467,1.6373718230611056,-0.3279804276388019,Low
-0.7837131431692074,-0.3685129798541525,-0.23173375450739955,High
-0.5297663918087749,2.3496040803121074,0.03581539617498632,Medium
0.6258811038396637,-1.2877953749654703,0.36865166843202485,Low
-0.21989217682466203,2.428765040283444,-0.48575475021862063,High
0.24304084653012728,-1.4172286303516162,-0.24748545802428784,High
0.33497251904047154,1.551342773568547,-0.4132621521895414,Low
-0.22896427125533214,0.08915914376362423,-0.29652798956425325,Low
0.7675754017722026,-2.005793205118231,0.20699682660820587,Medium
-1.1318972929732125,-0.7567135352728894,-0.5207214353632282,Low
-2.750998734260943,-1.5713225185491302,0.2660763155992631,Low
9.659646450710174,9.647479149456943,1.7076473247442814,High
-1.0692827835027945,-3.000223187725494,-2.1819175848681085,Medium
0.5536103665109183,-0.20340476699507154,-2.3470622408292283,Low
-0.15807817778794556,1.1944032610431914,-0.8787600839529502,Low
-1.873738607204797,-1.4961890900575554,-0.6916324013616658,Low
1.1602679646830287,-0.7832961904245164,0.4022250675827243,Medium
1.1130133691538486,0.11951706738402343,0.0008010495184815776,Medium
-2.245819161981345,-1.4267540276333555,-1.5264468134971299,Low
1.187998792984076,1.0619062015614849,0.5527724919947107,Medium
-1.9479999281207927,-1.1392033976527847,-0.3010256400655064,Low
11.750617763834,-2.0608207871433835,0.6808752679882538,High
1.3320954567722045,-0.2335889516643414,-4.008678276467166,Low
0.8358731530570142,-1.3941247165120094,-3.576611761519682,Medium
-1.3036692340216032,2.0756503956585,-1.551162576592965,Low
-0.7428278250443563,1.7800806797499316,-0.08202323994550555,Low
-1.3462823798177737,-0.9547588289733421,0.2377574433227898,Low
0.19861764594355671,-1.076379056643995,1.0046354031787603,High
-1.091669346596637,-0.6965885903302291,-0.04245302218178526,Low
0.28057658837294025,-1.2133632924248805,-0.05393679518590536,Medium
-1.3238269773876425,-0.10668802582018481,-0.6538502513974919,Low
1.158284234199282,1.2529564258079442,0.08609946987875897,Medium
-1.1187783696850144,-1.3967876291259,-0.6733848338676175,Medium
1.151953731322759,-1.022240322788337,0.5924683063949462,High
-0.6169811373960581,-0.6970672061727783,-0.8419168484800216,Low
1.0385907901241576,-1.6629338063038852,-0.14744097312240637,Medium
0.5497181476018339,0.9430385626758099,-0.5869341654549903,High
-0.5260543157578876,-1.03569924217504,-1.4598160379071758,Low
-0.7233714422434322,-0.5459303553436915,-0.16099635776984184,Medium
-0.5120578015600261,-0.9188259435991979,0.7771733713470527,Low
-0.887059968764534,3.2869569070610285,0.10535848907158465,Low
-1.73099351393339,-1.8992653150884236,0.46596200410610394,Low
0.3063752974813102,1.5714761358184892,0.7949954516579784,Medium
1.1286224318853866,-1.3021075985201627,0.09304713599127944,Medium
-1.3921696468397837,2.790551043175351,-1.2736443087726201,Low
-0.7901716153424966,-0.2474100267151799,0.4847589567696378,Low
-1.745631308839498,-1.6951449359745112,1.3071317149239383,Low
-1.578000617454973,1.8406359961126915,1.208401683685586,Low
-1.569724926004104,0.33253130227031813,1.0952122943311815,Low
-1.9874260851329866,-1.622277000560748,1.146284816074676,Low
-1.555993906481677,-0.9443933164428616,2.129885929372616,Low
-2.1439805041507487,0.22899822380703844,1.3579550057874281,Low
0.02473085159141459,-0.6036982036298308,2.054078488419558,Medium
-2.373039302640734,0.649217430613833,0.8795673608518325,Low
-1.233809287230224,0.3844641601974057,1.1365943349955376,Low
-1.0104819287956384,-0.04403627626834474,0.9962910052897344,Low
-1.4950216653461295,0.34195072897361545,0.2992854498449326,Medium
9.189011934896223,-0.935021030143257,0.5755286704030775,High
0.04750092457641792,-1.5740798140665935,-3.501070381314055,Low
0.42822812243155334,3.114525161507503,-2.3631257034655784,Low
-0.5060927934739873,-2.081245045008507,-0.7017945410275599,Low
-0.9160243032514649,-0.42990190300618997,-0.7413762311036639,Low
-1.80498322777526,0.46959957221632925,-0.520129385275897,Low
-1.3342570201064996,-1.0651807662257742,1.4418721042014124,Low
-1.6999813099544532,-1.3746074799053043,1.3031583656940144,Low
9.65301336337563,-1.9747105407534649,1.1352006110509825,High
-1.6539551047864622,0.4809027989835975,-2.6454199782219194,Low
1.5332277605168154,2.145839205312397,-0.7549384221237257,Medium
-1.477136033033624,-1.2334181186125923,-0.12056772353283683,Low
-0.9109102855085284,-0.5155711100622472,0.16274764432021832,Low
-1.5292957014839268,-0.8567975384386309,0.6720781496645337,Low
-0.41589613784820667,-0.954411154552763,1.2220284775893813,Low
0.9779815571910994,-1.7270760448843367,0.44942066024978783,Medium
-0.6377159792008739,-0.8975556732967026,-0.8449974142307147,Low
-0.5081045461661191,-0.527167386317103,-0.2856421786620895,Low
-0.4167496353027697,-1.1675186387547012,0.7256845852039181,High
-2.3141670723939956,-1.162392290884375,0.12522926701902368,Low
-0.1631290704924117,0.7121308453726828,0.9119962304136983,High
-1.55969268626303,1.7166627003399415,0.3424723503161487,Low
-1.2154065804854448,2.8940390103246636,0.2897483472304035,Low
-1.2894390707735772,0.2593898406592967,1.7840271448669434,Low
1.0256422403147145,-1.985116362453681,1.3675458097812936,Medium
-0.44612350671420575,0.9529858482639779,-0.8427513994173592,Low
-1.147532495587547,-1.431034465218257,-0.4623373864001299,Low
-1.2973298533804771,0.6115551401728513,1.1042388476531666,Low
0.16971928545040962,0.46477725891220745,0.9638345305340139,High
-0.4209719813042993,0.6376397717225198,-0.3828751757132573,Low
7.935611885459036,2.6023185447049535,-0.6862342850362799,High
-1.5235474563852358,-0.4692464765673358,-2.439270093159819,Low
0.33746180759378464,0.19102597727599555,-0.31362473197092905,Low
-0.5019200208859737,-1.284576625450061,-0.13859639821501438,Medium
-2.015986610590601,2.284254868417877,-0.6486508568202801,Low
4.8330835623409545,-1.646426566385709,1.4659951076910638,Medium
7.963286610158258,2.5757585863461707,-0.8206745268866878,High
2.5851547395175216,-2.1134793714848836,-4.100418949684039,Medium
12.421518370527638,-2.4162120367384246,-3.0908998585744643,High
-0.5459983114572194,1.6582676658092466,-4.932643869895116,Low
-0.9136246812623569,-1.9853701077572288,-2.1844788785305074,Low
-1.447327572712372,1.4770699819909112,0.6143019657059753,Low
0.8393247789482224,-1.9256079934285593,0.8939547740249504,High
-0.8045815584666202,3.0216608987180873,-0.9712714873323567,Low
-0.9668208598703641,0.10899654195737757,0.07821677105556196,Low
-1.2421098692148007,-0.02411363509794229,0.5792251461564646,Medium
-0.4208974918222658,-0.8694235935117092,0.9716611683542539,Low
0.46464008126616446,-1.698063482241038,0.4168449731325447,Medium
-0.006985581417862312,-0.6879398925685957,-0.5348014820086728,Medium
0.26503682963339176,-1.2823839863544284,-0.604659777239555,Medium
-1.0207025455686976,-0.9030054580257283,-0.5691898952987579,Low
-0.6644848928508643,-0.1324180044310164,0.24531931823877923,Low
-1.8419400629159521,-0.44701477730588896,0.4420691188149839,Low
-2.097240205477802,-1.2043079494365858,0.8854954221769565,Low
-1.6695956461932713,-1.0237688681019084,1.536261341267255,Low
2.1792051628342657,-1.2181203294101213,1.2092222516852265,Medium
8.53784283339817,1.6464715129126066,-0.9457671770879631,High
-1.9436660992878645,-2.208779495237788,-4.438980579769207,Low
-1.2516578548425712,3.4215509601110874,-1.0488181089892095,Low
-1.5716641445766464,-2.111526475330694,2.0685621255523934,Low
-1.8517759440201222,-1.3364656963654147,1.0890717489395676,Low
-0.26852915299824315,-0.003685267500126505,0.8377814664096536,Low
-0.8377125671759792,-1.5765493491205909,0.5174920035271894,Low
0.5071878160952547,-0.5542598425640279,0.05927793326564943,Medium
-1.8600377556177514,0.73438952088979,-0.3637498444572067,Low
-1.201544996551044,-1.8746442389681126,1.1505095209475567,Low
-0.10888400651066342,1.258653781975323,1.1603353000472687,Medium
-1.506350810320879,-1.081186004364979,-0.0487833691173188,Low
4.996074559392208,-1.196566109523873,0.6665569344128244,Medium
0.10118671900498066,-1.350459560623358,-2.1263726721389964,Medium
-0.20309418375309776,3.6511946680251497,-2.093117255083818,Low
-0.7584735985345172,-2.0141113117714395,-0.2776527614640035,Medium
-1.209334685648416,1.6400672370093239,0.0029355492879127158,Low
-0.7488355409603306,-0.7070523156555247,0.650967212364399,Low
-1.6052502632556689,-1.7478284947749647,0.7164818390272656,Low
-0.006601101972888039,-0.19061854726569752,0.9805185978022862,Medium
-2.0291743294245705,1.4657727182289872,-0.020807735778563496,Low
11.753916989001459,-0.5185489531820797,0.8121012839865352,High
-1.7241930688895901,-0.822485857858501,-3.9658405981959706,Low
0.38036236212319485,1.8618945431472236,-1.9738955836090546,Low
11.714153250343031,-2.590517752918626,-0.3353312236914491,High
-1.301357678707289,2.3953330355259053,-5.4812173675023015,Low
0.5744878734224471,0.28407584714247036,-2.7103079439758515,Low
-0.0752298816073236,0.2557963005127258,0.6158698535075307,Medium
-1.955671308366783,0.8976242973782951,-0.54721246795487,Low
-2.0667066857655554,-1.0130618520288517,0.485728940710965,Low
0.4784104701535922,-0.35890296306478825,2.0223343071603357,Medium
-0.9783977931626303,-0.024067806514738773,0.26272105265959433,Low
-0.017464090836462047,-1.1600003011108464,-0.07882347714523047,Medium
1.0334227040626611,0.3481425701660046,0.19148305613496827,Medium
-0.8121674226745101,-1.1872876419261897,-0.7811686859658229,Medium
1.4585057282966598,-0.7295530730051322,-0.6669817660052183,Medium
-0.8317719928942512,-1.1358888410519181,-1.0511806768675926,Medium
-0.515823744240491,-1.4046490772115823,0.07934572051740355,Low
-0.9964263153940129,-0.8563220285142833,0.4358266434717213,Low
-1.1355602868398453,1.6781034055750477,0.45515269720645307,Low
-1.1187102202010277,-1.0378764731058618,0.9920687888981087,Low
-2.059408232412976,0.5937989080500378,0.7530926662609492,Low
-1.3893549842876087,-1.5724561317356418,1.871836687599174,Medium
-2.8391845316762465,-0.5554330330756981,1.3537958766635743,Low
0.777213840856671,-1.1299029476722677,2.150026042951483,Low
-1.4635881939314914,-1.136960324631295,0.40524560498724477,Low
-0.44408122519702153,0.26896715877375216,0.09019149263764262,Medium
-1.7311901524432478,-0.364278452726091,0.10079013218339812,Low
-1.5321660577966885,-1.0929202987994138,0.9377911501738065,Low
-0.9269501876038433,-0.44050455819639855,1.0988241048986769,Medium
0.12141827275249895,1.8484341474468715,0.48279891191990826,Low
-0.3490154215962847,-1.9529719684869176,0.1540922779760062,Low
1.626189382482328,-1.7540277818494505,0.4743465526236932,High
-1.5160679156111403,0.20972204407139644,-1.0992678376236307,Low
-0.4870905889947916,-1.8343860867662791,0.3704964115906659,Low
1.3336277426357235,5.801512624179391,0.6475832254921461,Medium
-1.8692664997477797,-1.4347485717834196,-0.7845499147658173,Low
1.0893783637858887,-0.71275866431136,0.511671403043274,High
8.193094421637246,-1.3815184234860725,-0.5200759890749549,High
-0.55438641484354,-0.5530827213272985,-3.101466088100128,Low
-0.1428060958828889,-1.7806097648796306,-1.2159956090083694,Medium
-1.473235749971743,3.063418963805969,0.17176392373109817,Low
-0.916511925376091,-0.4549132466901587,0.8113195909651862,Medium
1.390090999277641,-1.7266357964988361,0.5747054744519616,Medium
-0.9331075460751074,0.0009842945736171478,-1.052689771387963,Medium
0.8108680036201256,-0.8318253104127651,-0.3309202840838572,Medium
-1.9307922949997849,-1.5363239551090249,-0.3743794103224289,Low
9.05697120388268,-0.18548022279120638,0.8589490579557627,High
-1.46978007948421,0.3026715599072882,-3.378214869950817,Low
0.9452177307835528,0.2191132452428795,-0.9400028604800829,Low
0.4013896131093019,-1.4826253856750935,0.41465616259480353,Medium
-1.696625801332897,-0.16867250348375531,-0.6951320603771882,Low
-1.4079672310727147,-1.5770088602861558,0.14583440787386312,Medium
-0.5701015006969847,-0.23487979246284263,1.5135136493335801,Medium
-0.07156725461505747,-0.21358261147711322,0.820581862366993,Low
-0.9116168061929923,-0.3617747452556582,-0.21370193361366002,Low
0.8378354516082843,1.811756763546266,0.5304204268293874,Low
-1.760528953085158,0.740483154440409,-0.3938475616144723,Low
0.11856281988666223,4.884879962845919,0.5282546248480541,Low
-1.5271573365448998,3.6591785625464897,0.3478700141938805,Low
-0.7610621229730353,0.10680604704902391,0.9063273619049403,Low
-2.021317079844186,3.7665178550641123,0.6382707219353247,Low
-0.6002088035275103,0.6197241809048475,1.2904062621632866,High
0.26119829143000955,-0.006875176227313739,0.5209146640039466,Medium
-1.847633368335149,-1.5770100012083264,-0.5777708452171371,Low
-2.263042644995716,-1.3244189221391325,0.6584440926008299,Low
8.245300738549204,1.9550779249305617,2.331805013290256,High
11.964645891982247,-1.757786788126767,-1.5365975394506557,High
12.475385220327983,0.870610849273714,-5.388766730308388,High
0.9509706787304536,-1.4885799447275005,-7.259377032969725,Medium
0.713875904930239,-0.3626731908565541,-3.82735951739095,Low
1.1543217532040526,0.17447863666054783,-1.446456765267397,Medium
-1.1775225818179351,2.768093734254726,-1.6306530583570087,Low
-2.0705030209123847,-2.061531701272502,0.11392993568765504,Low
0.03624538305880485,1.8246284504754897,1.422714562718185,Medium
-1.1530597268409781,0.6275204557175547,0.44762443305727095,Low
-0.6995604578800877,-1.2680432271670543,0.43726857140589154,Low
-0.15750060167746796,-0.8111885742857051,0.44109865423716227,High
-1.4869460614898364,-1.3639248683343987,0.43802850708149543,Low
-1.5002572950547914,-1.3061762030026178,0.7466048056583741,Low
-1.321044109410414,-0.5498573808449273,1.13676556072989,Medium
-2.2235769794912605,-1.44955360621404,0.7778665222378953,Low
-0.39579816648987015,-1.2602502559235829,1.2910177579708986,Low
0.13690488218209415,1.4965192818838253,0.7207443492394481,Medium
-0.5297872845404429,-0.2903162463567034,0.18151423203822503,Low
-2.4212444521140175,-0.17841920848056878,-0.024897354986767144,Low
-1.0930995901185505,-1.4074837109673837,1.2100040039770075,Low
-0.5621611491009391,2.0122292653819,0.726140978394392,Medium
-0.49414026502305153,1.3270711004684037,-0.08897048614928334,Low
-1.8003874640994255,-0.5137772701089772,0.3743747586751723,Low
-1.072253559856032,2.5302882079398596,0.9590548432212389,Low
-1.1549798127986963,1.2779437378932805,1.1282734401576544,Low
9.223546445618377,0.4189205937953212,0.7460575891732402,High
-1.5233924505663585,0.6834907823367363,-3.9196882311619707,Low
0.19757214303580792,-1.973727670753877,-1.6376119166054255,Low
-1.5903383063010683,-0.9047976707299293,0.15349112768153395,Low
-1.9646398570918013,-1.2763228452775637,0.6383471597904812,Low
0.28870025538872485,-1.5421696019576312,0.7354936147464282,Low
-0.0794811741617053,-1.0211090465781443,0.23889671694096487,Low
-1.389579631288722,2.028104338467318,-0.3829963076290381,Low
1.534115141498774,-1.5857048402561096,0.9036812116475096,Medium
-1.2520549767758733,4.034498099949421,-1.00100526518276,Medium
-0.08465493711478828,-0.5694130551188283,0.031587101095689615,Low
-0.8350769727239009,-1.1514308946175371,0.17852174240341503,Medium
-1.6818302474346611,-0.4631690439362097,-0.2822674355209639,Low
0.699491002664298,-1.3204303712729735,0.874089398414777,High
-1.9858048556124768,5.766105614893092,-0.45170088440505374,Low
-1.7100983543596526,1.0593826790563097,1.175703789388454,Low
-1.8598955294417723,-1.8287596826294672,1.746060545669634,Low
-1.8288387586819288,3.656889830972606,1.2849506979402878,Medium
-1.6417176896265828,0.5837265897124708,1.6715012983141313,Low
12.32021827510386,-2.4090144548272865,1.3431694402258076,High
0.6114508040976705,0.37740869908289665,-5.078365071187249,Medium
0.03209698436972575,-0.19158264297918545,-3.541647738947538,Low
0.3507508317431201,-1.0726881174031968,-0.3969360310086477,Medium
-0.9146727249602824,0.6282567377249213,-0.61258563379295,Medium
-0.8145402083757911,-1.8188582437045486,-0.2891759135640314,Low
-0.5683073777625982,0.22431211642187956,0.7481055464159166,Low
-0.21190284803561363,-1.8107472563910438,0.5249730305476784,Low
1.5798901661577416,5.855615251082289,-0.17331967378884386,Low
0.20724730857153797,0.11094228960732341,-0.7047813497437506,Low
-0.4045086818540845,-1.6706659012760718,-0.5687151783469191,High
-1.054703634864607,-1.1499414941300536,-0.18126311080322574,Medium
-0.8259897129180038,-0.3275774091444974,0.9443835492023455,Low
-1.8709214428414294,0.9486007821281605,0.9816785657617391,Low
0.07063806384364685,-1.7540479967271003,0.9562809469711073,Low
1.187237478895507,2.420201193718009,-0.005164708668071998,Medium
-1.7450958691843936,2.6153871600490395,-1.2429364049397922,Low
-0.8455487211248334,0.0007808152175523039,0.9906942034840419,Low
-1.6187284988246953,-1.1432263402363698,0.9945503626833655,Low
0.32701246366298387,-0.627904917685866,1.0840992421598017,Low
-1.545769864099348,-0.26189325029109667,0.17117186819969035,Low
-1.8188135296697812,-0.5712086752192196,0.43613346822506227,Low
-1.7326233105768831,0.3118199629984826,1.68785149033673,Low
-1.1112038206443808,-0.7069335891166344,1.527344231594209,Low
-1.4225403235798655,-0.9070078550474172,1.0061357535283708,Low
-1.4012748243921607,2.961325473032242,0.6922738071520759,Low
-1.2447012157828412,-1.8998069045698776,1.2802794637228088,Low
-0.020449225545656195,0.04467398478650494,0.824280316635043,Low
-1.473091856504571,1.156521173411918,-0.30426672247413766,Low
-1.898438893099389,-1.7881641754071915,1.3089307783545046,Low
-3.072207966377416,0.24983062893119246,1.5677020542380595,Low
-0.8621333290559045,1.2979346801109246,2.2948347864659833,Low
-0.2545738295738894,-0.2636402134206172,1.1419367440918713,High
-1.6990175861310037,-1.80565671789196,-0.12416779007917302,Low
-1.9766443450878792,-1.259197522713458,0.5983841194334186,Low
-1.6963005330694294,-0.8359275227158194,1.2215635636382105,Low
-0.8631163758496712,-1.1664116615458413,1.2876304452402854,Medium
-0.7752141046774867,4.733110781433666,0.02794020769087871,Low
-1.1278693423814767,-0.47649731405723966,0.33119623630287676,Low
0.9739412201749694,-0.8764289354812052,1.2108193170153014,Low
0.5440378278492031,2.1829394565642746,-0.4007938115678624,Medium
1.3627371466058997,0.18619672732606857,-0.852206527052242,Medium
1.0585800825004013,-1.6140948215181283,-1.4601458326772752,Medium
2.2555684738269295,-1.0340770150486471,-1.512177286306295,High
-1.1772829748401032,-1.3597974498150531,-2.3400233681972367,Medium
-0.07043864852568102,5.512238679002151,-0.7613514219966141,Low
-1.7302358457285794,-1.0897445024575774,0.030658128429367146,Low
-1.2999849778116863,1.968569899115638,0.4376016067565751,Low
-1.171333271974226,-1.340412157016353,0.8143217400529074,Low
-0.8973807648910593,1.743255965061387,0.8558700611277937,Low
-1.851405526317652,-1.7554339166392214,0.8432113069490885,Low
-2.0861232630930675,4.615296709716838,0.6565261630840907,Low
-1.509652901123033,1.7410585645439358,1.7971680426889236,Low
-2.1047198852928695,-1.1073018415898954,1.6439053461184632,Low
-1.6978346382909046,1.2254424407351514,1.431899845140188,Low
-0.5582953053475117,1.121433195739026,1.868052528215226,Low
-1.3526110633385864,2.74635613113949,0.31435828598389537,Low
-1.8655610098257893,-1.3601416476231338,1.1757375530179797,Low
-1.092791543217653,-0.32538291742891645,1.4839331428056777,Low
-1.1881129938760147,2.081403569409286,0.8587190462134917,Low
-1.43989340202655,0.8662729054087207,0.5942020142096659,Low
-1.1392083463539646,-1.4147101261045212,0.9337281213637669,Medium
-1.7339804781619998,1.6270926619245576,0.9845838710600527,Low
0.5376334810746805,-2.3573226368552427,1.1916985052173188,Medium
-1.420303663359566,1.8361716739198044,0.057802240387215674,Low
-1.661992281565536,-1.4657108528649736,0.18150505569188977,Low
-1.1514613055178717,-0.8953235840486297,0.8903968107045431,Low
-1.382429429387779,-0.0369341650219138,0.8062296602200562,Low
0.09380976960060566,-0.526818553232552,0.5640536748527475,High
-2.372809774695641,-0.5245847328214502,-0.6101077552183716,Low
0.6692717944536992,-0.4847508591646291,0.9848927070565519,Medium
-1.4776398331306568,-1.0501562039937367,0.0657910557458902,Low
-2.2235445397496063,-1.3429268539226769,0.20125553846478816,Low
-2.1484048948022894,0.9471517892731236,1.4972097814254364,Low
0.9052171013091806,-1.2727510136182725,1.8803127738361978,Medium
0.584809520290007,-0.6196031623198389,-0.25279671188261665,High
8.287071757466098,-0.3704046493268878,-1.3102913904614966,High
-0.45482744202140074,2.95819543827641,-4.075146474124227,Low
-1.237621884501725,-0.040105527534951856,-2.0910998954587616,Low
1.0300464970789183,-1.9907869599505816,0.40709819065419334,High
-0.9090790474896668,1.8700013889881713,-1.2170919000613543,Low
1.7018490126757109,4.729805561322341,-0.8609095968595367,Medium
-1.5990354077954703,-1.5127729780884074,-0.5100537081911353,Low
-1.2231894674688952,4.191909101078102,-0.06315723619005822,Low
0.12345472101147537,-1.4632684120009685,1.2020846100753448,Low
-1.1577486214632986,-0.4504726049484314,0.5211480146957737,Low
-1.3224288326802573,-0.5900905463304454,0.4124650641583929,Low
-0.33219024517789547,0.48805130829133375,0.7128754615822573,Low
-1.5486839619086004,-1.0543181246556128,0.3042563968646319,Low
-0.2094906318643696,-1.4941395843228547,0.5950095469282943,Medium
-1.1819657640863825,-1.5905617209184482,0.16611568318166606,Low
-1.3753441507526265,-0.4667701362997741,0.7418795188442018,Low
2.971224194095619,-0.5035260440786453,1.380722968292641,High
-0.08996262463938746,0.2649107172485096,-1.3799463424579648,Low
-1.8442493186940574,-1.0587316102004183,-0.7067536467467406,Low
-1.4436249982486111,4.691401746666324,1.2405265652292692,Low
-1.5883958749553722,-2.1844096500813257,1.879529008620386,Low
-1.4716421515667892,-0.8817256786232543,1.2491590244999327,Low
-1.300513918266308,-1.4040205372138574,1.4525530741278627,Low
8.607981840837354,-1.3708344238812997,1.2369332565972198,High
-1.4641875991527908,-1.5409480336998385,-2.5344449916329244,Low
-0.9854178327453763,0.09228810185104235,-1.1986336087589156,Low
0.9160587172294375,1.0861759539136389,1.1323513098160978,Low
-1.8275468705657427,-1.4648441373497796,-0.3960744426590943,Low
-0.09384172802884232,-0.16668200678334877,0.4157596603066812,Low
-0.631291659784391,-1.1771519285829275,0.9574940210014955,Low
-0.07476953059199606,1.6573149123583006,0.38586731650884554,Low
2.8771048178630405,1.0190652229729011,0.7367554310803321,High
-1.7034771009479934,-1.6830861671919524,-1.1180883102294024,Low
-2.0526838103189435,-0.5841629701949645,0.15440126782858474,Low
-1.8709305125309807,3.1504460891548356,1.0446082145267626,Medium
-1.3870162363815053,-1.1255401490979149,1.6062914022725847,Low
-1.3597392712216017,0.1008191248740511,0.8379095422921291,Low
0.7300008811655413,-1.0728189334234874,0.6878690308640837,Medium
-1.9823570614847879,-0.2922172172007679,-0.6515728810285429,Low
-0.7623543737556574,3.841089727127151,0.49432585972487203,Low
0.06820228196317529,7.9523720590292575,1.102432962534676,Medium
8.930094290508475,-0.4767004051773053,0.18948912740987206,High
-0.5334264773781371,-1.310793774382818,-3.8296987261267277,Low
1.038711955846007,-0.35565387723273834,-1.8193110089275353,Low
-0.14981780670660144,-0.8708808175323511,-0.5840078231117825,Low
1.3956352793195674,6.918724824541988,-1.1391813886910405,Medium
-1.036597107150265,-0.9922812706259764,-1.7063752918629072,Low
0.9734509618646531,-1.0866441709379884,0.4311864208583029,Medium
-1.4215380109329043,-1.489725656229859,-0.12748556521796373,Low
-0.5120150966184447,-0.11217536478803644,0.07860677761468554,Low
-0.1290671664603327,7.187771463619322,0.2027390785852221,Low
-1.7006353230023772,-1.1817572284725835,0.4643236218824746,Low
2.8947852848907427,-1.2602040332652515,1.1594141333247394,Medium
-0.5815592171768469,-1.5199547478674686,-1.1328148485067036,Low
0.39390896886486493,-0.6227391706227022,-1.0094262550943056,Low
-1.7286843195145984,2.742955111180702,-0.548002765103999,Low
-1.224840085387936,7.858945252204277,0.7560194917087145,Low
0.6219228702717597,2.439544544490784,1.6957121064150524,Medium
0.5250855397281176,0.5567158726736852,0.10291797972594686,Low
-1.7506176602034589,-0.10393685217957364,-0.5653731833911965,Low
1.0359293989505418,-0.3378680359938066,0.8158594318943375,Medium
-0.19942322174201058,-0.01618006176775044,0.07490119396378227,Low
9.783533374766744,-0.12527659866652513,-0.42681466192586337,High
6.58785586622035,-1.3095546055602316,-3.2397627836036658,High
-0.464122248112085,0.3983345942775908,-4.8393724580861495,Low
-0.26888026839790813,-1.6775681237764437,-1.8164442859377061,Low
-1.107777012197372,0.06940129726539185,-0.40690962092048333,Low
-0.6375291570297688,1.4211270612469928,0.16284904156863755,Low
-1.4150461863977006,2.5543791135086584,0.6849829380530784,Low
-1.6218405744605335,-0.9271113620663447,0.9708256633385641,Low
4.888590059370416,-1.390444000616178,1.6703236862760185,Medium
9.623271642493835,3.095908944648348,-1.2294487254642554,High
-0.3210601588294673,0.22939761915745063,-3.898904538544058,Medium
0.6442161363791722,-0.4308096138444105,-1.1276884393536024,Low
-1.5404464303109497,0.1388762093678313,0.22157947959997404,Low
-1.0779733731558088,-0.6245615296437703,0.7177915487164446,Low
-2.442988106596953,-0.7225040828001454,0.3298885780805021,Low
-1.0463793365966112,1.931813644676207,1.4227046717239156,Medium
-0.019170362181019633,-1.9812888642389137,1.0557043281944352,Medium
-0.8389335276878317,-1.2326257255829334,-0.34515328004840035,Low
-1.1780316148549441,-1.5371378240502414,-0.07943380371755505,Low
-0.5227778779474748,-0.6360144857512775,0.7435965075467551,Low
0.5712668071268217,-1.4941304013822703,0.34626228225397965,Medium
-1.9942651298999923,-0.986533974286982,-0.7534323818666953,Low
-0.7889864345089229,-1.455177208017124,0.9189355872161494,Low
-2.0325168242011644,-0.8912323509428933,1.8145125782109386,Low
-1.4271366397521188,-0.8149851676440025,1.599771715139481,Low
-2.0868826177789357,-1.5780138443995333,1.2035509452115432,Low
-1.0627955103114075,0.1573344871117998,1.6423953251040517,Low
-2.014176821490112,-0.26431733435905647,1.1703513484953003,Low
-2.2173856030425436,-1.398808801997034,1.6156150779147052,Low
-0.4440214319967974,0.2050646187515786,2.021380992118007,Low
-1.0235265473568498,10.873305660204197,0.5075792801022347,Low
0.8091383960104704,1.6124142459063915,0.8839181112817706,Medium
-1.9364819165794178,-2.0192633309203933,-0.2778287007697815,Low
0.3161873767635077,1.4177858277711146,0.3487830838827408,Medium
0.26319307908213924,-1.3813013105877179,-0.0994859741688613,Medium
-0.14428171296649295,-1.6629587423433172,-0.5804825417014235,Medium
-1.034367124900789,-0.8074841172610078,-0.21479652880797606,Medium
1.2080199296275618,-1.0608770377359154,0.49872731280819854,High
0.9194452634677862,-0.15534291290834856,-1.0143195493561137,High
-0.40385120486152987,0.4721961435132936,-2.004085033106936,Low
-0.7281120045984144,0.3758544702507865,-0.9161040833850319,Low
1.7626396371109485,-1.6880252773668116,0.4388040837748362,High
-1.3693018158593107,-0.7441129512910841,-0.7761988965464043,Low
-0.45102549050511026,-0.7919085843728357,0.020691258734023964,Low
1.2280820603016491,-0.8354252101440849,0.3248323233371469,Medium
0.9188680905904411,12.050787778360537,-1.359305270230194,Low
-2.5302924051201114,-1.5646220992819138,-0.3406351139017213,Low
-1.8418260494396528,3.8307925649878776,1.4414707968809308,Low
1.197635907990433,-0.5780541359893013,2.094504108540911,High
-0.5514127372954533,-0.927824067120733,0.08818254192934948,Medium
-1.130898624574584,-0.9979008151109029,-0.29909555328163645,Low
-1.0559068238488007,-0.39243128696823143,0.7376882374647732,Low
-1.5122161845612987,-0.5057936189158571,0.8671158637163925,Low
-1.2286790065953994,-0.4154213706645705,0.5624737808242615,Low
1.4096833197152883,-0.49402746968272815,0.9673841513254582,Medium
-1.7129073151351617,-1.08903910308422,-0.6867030703902878,Low
0.8585705013619528,1.4136621490877541,0.1780300559960987,Medium
-0.8027253618552357,1.1286048923736225,-0.7628832818156438,Low
0.07206672620054383,-1.4575996014989363,-0.09971021675223281,Medium
-1.6872402928195196,0.20793817794092045,-0.11859646080607317,Low
-1.7181905197151217,-1.5683511173443199,0.7646134359737152,Low
-0.8897710016032506,-0.2433114915158968,1.2907822991793405,High
-0.5960881498303666,-1.7006032728878235,0.3116148024865392,Low
0.8981185806016138,-1.634860796340104,0.05935297578093667,Medium
-0.9567703906730741,0.07687276269847514,-0.7141201343959885,Low
0.0033244556765876583,-1.258297917573893,0.021219858331252263,Medium
-2.433977040962189,0.29010996360706076,-0.17289487818741567,Low
0.5826598495311209,2.202085736867738,1.234602183822217,High
-2.004699074186029,-1.8043238223334526,-0.12676900905728217,Medium
1.5964039318551744,1.2538232608612605,0.5087451170017662,Medium
-2.4895351603363185,-0.6872032004381026,-0.8208791228739578,Low
-0.9709803172406241,-1.6879914439313617,0.5910297723806189,Medium
-0.5121145717760898,0.5418844482609962,1.3123236905355615,Medium
-1.854629717460376,0.05540158789198845,0.15313969824545234,Low
-1.2701935398894406,-0.673562900701527,1.1693227418756105,Low
10.387025128445933,2.9986505951508406,1.1336752780663715,High
1.6742581766192108,-0.8632604004859508,-3.1285194448810483,Medium
0.9709020752420702,7.787646339522208,-3.5135347867636364,Medium
-1.6356407262247326,-2.1379294213860622,-1.523815539769007,Low
-1.2302741836002744,-1.415631850083933,0.3787644393589491,Low
-0.34930863257697115,0.0905371321943398,0.9063787419369502,Low
-0.8258673002201876,-1.4099631710875493,0.5512713237774001,Low
-0.8420368573071526,-0.05369057475609028,0.281424440151546,Low
-1.2215227342399482,0.3094754045864401,0.6018940203336818,Low
6.472592098178751,-1.3138154574967584,0.936269655168019,High
-1.4410689603718685,-1.7749772775483885,-2.3389868369179756,Low
1.3316311419268654,-0.4046872928757357,-0.6270993106618679,Medium
-2.0699174338250077,-1.687526920017445,-0.9390752456500616,Low
-1.5631029596956307,0.7173534648586891,0.23028845381351776,Low
-1.4593144110051515,1.3828464962103117,0.866013431554974,Low
-2.3628486442578054,2.878157440751158,1.0680564378976483,Low
-1.6014184205993593,-2.147462446881492,2.0780821825463294,Low
-0.0679324417399646,0.07912557677469616,1.7858407744666154,Low
-1.9890146062428582,0.06515767224923291,0.18378171681982022,Low
-0.9909646037852092,2.4265763329424286,1.32619868895044,Low
-1.4086901924011213,0.043789376325794875,1.3747716809115078,Low
-1.330835702140704,-1.2263344763170858,0.7531728129804127,Low
-1.3308019534374869,-0.3352173969775773,1.1474889705821911,Low
-1.7958610867567117,0.0908399497428476,1.0601852988231963,Low
-2.18361038412297,0.39171545280667247,1.179748414806138,Low
-1.8031271570636365,1.9651486675877285,1.6732917724734409,Low
7.513934366061387,-2.3419442816277805,1.3509418651595437,High
-0.34685471984969946,4.354123960377609,-2.0975210286767805,Medium
-1.4129140074321331,-2.4593016519820283,-1.506266496622535,Low
13.667271669935788,5.184054809943445,0.40685566713068416,High
-1.9283354916946134,0.7371554035359772,-4.572435599449009,Low
0.37911112238970157,-0.5034891491219323,-1.9745639505762023,Low
1.3429062449684355,0.0031495492562901998,0.13638221818822546,Medium
-1.445528224918707,-1.9848241426921664,-1.3283552110252734,Low
-1.3627252437819402,-1.3732260316615748,-0.04595611747883456,Low
12.43329289184868,-2.295775026115392,2.08064063923583,High
-1.4608444748289016,-1.2852445155905112,-3.5362161575313595,Low
-0.5809770675269728,-0.15448507941028458,-2.2635123866351385,Low
-0.8734877019705594,-1.3055707862661572,0.5299294867174201,Low
-1.287791289615071,2.606949340174212,0.10676056646713931,Low
-0.202428499392484,-1.4608529721963543,0.4418527908907025,Low
-0.7348012160552444,0.6791114537169339,0.9460681274363956,Low
-1.5701878249227088,-0.5013605902895956,0.33053945610761676,Low
1.0345966836894702,-1.4739397053222354,1.312876654367587,High
0.06202877070617247,-1.4984199499330075,-0.2211336375427255,Medium
-1.1787612098477895,-0.6919827277780507,-0.7711018565623492,Low
-0.31475634216015425,1.0687467608372712,0.1692834605987102,Low
-0.49904063901070533,-0.40744292650682945,0.31587687696768224,Low
-2.5272448478517036,-1.2381743759779167,0.2113655497845611,Low
-1.206325079331332,1.3405214975074544,1.0547580791803866,Medium
0.18094604705040337,-2.135081890816885,1.2914312606938754,Medium
-0.5337927953444065,0.7051959368650519,-0.1429891469686875,Low
-0.6129245363172151,-1.1666491127370493,-0.0025496245345455414,Medium
-0.413741944252632,1.1486306041640857,0.11221696911174127,Low
-2.334083123757298,1.7398253180283012,-0.22087469287811062,Low
-0.5637025910828085,-0.09156279861321161,1.488783976944388,Medium
2.697663229237222,-0.6868852262745657,1.9384742380028075,High
-0.9906698655701882,-1.5066263952019214,-1.2159972885338268,Low
-0.34860672129047443,0.7028115459599308,-0.27138137570294907,Low
-1.3513232345572324,-0.7298034777240869,0.8284476935387228,Low
-1.762297510975617,-1.4797253407328035,0.790319080841865,Low
-1.525947795165346,0.5015687206486564,1.0618370604184726,Low
-1.5930948712962423,-1.3353024166708471,1.150674559508292,Medium
-0.16768043565048776,-1.0274653519917245,1.1822922676202985,Low
0.9416958695842085,2.1714799866504957,0.1751803215092746,Medium
-2.1718362897316883,-1.3333922938695522,-0.8062920884484995,Low
-0.8873634531662055,-0.756717023079109,1.130715029240878,Low
10.863460816982197,-0.001829958347734531,1.2981608804395228,High
-0.7869076536453838,1.408304558776003,-3.6438428074364704,Low
-0.6766773395226392,-2.2645320642869744,-1.644306583489724,Medium
-0.3199928986221916,0.7247947006132094,0.30786213462749495,Low
-0.3185270750408355,0.5604494278624251,0.014471752888952718,Medium
-2.317815284193245,-1.631783490301155,-0.3711499507529495,Low
0.594816302368908,0.1231662876320796,1.7989764486654014,Low
-0.7932099535223295,-0.5015171595471227,0.5974855160176441,Low
-0.6913251546072583,1.260770555943657,0.02630067878234873,Low
-1.301473390371148,2.134626165842515,0.22346658635865418,Low
-1.1004701583976864,-1.87914813946643,1.4476280193257982,High
-0.8539677742387646,2.008840598838258,0.9409332520059055,Low
-0.7787788702974698,0.2805969350065782,0.3186045413895027,Low
0.003790029133471686,-1.6538694351713976,0.7564996136523241,High
-1.333406815817943,0.35998098940859985,-0.12975925066375288,Medium
-1.580877459467439,-1.6871580907474275,0.5275252680426843,Low
-1.5172082884464801,3.0023930393515514,1.0473291932099595,Low
7.256677484539225,-1.229535874470207,1.0182786287046341,High
2.046705313476282,-0.0885773439207899,-2.381699377168603,Medium
0.06773885705615912,0.0017293966446415157,-3.3027852697738487,Medium
-0.40728263949907145,-0.6875556407934875,-1.1270184576085542,Medium
-0.3442598987115248,1.9717361512476639,-0.1645241733485344,Low
1.109486901256358,-0.6401789766476005,-0.15654324313371132,High
-1.957919106183519,1.2746374552263993,-1.0954920598444304,Low
-0.7201404575696362,-0.49791542606233,0.6670071907326472,Low
-1.8844351849368646,-1.2004640758266667,1.1671980569346991,Low
-1.3704724467771672,2.874294096956692,1.0589377846479622,Low
0.7352334386942029,-0.010714968210695631,1.3778450731644822,Low
-1.1632049452364543,0.06282889448816743,-0.2553744533655483,Low
0.8946819923145414,5.738415746536545,-0.08301397393761424,Medium
-1.822231781890965,-2.755330579360715,-0.4036415744379042,Medium
-0.49316267208234216,-0.4227154608107709,0.4526765309013062,Medium
0.6182024108800995,-0.8524392139075836,0.27833512538219496,Low
9.52171989991481,-0.5162920086435259,-0.9369402410085849,High
-1.0846485416472211,0.679461578548863,-3.5292508001977323,Low
-0.8444509950370376,3.3851240880634603,-1.5831944426030762,Low
-0.43290340250710074,-1.45328629693813,0.48995429382438366,Low
-1.9689401082722617,0.6799383990478819,-0.48168135278444985,Low
-0.4069135690569417,2.7010601814448743,0.6678256492558872,Medium
-1.5101913768140953,0.1579426112198873,0.9445167971609343,Low
-1.4173124681180749,-1.123866872795724,0.5170554754338197,Low
-0.38255978848282673,-0.49022042216730294,1.4161269737734263,High
0.13545389451782133,5.154386418695309,0.20984494262730619,Low
-0.7116250303500041,6.085098929634393,-0.36884137089186164,Low
0.7665801146698957,-0.8896365058057873,0.5476318449322667,Medium
12.302835341647969,1.4312033163622175,-0.4488090160665946,High
0.5332997052427546,-2.010772851482811,-4.348120748689934,Low
-0.5276940784557198,-0.9609068694097282,-2.778596707479885,Low
0.49246789456476164,5.288809610564587,-0.15290890999268694,Low
-0.17396320374990598,-2.3982707837215256,-0.20538761371053907,Medium
-1.3412820864605628,-0.8651042747085804,-0.7454321684611319,Low
-1.396078649420999,-0.5414070935153036,0.49003357779165907,Low
-0.6057197780447361,-0.10375567747771618,0.7577283831889242,Low
-2.2339434848486444,-0.4258054459705344,0.255014713464279,Low
-1.3216300163375254,-1.1211094050519628,1.0012325163689206,Low
9.932197488912957,2.4324940927905803,1.2519817512195812,High
-1.2148815237692918,1.6989310292300548,-3.1080031751995976,Low
-1.3745859142245884,-1.5052746666710533,-1.342807074502448,Low
-1.5869628430801852,-0.5947987062215795,1.2905020082593155,Low
11.022942083509395,0.21598471083469575,1.233199772592052,High
0.5055768893117568,-0.2642506474020167,-4.326649024799627,Medium
0.1652559635419101,-1.47669523921646,-2.6388848036492494,High
-1.5115812182312867,-0.9957271930944677,-0.7880453459385486,Low
-1.5074258458379857,-0.7388975548169141,0.9253695105816128,Low
0.020948558056599655,-1.3759436883058458,1.2389673542217137,Medium
-0.5834957177215999,-0.2186690309128485,0.3947599700784388,Low
0.7846598378962636,0.24362126301051623,0.09297156097766555,Medium
-1.7903163287978399,0.9457177321595365,-0.6524925361412731,Low
0.9523575024431167,1.1834477646247967,0.36430604453300663,High
0.09005584514834825,-1.3313958392111396,-0.6586993162766066,High
-1.9200521992193906,0.8148504875155269,-1.205588355833941,Low
-1.27927090215076,-1.68432095400916,1.0095102794879984,Low
-1.9295670752205507,-0.049111126006023596,1.0048971463986502,Low
0.4300739786174937,0.9013991774160476,0.9494188522072269,Low
-0.29938459911859094,0.21749991275113556,0.3177677877167921,Low
-0.721303567340991,-0.7411745070369324,-0.339905263832144,Low
0.054914706471694615,0.08178939354041209,0.060385967716564314,Medium
0.6875980402946581,0.34602471278570635,-0.27853019691518754,Medium
-0.541403931402766,-0.6610946811402462,-0.864024900024224,Low
-0.2182994014188337,1.057126452174918,-0.02003304636365395,Low
0.17817495026423155,6.154291634293314,0.15776315983920858,Medium
-0.18949379514540965,-0.4760898973412319,-0.49981116260603264,Low
1.1385969335554014,-0.573792927793808,-0.5557160692130794,Medium
-1.9315242144910298,-1.5802403510924916,-0.7966065596563255,Low
-0.31558224283044606,-0.661542422336979,0.6326928449658606,Low
-0.43153620212123117,0.055405599125023415,0.6297801980142026,Medium
-0.551667329106494,1.2961598333634379,-0.20431545582890828,Low
-1.8809707432100795,-0.855128414281371,-0.2682850300409249,Low
0.18102711003031705,4.178806786410214,0.8201489059452236,Low
-1.8293923827695842,-1.6650616233264823,0.3045041312280147,Low
-1.4936091070109105,0.494989969438415,0.4818134596725417,Low
-1.886233265956352,-0.7054175176486457,1.0213507634528391,Low
-1.1452292421239991,-0.9727616398294958,1.1620454319200937,Low
12.497736612811137,0.6439420345678367,1.182670756732342,High
-1.0789864823721445,-1.3769683654864526,-3.988858872704809,Medium
-1.125512463997593,-1.2923188329878244,-2.125046945003077,Low
-0.9858872196016086,-0.3150224524613361,0.2978947389631856,Low
-1.328193408697113,-0.20263369781420823,0.08017710735045998,Low
1.1869748581261292,1.491027819491274,0.24371545028509012,Medium
-1.1789122065645872,5.335215898166064,-0.7866803991903529,Low
-2.0754507058041414,-2.2270457910953967,0.03989993749664597,Low
-1.2369068259770095,0.24470684754088262,1.3574057154992567,Low
-1.7489969631344866,0.8265534762743587,1.2238927467470806,Low
-1.1135223231100428,4.178814661309647,1.0955828529221492,Low
0.10441987796985258,1.977855806056948,1.280298190778172,Medium
-0.7392519612076518,0.3008583786360421,0.16081220874910596,Low
11.6934411869851,-0.7735405441532287,0.17212163676432135,High
-0.8344663123557495,-1.476815885702994,-4.042280837334658,Low
-1.532784967186228,-0.8993488965004012,-2.3284636094652886,Low
-0.1572231043046945,-0.12504043372682486,1.3885829313677232,Low
-1.8645997342431022,0.36731773691870356,0.4822669221185421,Low
-0.6259736310411254,-0.0053069304214863194,0.5710506208200729,Low
0.7634626292732681,-0.07360160705369743,0.9193011689599769,Medium
-0.41834578238107106,-1.1791226617964554,-0.24118500951333938,Medium
10.883360279905558,-0.3676033163528141,0.03406072197722209,High
-0.8469828121534908,-1.579046881939061,-3.9391182459927676,Low
1.3533584486751795,-1.6051780018012372,-1.996862862110473,Medium
12.462585610606968,-2.0438970793760447,-0.567097668926995,High
0.7144602682168297,1.9524581396200287,-5.290357116985452,Low
-1.0833288116855517,-2.149761447206071,-3.383738136614128,Low
-1.3145383367358323,0.8433047671675743,0.6109106223842088,Low
-1.4332861634800331,-1.5946803934909015,1.1981460783881461,Low
-1.212019525303981,-0.5766847852113537,0.6998772036752702,Low
0.2104525577685609,2.791929131170816,0.8774011661488174,Low
-0.7531512313057476,-0.9586105862339969,0.3047140579984562,Low
0.38598410300361036,-1.0030495957049976,0.6072825021504479,Low
-1.7640695698150488,-0.6639338740421769,-0.08865111035100189,Low
1.2210852369343912,3.195093360276225,0.516941647072569,Medium
-1.616914986177808,-1.1735594657850283,-0.4494175014554694,Medium
-0.5836089583233186,0.5338702553554915,0.44979515549255533,Low
-0.11441842258414424,-0.7937106811291667,0.7453009041179671,Low
-1.664644625992686,-0.7097916016587977,-0.039161693465680956,Low
-1.5951220050079569,-1.0548954307112517,0.607775343570443,Low
-0.5527679815198657,0.7224610495784293,1.3145350159242173,Low
-0.869935223225267,0.691936169116091,0.6486501011471696,Low
-0.7085966589195344,-1.3218576279276264,0.5160534103362655,Medium
-0.693171791540312,1.0252291107066043,1.3794251098089012,Low
9.632168790779344,1.4077086666364311,1.7957659415496794,High
-0.5445859079880204,2.693634481252349,-2.893963535064299,Medium
-1.3345956023493786,-1.9453581993525075,-1.983114396568766,Low
-2.202856987133348,-1.0031971949968836,0.5581031317445209,Low
0.3261628123907506,1.670877476655866,1.660753726064076,Low
8.181233417797854,-2.0543329313893786,0.2616079513732727,High
1.3299509786792294,-1.5332556301570572,-3.013709022701594,Medium
-1.0318726045415219,1.4225668412608572,-3.2163052302525594,Low
-1.0423965151711925,-1.4095588797489533,-0.3726723539713133,Medium
-0.2558748596870636,-0.9109596771783933,0.39908133160398773,Low
-0.5591032246727792,-0.3191714373956181,-0.0852815715150286,Low
11.052389335765437,1.866010782896692,-0.4417289148308029,High
-0.3376526948995047,-1.719598494805652,-4.167700591875591,Medium
0.07218997593442983,2.54205396469515,-2.3705872581510596,Low
-0.5704241402301915,-0.6835964027007821,-0.2576911458090239,Low
-2.1575810981786536,-0.6236162876734861,-0.3472702267713469,Low
-2.0715863749541765,-1.0259614359696858,0.6856265847340762,Low
0.5824391634119118,-0.7536843357113572,2.068153627038584,Low
0.3640431209381064,0.09621528351488288,0.3225669497931416,Medium
-0.4232635127358665,-0.7600132958048776,-0.7570578383427484,Low
0.15253742281379648,2.301543743528221,-0.1904718214119209,Low
-0.26376613665970994,-1.0196623286887272,0.25714786227792613,Low
-1.125130252541513,-0.32636332194829937,-0.34050953259315864,Low
-1.7203885704736217,-0.5547578518293241,0.4084976196122077,Low
0.716670312626166,0.979994811733156,0.8292718025452023,Medium
0.3562096689383265,-0.9501680099569356,-0.3583088152140598,Medium
-1.2599977857112241,-1.081650121152997,-1.260964506750521,Low
-0.8750227687320151,1.4074872814943558,0.16304265861014972,Low
-1.854960307332765,-0.48618988246873324,0.8288387799455009,Low
-0.3008749411555554,-0.8497369020655183,0.9687012217419118,Low
8.475195080234293,-0.08982283189035184,0.5741312825170884,High
-0.49300748660655075,0.5966416672059622,-2.3502499910463057,Low
-0.7971672305825732,-1.3642567810813122,-1.3602751247265041,Low
0.830518601083507,-1.7436594578526203,0.12563965593594803,Medium
1.090497685741612,0.833947597685551,-0.8499423712538434,Medium
2.772267354494752,-1.8585840503367992,-1.0478325622266376,High
0.6760649977342149,-0.11962297089627857,-1.9827042354216469,Medium
11.234431665072435,-2.774902559247059,-0.8162751723452317,High
-1.8357172616656574,-0.7695775667099611,-4.3352721688837095,Low
-0.7534973930033796,-1.428341700666845,-1.13739819653933,Low
-1.598050903469487,-0.1145776605369176,0.6965180559216032,Low
-1.978644596864054,-0.27210818208231263,0.376444939154571,Low
-0.9479341341851288,-1.4792930409287528,1.2329217926564042,Low
-1.284351692383886,-0.8568847951499536,1.4503494248404298,Medium
-0.97578565426283,3.170983795862207,0.54473224822103,Medium
0.1442734343335412,-1.0268977767322809,1.0572984651207626,Medium
-0.9966870224225808,0.38120700420229436,-0.2849769203627073,Low
-1.0069277358006192,2.1763582872365235,0.40016311931365334,Low
-2.007967242721556,3.831414981130019,1.0580013510473896,Low
-0.8346412152340394,1.2353721335963808,1.8276064720723095,Low
-1.4834049243117193,-1.2135219490928455,1.4449077210927934,Low
-0.41669476633564634,4.003034929882483,0.7716292113447418,Low
0.711656377984434,0.5085423253546806,0.30605538284002637,Medium
0.31387275020446226,0.6858861529129402,-0.6373791739222213,Medium
0.3807465166202446,-2.132453294942396,-0.37427166793372457,Medium
-0.9991905679492793,4.510811742878813,-0.6795091755644694,Low
-0.19325805447268574,0.7352923161861208,0.20531291927665443,Medium
-1.6375452924925025,0.882827103720626,0.1630799365750146,Low
-1.597736525643754,-1.6281101145992096,1.1424252349768491,Low
-0.46166724315690977,-0.8607202334699218,1.2689907693280038,Low
-0.6325351075542746,3.9896672472436623,0.11556001641691309,Low
-1.748573716179222,-0.9876955527415096,0.29313556954142617,Low
-1.5065957557708294,-0.6985933588166567,1.063245055008893,Low
-0.7290046080614004,1.5811257557742968,1.076328206625633,Low
-0.9966594580726901,-1.7705237667188118,0.9844642819182969,Medium
-0.996974892381999,-0.430119645950307,0.2761477300276613,Low
-1.579883135636705,-0.9612430926940598,0.2653080009071749,Low
-1.1019915370506874,-0.4500414836149623,1.1626466986779302,Low
-1.3193937288807247,-1.2980156097167714,0.6568680439007113,Low
-0.1688666636065322,-1.3083723308828703,1.132197009936901,High
-1.5159097617430832,-1.1933397665390741,0.07588654371471697,Low
1.119820903742001,0.16446763026990924,0.5304704430984942,Low
-0.12692037241410617,3.7287657563430305,-0.32621121318660823,Low
-0.3168342312594424,-1.6116959797197443,-0.3760872453927657,Low
1.3880696628437323,-1.307138847951559,0.608455639608523,High
-3.0173216815717994,-1.3925178501328703,-0.38688454700203717,Low
7.886351250532167,1.476890837547848,1.1851667910918116,High
-0.17565813922477785,4.262973253793318,-2.2829223198597948,Medium
0.44112614862669075,-1.4583347500606503,-1.773382559926546,Low
-1.0072892015864436,-0.9934546241483105,-0.5293909356169283,Low
-0.9286604223483429,0.4166355048501722,0.125838872028809,Low
-1.6548468872250444,1.2282266477358559,0.17117030715585,Low
0.5428375706688782,-1.0990537290784215,0.9970873403629824,Low
-2.411960912022072,-0.1520677636124969,-0.01842964214347463,Low
-1.0175732144696992,0.616916139381571,1.1339532703674056,Low
-1.7906077203669948,2.7465868773357576,0.8646874899923078,Low
-1.6070108221901813,-1.7431625612516521,1.1803182078688674,Low
-1.207385320925894,8.7195401362593,0.4997631673510092,Low
-1.0164583755842422,-2.008885411399868,1.5857239691027103,Low
-1.896704155569313,0.5540674246294446,0.7896799525657192,Low
-0.9297486214225174,-0.21018604191074647,1.0511221329446205,Low
-0.17488184841517415,-0.5689815039633674,0.8883903528061902,Low
-1.568334002484032,0.5002844053991093,0.04859563058016761,Low
-1.5807165821363554,-0.9455774958443314,0.8135267856883173,Low
0.05577888886599331,-1.3910144415688648,1.232917460737056,Low
-1.971894523931971,-0.4577045093631639,0.2034463407093297,Low
-1.7193866245738867,-0.5965014174658451,0.929699445762869,Low
-0.7147417797473257,-1.0913674849604218,1.2712212185508724,Low
-1.5430276682881836,3.8399243661418434,0.09941475782492024,Low
5.561893468131911,-1.9519350005625948,0.7637807086704178,High
-0.8573104596118466,-0.11331674196056465,-2.2305179191567865,Low
-1.4861734512179625,-1.2839442985239804,-0.7974200151889639,Low
-0.48779308260658777,0.2409040809745321,1.0688632417926698,Medium
-0.7550230645997488,-1.0599799444575015,0.36269420622734305,Low
-2.3810055293792534,-0.46439263985521706,-0.29390614376508595,Low
3.2947992837452333,-0.8899991669513151,1.580714619651439,Medium
-0.8279402457173324,-1.3998579272209497,-0.36160836216861064,Low
0.274622713256624,1.0085446413640888,-0.6938019131587577,Low
-1.305634094899785,0.17407095448407411,-0.3753978694939709,Low
-0.8458624743467723,-1.1579018471864049,0.18238728366145912,Low
-0.9180927814613273,-1.392004428448506,0.7794397791841892,Low
-2.00784048602657,1.0955000244642688,0.29801332980511375,Low
-0.8954689285185239,-1.8615209164668647,1.4494361748612,Low
0.1888207792108638,0.618298125103604,1.2077824411553695,Low
-1.7830885352344024,-0.4333815679194752,-0.23209671720668765,Low
-1.7261184567365764,-0.7352784169647381,0.945547821996572,Low
-1.1888963143696254,0.26742728623760204,1.0979007246288255,Medium
0.5238792035535447,2.8707829820976265,1.004785464060663,Low
0.5025693950718487,-1.2441064331475669,0.36283840086836505,High
-2.1111717183412915,-0.6011761309929394,-1.111133517979462,Low
-1.52321139370815,-0.6047758317650935,0.5211712196785114,Low
1.859323876152655,3.2252892139086122,1.5832572151099122,High
-0.2465533674643832,0.6246674909781782,-0.5226878501000887,Low
-0.0067692197433998555,-1.2794461281568192,-0.5182232151094739,Low
2.8123478356075635,-1.1063195983583665,0.052272173879169236,Medium
0.2578324930634842,-1.456847400247797,-1.8201949744074437,Medium
-1.5931558473428151,-1.068720232544037,-1.3702341510709777,Low
-1.910687312979121,-1.17097925916507,0.37900384660274183,Medium
-0.24657231944024047,0.4507536584384399,1.4284552992972837,High
-1.645178456867738,-1.4848666531945018,0.09414024443756858,Low
-1.8472900726217512,-0.5230182078589831,0.47522803331174696,Low
-1.8645643656508508,0.5347018733069493,1.600990242242751,Low
-1.6274285845481415,-0.7781361887415008,1.3669600463168556,Low
-1.1033958147530452,-1.600025741853173,1.3057977782729686,Low
-1.9260716582542041,-1.2136445948539076,1.3505511584213818,Low
-1.8978384203130176,-0.9599478956488673,2.212717827269601,Low
-1.7123558871354303,1.557574410572491,1.7586030319086874,Low
-2.2265778848080946,-0.16993134769036988,1.2909536094789293,Low
-0.9884607975951086,-1.4618213771382806,2.00824959232125,Low
-2.441942548985973,-0.7239107140834306,0.8528363403817144,Low
-1.7575779066057786,-0.9326910338599584,1.3644580278285798,Low
-0.4348283442961832,0.007513904936755426,1.427938774476563,High
-1.087713249878589,-0.5784569907568935,0.07616711792176274,Medium
-1.5064397641858827,-0.21419182537030199,0.5398270273210514,Low
2.127147227030113,-1.4493517234749054,1.2357723120635176,High
-1.6944207947469696,-1.0229423874496368,-1.0036402929579984,Low
0.8717073736987925,0.5342376124828138,-0.20354961172736535,High
-0.1035661388027529,2.138821988735786,-0.5529285298198167,Low
-0.10682649549217117,3.368395258174672,-0.5282154875709972,Low
-2.125581508679318,-2.136760560707524,-0.12237034810655695,Low
-1.2854928500662146,0.1569378853043981,1.1573097848911482,Low
6.82324042251398,0.33374083750255257,1.7786860273085525,High
-1.056438986497498,3.2119261882270265,-2.016898275969728,Low
-0.7910976886672094,0.7292899743533297,-0.8196891550271712,Low
-1.3853522690070017,0.2534985335101512,0.6356046042387048,Low
-1.4735959848139757,-1.7407979810333267,0.9437634386118716,Medium
0.6557704102879947,0.9234809332941623,1.2649028463010834,Low
-2.7125256977513956,-1.114857414786429,0.10250020404718072,Low
-0.08082244856649934,1.2780374610996286,1.2021643383054854,Low
1.4790155340353652,0.9875148031039618,0.5599839057906849,High
-1.2687751277109887,-1.342670864342523,-1.0830237555421665,Medium
7.49679713196757,-0.5094324910294494,-0.0033283908890077373,High
-1.5352138229582681,-1.620056675788351,-2.6961084855877386,Low
1.7724104948755577,-0.7270853385713393,-0.776101897275865,Medium
-0.9456683096069234,-0.6135456450838607,-1.230171540026144,Low
-0.6092252800573944,-1.2541308938276656,-0.9244341795965783,Low
1.4599369267261295,2.1970791966261043,-0.37688008684818086,Medium
0.10347471121099905,-2.176254397579001,-0.8504802280062136,High
-1.2590424781413951,0.431196397330846,-1.1203512650206244,Medium
0.20162525798205375,3.372910042366918,0.6489100649443925,Low
-1.824400857928763,2.032440261893929,0.06739690450909257,Medium
-0.2375401725256783,0.41069995403633286,0.7569060065708932,High
-2.2189342329201525,-1.5215190364675035,0.2621673859916946,Low
-0.33452521395864615,1.1587255579095692,0.9220292219252223,Low
-1.3208975362233206,-1.7692272700890253,0.6941972211592738,Medium
-1.256583280307392,3.2368412524346213,0.5231473048321373,Low
-0.3304076367317822,-0.5083415613308714,0.8800653347207987,Low
-1.7390041507035747,0.26707605053306,0.38670317392361125,Low
-1.052068871595177,-1.6194172888062774,1.2188804240505247,Low
-1.463477596510741,-0.24390861358719432,0.9357878836587912,Medium
8.240974139655467,0.6722416678614351,0.9353878652774106,High
2.2903862031899043,1.7637494816607202,-2.14259170082101,High
-2.000934180450524,-2.1544442477914,-3.2132023075319958,Low
-1.268304952431095,2.4458995262762047,0.18070732806649467,Low
-1.463733481535268,-2.1014355659326736,1.652633357399721,Low
0.475538721715218,0.3509623103962686,0.5830123381805582,High
-1.2697888733363853,-0.24759839066701753,-0.6389993372277578,Low
10.989790796469238,-2.4510503551562595,0.5721936578331012,High
-2.064695097939357,-1.3389723718632873,-3.3395358264608563,Low
-0.3465763183625951,0.2641923093755525,-0.9693642471837747,High
-1.7985848306281171,-0.7453112868793459,0.9767729813548476,Low
-0.8537466014011333,-1.3578369991969714,0.6046559315333118,Low
0.08008101164125203,0.765552633501716,-0.018998000278806104,Low
-0.7678997619604756,2.0803852512849415,0.28759167295346566,Low
-1.480977964323866,-0.0572407733694548,0.2651361656488349,Low
-1.5351966399280805,-1.296023494469028,0.6531430507723037,Low
-0.8877826484062172,-1.4909572946112088,1.011402083671059,High
-1.061064788037782,0.3049086330368164,0.47703757762264964,Low
-1.4583776352538782,-0.37341155847295443,0.7620899783183654,Low
-0.9177886736761898,0.3255322119203916,1.2057637445151803,Low
-2.42316448375014,1.208766682116983,0.5342172334859427,Low
-2.3013256475387003,-1.2230167677404529,1.4667135782389558,Low
-0.9271425494188659,-1.1440230741144177,2.4130205979887496,Low
-1.9584028114793206,3.6801024471003156,0.6252578211739455,Low
-0.5640114621665608,-1.026575127135653,1.4066664376097602,Low
3.274047660303657,-0.1970608531093437,1.2474986217300688,High
0.7133946171819366,3.932543362051672,-1.8156393426366768,Low
1.0846061003644685,0.7576563284777027,-1.3908060350734,High
-0.41615452737566394,-0.6908014629979516,-0.5125837967635822,Medium
-1.309601726522511,-1.4093903518638973,-0.4957656104502926,Medium
-0.3235512604329322,9.322162025569298,0.15442151137873822,Low
-1.2887315672172919,-1.1272835548312818,0.7060166505428678,Low
-0.6674807345357515,-0.7468132393732838,0.5134165216745423,Medium
-0.872789451025368,-0.32448583121486185,0.3024618711895912,Low
0.6696612789793164,-1.400446440473003,0.31628396712634915,Medium
7.785079027286358,1.7392707089847521,0.21297847614853788,High
-1.247983445303853,-0.9984030053277081,-2.86557030160692,Low
0.07818033270970903,1.753386260449309,-1.1011953416714702,Medium
-0.24920639888710464,0.56923660209116,-0.14947486634635546,Low
-0.5189567701118775,1.5187059745476577,-0.14956615169773116,Medium
1.1265128046940378,-0.2767793810977409,0.43719335108960383,Medium
12.374919669796336,1.5080453363732815,-0.4836954226122234,High
-0.6725576866002914,-1.5767728350564334,-5.363045993462187,Low
-0.3254527154745193,-1.4466609848080456,-2.5579642118905515,Low
-0.00944143497191973,2.0581531954953873,0.29815599148971544,Low
-1.6945368797050664,-1.083893885752322,-0.32071530206878796,Low
-0.21719436577727835,-1.600218909892911,0.46673180789153085,Low
-0.13603259533717535,-1.3702412707313343,0.6275818651265863,Medium
-0.22384288017191026,-0.7475181666199736,-0.08159687254448174,Low
0.5292439308071208,0.3642286223176987,0.43714900780403654,Medium
-0.14484605748065074,1.2283368447297844,0.04156135741957507,Low
0.11518154096511381,-1.1058940119834366,0.060089631932283935,Low
-0.8964845360845474,1.7358661974219423,-0.21654439214741894,Low
-2.0607213431896514,-1.289370939484491,0.4536321263606656,Low
-1.9885657268718855,1.0690511969609764,1.3611266293133195,Low
-1.8209470650668744,-0.6113944015281496,1.7634149590769732,Low
-0.46770725341960345,-0.007855246352225159,1.0927660083780264,Medium
-1.372591501117481,-0.9499995882670499,0.4544951341574282,Low
-1.069748211423625,-0.5189868379871354,0.6920160205363717,Low
-0.41574514532416895,1.2812347570849227,0.7960396793591222,Low
-2.069115077053053,-1.7626391458475068,0.7230544435449313,Low
0.4481161353525895,3.289135302667921,0.8388205048929159,Medium
-0.6329006319236817,-0.6535936317799338,0.518271460726092,Medium
-1.5126680954887908,-0.6657396525055402,-0.24837164167111686,Low
-1.2332253054230202,0.19657428560725573,0.9448113756658288,Low
-1.9441155489912578,-1.3635147752821308,1.1806310035049132,Low
-1.254133198306068,-0.2286923287947312,1.5018560087125838,Low
-0.7374518052087147,6.218165026832265,0.9595865486560978,Medium
-1.7169876203066787,-2.169417210526548,0.2519609589577991,Low
1.0309111920066854,0.6222758627644817,0.6212609569101674,Medium
-1.63728073212879,-0.7275027056908919,-0.45417670011265976,Low
-0.5887140026209169,0.5574568217954412,0.190528021514128,Low
-0.3561410738463858,-1.3461607284206045,0.535451001218607,Medium
-1.3068400227663126,-0.3219664781610389,-0.33055404126417803,Low
0.046492302422738566,6.729183367835177,0.12349991276162316,Medium
-0.3934086515395941,-2.2646771298869117,0.531910233343667,Low
0.3595854291020444,0.5218704481991652,-0.13240663124527105,High
-1.3592383376114425,-0.050020448358125545,-1.1799789879083784,Low
-2.3071509621123143,-0.6079545131583358,0.5143627020703914,Low
0.32690856124914913,0.33823907792028707,2.268410814514128,Low
-0.22107875419450257,-0.6140322762197016,0.6448974858651692,Low
-0.6857769042529113,-1.6614136119010947,-0.1781815669416102,Low
0.5338498271200306,2.5546241145929014,0.15940604715396553,Low
10.431716887450115,1.1004057746673195,-0.2777668770458919,High
-1.361986399695935,-1.7286768704101063,-4.1046004050464555,Low
10.255730519341112,-1.2836310110076854,-2.0810017440446416,High
0.46773113027233965,1.1973212697141373,-3.2790338276953483,Low
-0.30691431220566845,4.738409831652906,-2.8668850835713284,Low
9.614219138406535,2.6268033223634455,-0.8657447033188164,High
-1.4511142569516258,1.0028803107113813,-3.8583153550110723,Low
-0.8128722389757074,-1.8211402109168022,-1.8444645297988123,Low
11.083622625396258,2.778870438306043,0.299640263158534,High
-0.895433067073166,1.5379576235782877,-4.712398514050021,Low
-0.7002596685679416,-1.572150368461707,-2.852233210195861,Low
-1.8955828826212484,-0.9444168005334393,0.2736430694524653,Low
-0.8282090867862743,-0.38593335335066586,0.9611196949435997,Low
1.760106709023043,0.3461090363943102,0.1325683189402378,Medium
-0.5861857313908464,-1.5456537581729777,-1.1593222605489484,Medium
-0.2840569790025736,-1.1795993741452777,-0.010106015627854343,Low
-1.6854724647551957,-1.0640721555141006,0.629404146256427,Low
-1.4917179569220553,-0.34836488081447964,1.3158957349957312,Low
-1.746097129942343,-0.9913915112057033,1.0602767928957626,Low
-2.090873095522581,0.5652399657489879,1.0159866769564,Low
-1.492339793288796,0.7614217742876797,1.9952913180079206,Low
-1.7788751950797348,1.3821738363504361,1.3347655538339578,Low
-2.2238624481475204,1.6837929889086727,1.2162209161747217,Low
-0.48189740152600996,2.6911412345771475,1.9001186396771477,Low
-1.8873649571328253,-0.4822226248157814,1.1643562597359418,Low
10.442162279281717,-2.3055470024491926,1.4747505227063418,High
-1.5996562642038534,-0.574067569118988,-3.5352272631801585,Low
-1.0408132829620742,-1.3079383735203358,-1.2649247926489418,Low
0.08124840601088545,6.591954184602418,0.36308758114382933,Low
-1.7690078293013405,-2.0494606030536806,0.1518783281623687,Low
0.3292780394297239,0.8037718719516079,0.5392831231316526,Medium
-1.6548141433974362,0.9261807663943757,0.5777765999466883,Low
-1.451400735560025,2.5288389375801117,0.520364532446213,Medium
-1.5025744952993607,0.0053430500998939605,0.9330022922614073,Low
-1.7037261787279665,0.2530686116671931,1.0988443602416729,Low
-1.485665308701022,-0.427581237153452,1.1244965541091911,Low
0.05722245942575977,0.28881452889028786,1.3123621718200698,Low
-0.05310319248915116,-1.8893232763998398,0.10755687784371677,Medium
-1.0690243665342527,2.222208135094979,-0.4751007057473272,Low
-1.5293128169710966,-0.5455182706873334,0.5378563424853707,Low
-1.6118444353616554,-1.4400415678865288,1.5571250359748532,Low
-1.0876803287005832,3.0245930191184023,1.0452184195101422,Medium
-1.7000492735300046,-0.7600910939882215,0.8222116014481937,Low
-1.1779794900530065,1.485286800451648,0.845967170483895,Low
-0.5715059760078802,2.361398222057766,1.2419940237944551,Low
-1.600382874642165,1.5024735193495853,0.9138703210231608,Low
11.125478032325734,-2.3366332669106393,0.9468052462355712,High
-2.038439268407428,-1.185069193411654,-3.73278813876834,Low
-0.9387796966107459,1.585025899841014,-1.702479969396431,Low
-0.7828521323442358,2.3181695011767522,1.375916919596521,Low
-1.4249109369158264,-1.3396769291663342,0.42355301159291014,Medium
-0.7843926325834336,-0.7370309422535016,-0.0010253849459063759,Low
-1.4156347417050816,-1.171541966583497,1.031287182033072,Low
-1.9383045584937364,4.658995237658801,0.7556381733921481,Low
-2.055541090522859,-1.8129082527611244,1.6257779522033207,Low
-1.94386562794207,-1.1814508449012697,1.545004838226167,Low
-1.3779067304050134,0.7326547388104123,1.6987026505419252,Low
-1.0139262003956409,-1.4092421126325292,1.794139931771297,Low
-1.2165118598012623,3.198747668906082,0.8663406093675081,Low
-1.8063869940631916,-2.1008769592160426,0.9418500055532637,Low
-0.5793824765059732,-1.422612400362827,1.2277983395133367,Low
9.193110546096001,-0.6571350090405346,1.1949871605627085,High
-1.5069852863191313,-0.7389937758807711,-3.416883221648584,Medium
-0.5672650243391393,-1.4129616800945837,-1.1148712201346056,Low
-0.5283422179667349,-0.38535196010523987,1.0792373843896788,Medium
-1.7055670928621571,-1.002109616792905,-0.01821283529394843,Low
0.5530919519231325,1.8213238251988515,0.7494515859558245,Low
-1.8026019078836992,-1.9346661063820683,0.526861056664006,Medium
-1.9797111898303388,4.07657197014828,0.7018053370948176,Low
1.0675232453199694,-0.6726027931545234,1.6480536386176319,Medium
-0.24451135583088252,-1.4247556499138245,-0.6454921930044227,Low
-1.9117834402318374,-1.4954965928912916,-0.9682502371933674,Low
-0.4770622027992715,0.2839951580820793,1.0650404442827668,Low
10.201201082581955,-1.9499857183746097,0.7800639171562032,High
-1.4072720363408036,-0.8916258532203857,-3.6886874051411707,Low
0.7065616758120671,-1.39345182149484,-1.6098574681972757,Low
-0.69336592899644,0.5766284003241446,-0.3947122172015307,Low
-1.3774456883153778,-0.20780625354415003,-0.4967691843627854,Low
-1.1362437771966407,-1.6329605749323246,0.485310688940463,Medium
-2.332722788950534,-0.30597377127326447,0.9000441016627566,Low
-0.2002340628442118,0.3211510720871986,1.425240022716877,Medium
-2.2200008216927873,-1.5904098317826603,0.6502615078025556,Low
1.8705347537892851,2.3373255079077335,1.0728102426746242,Medium
0.3080926464326812,-0.6041604694008936,-0.5334037186238403,Medium
-1.0589204003320734,3.450924642333959,-1.6713420239889245,Low
0.22687820703579456,-2.4098540512281015,0.13242224979284084,High
0.912789248679834,6.315683673922952,-0.27661062288281946,Medium
-0.5234283997458233,-0.883354027241074,-0.7309113232313047,Medium
-1.8556105759924364,-0.3624238068120418,-0.08955730428362758,Low
-1.252627452693957,-0.2567525850335206,1.449858858193988,Low
-1.6678968429659748,-1.675733503956935,1.768286674047627,Low
-1.6784571793175702,3.825733997090477,1.2295922334239007,Low
-0.5223661559841933,-0.7163590611504259,1.2129002483422884,Low
-1.799199679105352,-1.3085810680498469,0.48577132929642436,Low
-0.5335351996674661,-1.409019802318818,0.6329802504878701,Low
0.8107201132228589,-1.6434851619308288,0.6092549878291648,Medium
-1.7202560681616705,0.21911390464534009,-0.4476073329739327,Low
-1.2596309509269736,-0.2150365391432469,0.34162539760691935,Medium
-2.085921312945178,-0.7075364498378532,1.2113965832374554,Low
0.6597531470959233,-1.3606392962630913,1.8463521450034268,Medium
-1.2419917464680215,-0.18084456480754776,0.22893616486285956,Low
-0.297989050910848,-0.40437865636312365,0.07913106996185854,Medium
1.2761061645049088,-1.9063540783543158,0.3888260792489854,High
-1.227933700448828,-0.9412431044190307,-0.9744409068799352,Low
10.72901306197395,-2.300510427278569,0.031167947629312458,High
0.9199639565756726,2.2369751572729357,-3.516515288608459,Medium
-0.45430475643875906,0.2804600152884292,-2.745124007936974,Low
-1.0347722273825246,5.612020259830722,-0.8505438516973038,Low
0.8713659044243917,-3.0705256871642352,0.8189740413710669,Medium
-1.4001871973982123,2.309598172281955,-0.3804065164969312,Low
-1.7774810985648914,-0.8666926463858478,0.20087919314207112,Low
-1.4196893824808163,-0.6228845166961414,1.411019203630424,Medium
-1.8175914766103376,-1.1285466879699562,1.3986631671204988,Low
0.02305490350469204,1.5254745361134465,1.1558764989491372,Low
-0.902162970947887,2.485307110267509,0.3403991936380828,Low
-1.106031348905585,-1.6064865532001575,0.47866208953742506,Low
-0.9100955314954787,-1.0583640506851262,0.5076718508483158,Low
-0.8995606361687766,0.6930000396777733,0.3646328651286817,Low
-1.0730547778023718,4.434516382943707,0.34590427729149775,Low
-1.744153540665529,0.4285358524574472,0.9664295433433552,Low
-2.202666426013204,-1.3151430485788127,1.0607562163315303,Low
0.060159502244896475,-0.5879096252038363,1.3827132147797838,Low
-2.2733177318942115,-0.9792125776982578,0.20828856081346006,Low
-0.7043355362277997,1.8748578706677228,1.1398805930625526,Low
-0.5146059457811365,0.5640731877364001,0.886679357484596,Medium
1.896277500899238,0.011607894578853365,0.7934467902555012,Medium
-1.3434195976804326,-1.4401218877411956,-1.1170396653980381,Low
11.168681744359233,3.014144767787643,-0.023913248482678777,High
-0.8556694705755363,-0.3723559087348292,-3.449258506594597,Low
2.539564735849725,4.257587480456983,-2.2589503660091204,Medium
-1.1451825082822933,-0.9209481895637528,-1.453147120944486,Low
-0.6279742485293632,0.7719353078046662,-0.06515257100040756,Low
0.36464529456852735,0.5142242866058073,0.45005223271732875,Medium
-1.729366845616306,-0.8974091960171161,-0.04748396333142564,Low
0.3657295832969598,4.038396516997169,0.6494804139766515,Medium
-1.1045281034252388,-2.321860908422987,0.4932261277442938,Low
1.3191421510816272,0.7785185984480477,-0.006859939194316318,High
-0.804788375215167,2.9763305859569105,-1.0720382000563924,Low
-1.0804143595127451,-1.5158362057188024,0.1754168467191133,Low
-1.1530537946131065,0.4602862246022266,1.2627936302390703,Low
0.27400948679502257,0.446059946640089,0.6261022474291825,Medium
-1.45732270138954,0.4167601746119567,-0.2662535105656563,Low
-0.5287483893388033,2.115035829043122,0.8460469168941275,Low
-2.1738122155632,-0.7243518911419514,0.4812909412227461,Low
-0.0031186284876695484,1.2487637404116527,1.112691150057883,High
-0.10140981722570994,-1.2579076704050012,0.8000707196778983,Medium
7.095682439625469,-1.5078268196130329,-0.01830666916142753,High
-1.969289937929486,-0.5390869869124805,-2.8966041244460623,Low
-1.4634860845296556,0.24712866664598787,-0.3444768767248652,Low
-1.35234572293268,-1.47231365219248,1.6372345054303572,Low
7.237105394913772,0.4819069522222605,1.378655346742573,High
-1.4870232292689296,-0.7140730089426469,-2.412161191230078,Low
-1.3056533894163422,1.1912447075319264,-1.0357595031866142,Low
-1.2337596874459789,-1.7523393966651493,1.239743993615637,Low
1.0709851961476777,0.2519356128708616,0.768168798618706,Medium
-1.6098045295267942,0.09269344775785164,-0.7727352011262029,Low
-1.6057333491184986,2.5000026129514965,0.018961832113170027,Low
-0.3847091291055839,0.2807970859814348,1.0974976313772649,Medium
-1.8397245480263635,1.1610221766977284,0.001104976097125675,Low
0.24511509902260428,2.3042287338773946,0.6146418483820644,Medium
-2.41124370669177,-0.2648880584990211,0.2701797180379837,Low
-2.1365026706097523,-1.0971797513386874,1.4743047543156795,Low
10.220324036531926,1.8767750009035378,1.7978816261006985,High
-2.8903584619191682,-0.18417940885182496,-3.589026502275883,Low
-1.5419969788088281,-1.1942389060405956,-0.7644850313458136,Low
-2.07398492063082,0.4806779219980008,1.5668780658608592,Low
0.8577502708444388,1.7527249846878203,1.42390783276146,High
-1.8122599292710893,3.9332094129934316,-0.9778511956967302,Low
-1.6660194572271734,2.13327112532279,1.0097552971539783,Low
-1.4814959890406405,-1.7519221933207938,2.1874698144716413,Low
1.1756801858572998,-0.9866584926494747,1.4124491939620873,High
-1.741487617199452,-1.4315985455702118,-0.8546371994958709,Medium
-0.04240745020091778,-0.5260194357532952,0.5606528588302149,Low
-1.231427105930075,2.8605495216528767,1.2103891178927195,Low
-1.5715018562197216,-0.9215645455265268,0.9520268366906773,Low
-1.0487716051685665,0.5670757778938837,0.8138451869429136,Low
0.01580589177067452,-0.2713961909288163,0.8779063664311711,Medium
-0.9130030720847477,0.3481232047104019,-0.04428943850203732,Medium
-1.8869547859168159,-1.6684171579709668,0.4276714471538225,Low
-0.01818361737286186,-0.7369710046627573,1.522152905743434,Low
-1.7342895577513249,-0.5771342117241944,0.3087555126892007,Low
-0.42543290081239177,-1.1311868389376354,0.9116312332248948,Medium
-0.5476311244780758,5.0669221309208785,0.3930801395197011,Low
-1.8290289998602094,0.4654909815862986,0.32471942538146686,Low
-1.5800682763426845,-0.650731387691259,1.2180839176064584,Low
-0.7532945984608661,0.17753050072144935,1.5615041739044964,Low
-0.39979687658302243,-1.0787311657219603,0.9454289918283022,Low
-0.352320331162935,1.3705229710185098,0.13363775013867066,Medium
0.43026321156915687,-1.803556903271548,0.15042447685536606,High
0.9314655889763338,0.7476586302884648,-0.4501221773232772,Medium
-0.4818007817852489,-0.7918972785780032,-0.9474774986363065,Low
0.005387462943581119,-1.704624950047624,-0.43288225412166126,High
-2.1590301666272116,-0.9039455046347409,-0.5647758500486324,Low
-1.5960938121490251,-0.43271823019960987,0.8018246603245228,Low
-1.8413814801047907,0.5521424440354951,1.1404073294301982,Low
-1.4068688573011676,-1.680123875407416,1.3990115320942509,Low
-0.9776379930591237,0.6156689639646301,1.1445912076477363,Low
-0.6773601938155727,1.3685814410847064,0.5054616191820666,Low
-0.27490717490590005,0.17710606981372473,0.3303425606378549,Low
0.2072711007617025,0.8528307006596565,0.10470287127926929,Medium
0.28306045882358233,-1.5978923988252702,-0.1840145883738894,Low
-1.4598604125183363,-0.2812183703161121,-0.646606425365694,Low
-1.5575923498985131,3.4375046896243315,0.6450291175631148,Low
-1.3341634940325107,-0.6174098217519403,1.496279174386786,Low
0.0710995833534131,-0.09609280994719152,1.0689179908764523,Medium
-1.850439867357389,0.7347802778423776,-0.20223490321624135,Low
-0.5364668964060013,-1.0779424274197549,1.1480288563187078,Medium
-1.0624954181702642,0.42376882953517836,0.7305163228175069,Low
-0.29492537072387864,2.485912713898892,0.3355586517771157,Low
-1.9515016798520788,-2.2006816738104877,0.3652620062540996,Low
10.2685711915303,2.1854834490972674,1.6506545375578214,High
-2.012289391033997,-1.4305774302928624,-3.438238659031446,Low
-0.45155382465238925,-0.4281431901300118,-1.1431622598050393,Low
-0.8437664637213234,1.7481971928890148,0.510960933018622,Medium
1.3580037250016201,1.8223546687564547,0.6036484979090287,High
-1.9480219946766464,1.1706257083795109,-1.2122077684341714,Low
-1.77420286524262,2.21857964917835,0.4403500697339403,Low
2.185961342211027,-1.0131761813409297,2.4950921717219776,Medium
-1.7244227326646564,0.2911984962234685,-0.9134730028247919,Medium
-0.6634632341258756,-0.9536789649836558,-0.4392619306271716,Medium
-1.9673395086833088,-0.9661833085624405,0.41404626157579705,Low
-1.1136631333105143,-0.4381641261265694,1.5413950786783908,Low
-1.9478397334428863,1.0957431980900028,1.1661998864150196,Low
-1.9611231332697097,-0.7705673128224537,1.1403949888433604,Low
1.1972811921452382,1.0111726416239073,2.1687403231906206,Medium
7.074073572267007,-0.16463750078014716,-0.41003733528133535,High
-1.0557118557204932,-1.9130172516164472,-3.442676215054199,High
-1.3156920722253402,-0.055818725706418805,-0.6498419053649347,Low
0.9440539317563675,-0.6476354690734122,1.1850801428129756,High
-1.131696756219028,-0.3846807424241831,-1.5074678669515829,Low
0.9816418376094141,0.882688911810148,-1.0587081947210675,High
9.807358058080824,-0.8003681485003051,-0.6483187064419415,High
-0.07352967210397435,0.29878128522377884,-4.182525615220965,Medium
-0.9973115612038084,0.1486560029131872,-2.1496363894376755,Low
-0.6066324745203253,-0.6052496469022278,0.5209788496102254,Low
-0.29382414918868893,-0.654272835077133,0.08350271659785752,Low
2.3241956106505124,-1.5592935276199895,-0.021046521287556554,Medium
-0.8918255642811864,-1.3716797594736996,-0.7970819021883602,Low
-0.12345146084232088,-1.2859755094628311,-0.3874094372209793,Medium
-0.09620700072709978,-0.4942372042770752,-0.32909653316201204,Low
-0.7761075835843976,-1.3914394583683516,-0.15611206889280185,Low
-0.5005235772472221,5.65781579754915,0.18119857055661498,Medium
-1.3215959439356948,-1.0178647762968593,0.6285423902458214,Medium
-2.3673849638625346,-0.04447100542063611,0.700919403942047,Low
0.8611718736954427,-1.2461899074059632,1.90157076285522,High
-0.36718018571747574,-0.3676647976015901,-0.2438500670222131,Medium
0.20114203886687712,-0.8049191320328506,-0.6640835131264599,Medium
11.003994132006675,0.5355293395449584,-0.7512269145491663,High
0.8120436983988187,-1.0378184986531747,-4.562043026899389,Medium
2.61511460876941,-0.5631882893569706,-3.351596188229973,Medium
0.8406961899784781,-0.6710543621101678,-2.3863884112994103,Medium
0.17644200392196788,1.011574726569655,-2.0305287899671223,Low
-1.2899448444703097,-1.6679603121208513,-1.2742951930023252,Low
-1.2903112472832952,1.3718977514282278,0.33371521655179054,Low
-1.1394355818247848,0.021023961262355506,1.2392814618772576,Low
-1.6945805272650727,0.1548610598871685,0.966229028411198,Low
-1.5512185815094448,-0.997565081077148,0.8744914682201372,Low
-1.0143018315163006,-0.598305046409654,0.8752346652421847,Medium
-2.171541379593512,-1.1425306354679443,0.7844879129768739,Low
-1.8099175658460502,1.3032832613312466,1.8713164607783976,Low
-1.928601776384256,-0.7159271986230973,1.8848788807462369,Low
-0.19325205651413352,9.376457375582918,1.3088114067234373,Medium
0.6041117774288741,-2.2014514740632305,0.709135817249256,High
-0.8179592158986191,-1.3735492405839835,-0.7651144797156997,Low
0.052396620499039044,-0.6611846084230747,0.00026163427384319374,Low
-1.221019551009807,-1.5954044465522228,0.44947649344641577,Low
11.696913963481306,3.082604744528669,0.4050441429528938,High
-1.3505481457006028,0.9788813216902557,-4.0098323014509205,Low
-0.753565938430959,0.012398700482854071,-2.0100634755848183,Low
-0.8347577785985105,-0.4588206529204065,0.3701095550709675,Low
0.5336797434102818,-0.1879000060853378,0.530721316000296,Low
11.62683913275972,7.472601008120171,-1.1762271951027572,High
-0.2485739930096535,-2.7862846176371256,-3.725610878375345,Low
-1.1736443010357198,1.1604989190168824,-2.077502137559852,Low
-0.9005708592326521,-0.27282882281585086,0.29189586797630307,Low
9.144623618720018,5.356131703234933,0.22465662574167877,High
7.520660205494295,0.10868532931227255,-3.7919501191418563,High
-1.7085274125324024,6.563043759406154,-5.481669377399614,Low
-1.1304452327401058,-1.9651071204973274,-0.39682402214190216,Low
-0.4754213311476753,-0.9315754201167024,1.4586140929411,Low
2.8234839554234306,-0.09386785952508453,0.07584052040823874,Medium
0.19090825532028718,1.2044396168705251,-1.8014359685247547,Low
-0.6664298162768091,0.6857879636872172,-0.9789356113893891,Medium
-1.1432745420154957,-2.050503371422448,0.3322995775494343,Low
-2.0799798069008775,-0.5796255791757182,0.7081871211951882,Low
9.648092249964806,-1.5445156446748423,2.2607608666603816,High
6.972333729293405,1.3751181360549325,-3.6360141836115525,High
-0.2849940020741504,-1.7398213094972346,-5.194555602716172,Low
0.21521689990765283,-0.6272064881834606,-1.101864156026365,Low
-1.8301962017475173,-0.813384572718022,-0.4843934257661193,Low
-1.6855029033457614,-0.8537028530428132,0.22263998479550512,Low
-0.8046091745634264,2.725587326579556,1.2477898017937301,Medium
-1.5490069867955505,-1.6882063129436577,1.288539153073751,Low
-2.075415882738478,-1.1254741198491034,1.1832633326573512,Low
-1.505303753221302,-1.2127536102754075,1.0845357506269462,Low
-2.4555164050852403,-0.30583849919526235,0.7704670308097439,Low
1.3257306642203346,0.1344103494815202,1.9142908828788836,High
-1.2735780327822261,-1.0276995545109837,-0.29956286260631076,Low
-1.1722723655317866,0.10703351915580356,-0.26423572913524795,Low
-1.6059289662348935,-1.6926099223095858,0.8201914228547801,Low
-1.1498589998483784,2.3486817540552907,0.997779206622151,Low
-1.7550810145228384,0.936892529155498,0.6797262989706889,Low
11.066354362755398,6.3495578507814345,1.5072656669562166,High
-1.7593109709235226,2.4318471070173566,-3.2845809631573935,Low
-1.4329430147162663,-1.5480779018201651,-1.4330365989863825,Low
1.0542925015362277,-0.9125015090379751,1.2435855554151647,Medium
1.4290698052585549,0.4969377656310202,-0.4459742209855609,High
-0.2254958350006543,-1.9001198343197996,-1.7986920863309885,Low
0.44188698723846437,-1.4906004675807252,-0.06523941475351341,Medium
-1.078752007418257,-1.1964728129473068,-0.07026700455793283,Low
-0.5154722545600822,-0.3090490337591924,0.1816755855339389,Low
1.0877026625275776,-0.3122022656615091,0.25445402851200605,Medium
0.1786676893488495,-1.0134439439324014,-0.6828301958717049,Low
-1.5679498431012466,-1.5031067223673085,-0.690256135499944,Low
0.1478918556217422,1.5248919643345353,0.8527715646604619,Medium
-0.8437511904979889,-1.9676616690568023,0.4405213117194784,Medium
0.15043421333330084,3.8935386932500387,-0.04353733517041625,High
-0.5100455114775219,-2.508956524651277,-0.011697333051918411,Medium
-0.1265172125771252,0.08166873245774886,-0.046163412252584704,Low
0.8148777153115087,-1.1731453145078683,-0.10625417575718124,Medium
-0.46162671924391896,-1.5522110527244453,-0.6476928196650279,Low
-0.6493316266606889,-0.3619599381518902,-0.3442261254328343,Low
-1.3079017167519924,-0.6477044854476527,0.2632247086884795,Medium
0.7449152189230144,1.2939005653218474,0.6467420424731456,Medium
-1.7928610350376943,0.18546884295649654,-0.47641498152038053,Low
7.484794147347713,-1.9112165653521653,1.0537764562236194,High
-1.735531275073985,-1.3077477415358099,-2.8065258396897215,Low
-0.1907920417089924,-1.059690521923195,-1.0454231664797444,Low
-1.1082898561539258,-1.1302238591554523,0.6606318685039022,Low
4.761568041659232,-0.21068333374697976,0.5695420338664574,Medium
-1.2271131710510965,6.300363961906198,-2.191981125070949,Low
-1.6211179481274933,-1.7107540354518218,-0.41921412039486394,Low
-1.3040618729160358,1.3090221940514153,1.1346800259399998,Low
-1.2968905786251923,0.6697957609357112,1.028372890219204,Low
-1.66016098403255,0.6180432603628687,0.778534002916279,Low
-1.4014563925069994,-1.5925236845485269,1.61829216799917,Low
1.6445992179145683,0.8305735191770683,1.4063074934201254,High
9.296563220842833,1.7284879266929385,-1.0782611642216013,High
